distance_m,amplitude_dB
0.000000000000000000e+00,-1.553788921849666060e+01
1.624185722232144934e-05,-7.354324213976520142e+00
3.248371444464289869e-05,-6.854339729936643755e-01
4.872557166696435480e-05,9.643274665532866229e-15
6.496742888928579737e-05,-4.236808977279462596e+00
8.120928611160725349e-05,-1.082924413563469024e+01
9.745114333392870961e-05,-1.043849492669010814e+01
1.136930005562501522e-04,-8.639603615318080188e+00
1.299348577785715947e-04,-1.161836372581506538e+01
1.461767150008930509e-04,-8.860469669883551447e+00
1.624185722232145070e-04,-1.581971865528499777e+01
1.786604294455359631e-04,-1.341575262998354390e+01
1.949022866678574192e-04,-1.193127689493054078e+01
2.111441438901788482e-04,-2.317763679705046798e+01
2.273860011125003043e-04,-1.773101244402741727e+01
2.436278583348217605e-04,-1.467209173770452324e+01
2.598697155571431895e-04,-1.835139843360725820e+01
2.761115727794646456e-04,-1.633608472340810280e+01
2.923534300017861017e-04,-1.619783434125097088e+01
3.085952872241075578e-04,-1.085814361649682702e+01
3.248371444464290140e-04,-1.121074931734938041e+01
3.410790016687504701e-04,-1.521387748066975476e+01
3.573208588910719262e-04,-1.102711384653504112e+01
3.735627161133933823e-04,-1.042115538204759773e+01
3.898045733357148384e-04,-2.127520114858393541e+01
4.060464305580362946e-04,-1.314952094210848443e+01
4.222882877803576965e-04,-1.130442432411570408e+01
4.385301450026791526e-04,-1.817379665345256257e+01
4.547720022250006087e-04,-1.989051714250698666e+01
4.710138594473220648e-04,-1.364228621673316866e+01
4.872557166696435209e-04,-9.616435863004790363e+00
5.034975738919649771e-04,-1.926961728800744922e+01
5.197394311142863790e-04,-1.352811712564666813e+01
5.359812883366078893e-04,-9.098488027807485778e+00
5.522231455589292912e-04,-1.371831106578020609e+01
5.684650027812508015e-04,-1.795486293549114620e+01
5.847068600035722034e-04,-1.044115387076730883e+01
6.009487172258937138e-04,-1.447121150909279663e+01
6.171905744482151157e-04,-2.187974791507379280e+01
6.334324316705366260e-04,-1.686305395667608309e+01
6.496742888928580279e-04,-1.288479379390576440e+01
6.659161461151795382e-04,-4.820623429393691595e+01
6.821580033375009402e-04,-1.548414399581240630e+01
6.983998605598223421e-04,-1.741358085681411083e+01
7.146417177821438524e-04,-1.671093582194118099e+01
7.308835750044652543e-04,-1.905708076053372579e+01
7.471254322267867646e-04,-2.151285599347489352e+01
7.633672894491081665e-04,-1.671801145784864673e+01
7.796091466714296769e-04,-1.258329780227789740e+01
7.958510038937510788e-04,-1.772022466257595141e+01
8.120928611160725891e-04,-1.401593678497023987e+01
8.283347183383939910e-04,-2.204683545295462821e+01
8.445765755607153929e-04,-8.216172635644520383e+00
8.608184327830369032e-04,-9.858214684561227514e+00
8.770602900053583052e-04,-3.726416339776604136e+00
8.933021472276798155e-04,-3.781522869085720107e+00
9.095440044500012174e-04,-5.997727241356517247e+00
9.257858616723227277e-04,-4.064764202339481436e+00
9.420277188946441296e-04,-5.358848496810821871e+00
9.582695761169656400e-04,-9.302691755419791875e+00
9.745114333392870419e-04,-8.911693658075430235e+00
9.907532905616084438e-04,-7.411408873548034570e+00
1.006995147783929954e-03,-7.835957787966992605e+00
1.023237005006251464e-03,-1.165769973713817187e+01
1.039478862228572758e-03,-1.140975517499222747e+01
1.055720719450894268e-03,-1.193750086632982033e+01
1.071962576673215779e-03,-1.509553695945472462e+01
1.088204433895537289e-03,-2.444959542599439928e+01
1.104446291117858582e-03,-1.641757551162853801e+01
1.120688148340180093e-03,-1.747733322833608938e+01
1.136930005562501603e-03,-1.257389328576178045e+01
1.153171862784823113e-03,-9.863292200214564431e+00
1.169413720007144407e-03,-1.084802020236698361e+01
1.185655577229465917e-03,-8.711295064588696846e+00
1.201897434451787428e-03,-9.695603998620926589e+00
1.218139291674108721e-03,-1.297363671836999899e+01
1.234381148896430231e-03,-1.082838389746494911e+01
1.250623006118751742e-03,-9.473983474791324966e+00
1.266864863341073252e-03,-8.680612420972181553e+00
1.283106720563394545e-03,-8.039739561982162996e+00
1.299348577785716056e-03,-1.470244453709258181e+01
1.315590435008037566e-03,-1.707685402073062164e+01
1.331832292230359076e-03,-9.668895219789753526e+00
1.348074149452680370e-03,-1.165629918536707343e+01
1.364316006675001880e-03,-9.503590262422395796e+00
1.380557863897323391e-03,-1.399377160863395098e+01
1.396799721119644684e-03,-2.026926891161559041e+01
1.413041578341966194e-03,-3.763101347355217996e+01
1.429283435564287705e-03,-1.461708965473573585e+01
1.445525292786609215e-03,-1.353384532715669053e+01
1.461767150008930509e-03,-1.710074863968348424e+01
1.478009007231252019e-03,-2.852112627268289202e+01
1.494250864453573529e-03,-2.654009018150457422e+01
1.510492721675895040e-03,-1.908202385597340367e+01
1.526734578898216333e-03,-1.374841963200484329e+01
1.542976436120537843e-03,-1.488984086375419125e+01
1.559218293342859354e-03,-2.539850572016600339e+01
1.575460150565180647e-03,-1.754883183673198843e+01
1.591702007787502158e-03,-2.229290025113771634e+01
1.607943865009823668e-03,-1.928042245694045675e+01
1.624185722232145178e-03,-1.148300094036859775e+01
1.640427579454466472e-03,-1.492807511871186676e+01
1.656669436676787982e-03,-9.272195277189009488e+00
1.672911293899109492e-03,-7.776554873885984875e+00
1.689153151121430786e-03,-1.470020442708587538e+01
1.705395008343752296e-03,-1.202558459352027320e+01
1.721636865566073806e-03,-1.560541871455491680e+01
1.737878722788395317e-03,-2.286051510384858432e+01
1.754120580010716610e-03,-1.454709808774511615e+01
1.770362437233038121e-03,-1.312869576839761976e+01
1.786604294455359631e-03,-1.794838902597668095e+01
1.802846151677681141e-03,-1.614571892435952805e+01
1.819088008900002435e-03,-1.568966300010742643e+01
1.835329866122323945e-03,-1.318543520370362288e+01
1.851571723344645455e-03,-5.675507461511724472e+00
1.867813580566966749e-03,-9.147455028690002266e+00
1.884055437789288259e-03,-9.076430312053519245e+00
1.900297295011609770e-03,-7.001543174234086564e+00
1.916539152233931280e-03,-9.980873997276457743e+00
1.932781009456252573e-03,-1.886291413599171207e+01
1.949022866678574084e-03,-1.079085721962036892e+01
1.965264723900895377e-03,-2.029860097675278041e+01
1.981506581123216888e-03,-1.209220269781297930e+01
1.997748438345538398e-03,-9.625037439205435419e+00
2.013990295567859908e-03,-1.221123400035962447e+01
2.030232152790181419e-03,-1.306172117242347674e+01
2.046474010012502929e-03,-1.319659131321977341e+01
2.062715867234824439e-03,-1.078616686566670246e+01
2.078957724457145516e-03,-1.492979834928191352e+01
2.095199581679467026e-03,-1.281652158492110871e+01
2.111441438901788537e-03,-1.129179301063852492e+01
2.127683296124110047e-03,-1.878254183430137658e+01
2.143925153346431557e-03,-8.434640416433346388e+00
2.160167010568753067e-03,-1.278926940511129118e+01
2.176408867791074578e-03,-9.747632164955611245e+00
2.192650725013395654e-03,-7.102995719971969990e+00
2.208892582235717165e-03,-1.200409819749239304e+01
2.225134439458038675e-03,-1.256946526212342263e+01
2.241376296680360185e-03,-1.252521754783742658e+01
2.257618153902681696e-03,-2.349082819782469045e+01
2.273860011125003206e-03,-1.756251626968519730e+01
2.290101868347324716e-03,-1.770296599292921513e+01
2.306343725569646227e-03,-1.703696488879470650e+01
2.322585582791967303e-03,-9.612858809977547381e+00
2.338827440014288814e-03,-6.196691925202585161e+00
2.355069297236610324e-03,-8.787582471879339607e+00
2.371311154458931834e-03,-1.186865269643052123e+01
2.387553011681253345e-03,-1.040837513633714195e+01
2.403794868903574855e-03,-1.041850849231594012e+01
2.420036726125896365e-03,-1.146893059785752023e+01
2.436278583348217442e-03,-1.030852690141646200e+01
2.452520440570538952e-03,-1.358450567713417279e+01
2.468762297792860463e-03,-1.493366483413586110e+01
2.485004155015181973e-03,-1.596308277610322435e+01
2.501246012237503483e-03,-1.114418674990404057e+01
2.517487869459824994e-03,-9.495676024352576405e+00
2.533729726682146504e-03,-1.350288872965140108e+01
2.549971583904467581e-03,-8.658236396409439095e+00
2.566213441126789091e-03,-8.345420223973642138e+00
2.582455298349110601e-03,-8.372950146144857442e+00
2.598697155571432112e-03,-1.045714087945932746e+01
2.614939012793753622e-03,-9.363952431453693492e+00
2.631180870016075132e-03,-6.715218515618434303e+00
2.647422727238396643e-03,-7.178616880156731384e+00
2.663664584460718153e-03,-8.507157274366566213e+00
2.679906441683039230e-03,-1.141476361355667102e+01
2.696148298905360740e-03,-8.924570328486161941e+00
2.712390156127682250e-03,-5.102792330666428455e+00
2.728632013350003761e-03,-7.375121020312327857e+00
2.744873870572325271e-03,-1.063832414381112379e+01
2.761115727794646781e-03,-4.143121250105257225e+00
2.777357585016968292e-03,-3.702056096499939830e+00
2.793599442239289368e-03,-7.217097965202054155e+00
2.809841299461610879e-03,-1.448298196978442043e+01
2.826083156683932389e-03,-3.921264583374346024e+00
2.842325013906253899e-03,-4.524685703695817907e+00
2.858566871128575410e-03,-4.004204843403232239e+00
2.874808728350896920e-03,-3.449913162630356744e+00
2.891050585573218430e-03,-6.325751112393724007e+00
2.907292442795539507e-03,-1.035257368721181592e+01
2.923534300017861017e-03,-1.167920823855506285e+01
2.939776157240182528e-03,-1.608986461467726770e+01
2.956018014462504038e-03,-2.921110029082278459e+01
2.972259871684825548e-03,-1.290432819094891315e+01
2.988501728907147059e-03,-1.377692961463516141e+01
3.004743586129468569e-03,-1.730416249275064189e+01
3.020985443351790079e-03,-6.883208931200927694e+00
3.037227300574111156e-03,-5.130314517114334727e+00
3.053469157796432666e-03,-6.318257355392220553e+00
3.069711015018754176e-03,-7.521557162206652158e+00
3.085952872241075687e-03,-1.180063971006609691e+01
3.102194729463397197e-03,-1.176949047652477098e+01
3.118436586685718707e-03,-9.961262220956518476e+00
3.134678443908040218e-03,-1.425577203950101079e+01
3.150920301130361294e-03,-9.885730115022571596e+00
3.167162158352682805e-03,-5.580980914890369959e+00
3.183404015575004315e-03,-9.292893349236594602e+00
3.199645872797325825e-03,-1.966116944410179457e+01
3.215887730019647336e-03,-1.606823292107713996e+01
3.232129587241968846e-03,-1.764890603400118607e+01
3.248371444464290356e-03,-1.441750525167559616e+01
3.264613301686611433e-03,-1.391431996253080783e+01
3.280855158908932943e-03,-1.492510476322880031e+01
3.297097016131254454e-03,-1.224480473938186087e+01
3.313338873353575964e-03,-4.945536244359924893e+00
3.329580730575897474e-03,-4.120518232692059968e+00
3.345822587798218985e-03,-6.219252231394346353e+00
3.362064445020540495e-03,-5.009316096529959239e+00
3.378306302242861572e-03,-2.378250000555536925e+00
3.394548159465183082e-03,-3.742599166827158097e+00
3.410790016687504592e-03,-8.715357917142906530e+00
3.427031873909826103e-03,-9.922046717204439759e+00
3.443273731132147613e-03,-1.752734938855794766e+01
3.459515588354469123e-03,-1.524377509952476828e+01
3.475757445576790634e-03,-3.192073244530097043e+01
3.491999302799112144e-03,-1.327768953347067793e+01
3.508241160021433221e-03,-1.032407944119633925e+01
3.524483017243754731e-03,-9.448009949304713828e+00
3.540724874466076241e-03,-8.045424167728610243e+00
3.556966731688397752e-03,-9.431815887944095422e+00
3.573208588910719262e-03,-9.971344924442682611e+00
3.589450446133040772e-03,-9.520785858249308120e+00
3.605692303355362283e-03,-1.142042121402070798e+01
3.621934160577683359e-03,-1.382301141710949111e+01
3.638176017800004870e-03,-1.145332985374902357e+01
3.654417875022326380e-03,-9.311671583070275204e+00
3.670659732244647890e-03,-1.271512461349544942e+01
3.686901589466969401e-03,-1.615771692415265903e+01
3.703143446689290911e-03,-1.261684175324826640e+01
3.719385303911612421e-03,-1.442057519426935386e+01
3.735627161133933498e-03,-1.540946159111158309e+01
3.751869018356255008e-03,-1.010769861785044554e+01
3.768110875578576519e-03,-8.490561445054755296e+00
3.784352732800898029e-03,-7.930025390830389043e+00
3.800594590023219539e-03,-4.786103633939807978e+00
3.816836447245541050e-03,-2.011644036895365417e+00
3.833078304467862560e-03,-2.856781134044368731e+00
3.849320161690184070e-03,-9.992418005845596696e+00
3.865562018912505147e-03,-2.196433680278664013e+01
3.881803876134826657e-03,-1.676538902895477889e+01
3.898045733357148167e-03,-2.303247998490416393e+01
3.914287590579469678e-03,-2.875461814398508764e+01
3.930529447801790754e-03,-1.923711073927890070e+01
3.946771305024112698e-03,-2.232493024811294546e+01
3.963013162246433775e-03,-1.050446988803821036e+01
3.979255019468755719e-03,-7.674077440560270524e+00
3.995496876691076796e-03,-8.841451211390493725e+00
4.011738733913398740e-03,-1.161876283127842413e+01
4.027980591135719816e-03,-9.629486543088342287e+00
4.044222448358040893e-03,-5.802333929434782434e+00
4.060464305580362837e-03,-4.246324631715146403e+00
4.076706162802683914e-03,-5.822847782023391261e+00
4.092948020025005858e-03,-7.275282630363459901e+00
4.109189877247326934e-03,-9.719075687384572504e+00
4.125431734469648878e-03,-1.596294554841227331e+01
4.141673591691969955e-03,-1.545129871614117079e+01
4.157915448914291032e-03,-1.792796630704242133e+01
4.174157306136612976e-03,-2.723746891384152136e+01
4.190399163358934052e-03,-2.339608485941601757e+01
4.206641020581255996e-03,-1.757351301517587316e+01
4.222882877803577073e-03,-1.529713980678582530e+01
4.239124735025899017e-03,-1.709825929782749654e+01
4.255366592248220094e-03,-1.452857148911875385e+01
4.271608449470541170e-03,-1.421518752075085601e+01
4.287850306692863114e-03,-1.314874428583123844e+01
4.304092163915184191e-03,-1.281809166864323934e+01
4.320334021137506135e-03,-1.382202126974290124e+01
4.336575878359827212e-03,-1.749047870973263485e+01
4.352817735582149156e-03,-2.237471092295024633e+01
4.369059592804470232e-03,-1.830361485247156494e+01
4.385301450026791309e-03,-1.558648826207074833e+01
4.401543307249113253e-03,-1.772991616160015838e+01
4.417785164471434330e-03,-1.648737556304670093e+01
4.434027021693756274e-03,-2.059007210637741991e+01
4.450268878916077350e-03,-1.267697834876573459e+01
4.466510736138399294e-03,-1.058475529297599493e+01
4.482752593360720371e-03,-1.304984174985264644e+01
4.498994450583042315e-03,-1.574198103896612189e+01
4.515236307805363392e-03,-1.384230483544625301e+01
4.531478165027684468e-03,-1.421259084701360464e+01
4.547720022250006412e-03,-1.068431908288883747e+01
4.563961879472327489e-03,-1.065842842431873549e+01
4.580203736694649433e-03,-1.514129621548502236e+01
4.596445593916970510e-03,-2.382943056820306182e+01
4.612687451139292454e-03,-3.231507187614550958e+01
4.628929308361613530e-03,-2.288501199880684212e+01
4.645171165583934607e-03,-1.044963492920271797e+01
4.661413022806256551e-03,-6.034900713234393699e+00
4.677654880028577628e-03,-6.496232433580805044e+00
4.693896737250899572e-03,-1.219884351195519478e+01
4.710138594473220648e-03,-2.514011225239126190e+01
4.726380451695542592e-03,-1.831477887406240157e+01
4.742622308917863669e-03,-1.349180806953122413e+01
4.758864166140184745e-03,-1.432759794224955030e+01
4.775106023362506689e-03,-1.521697557781408960e+01
4.791347880584827766e-03,-1.659893673368707567e+01
4.807589737807149710e-03,-2.012266342805604680e+01
4.823831595029470787e-03,-2.366675043870219497e+01
4.840073452251792731e-03,-2.174038234422538807e+01
4.856315309474113807e-03,-2.973142642847090400e+01
4.872557166696434884e-03,-2.507185837046919374e+01
4.888799023918756828e-03,-3.532175203943170061e+01
4.905040881141077905e-03,-4.036081070359146139e+01
4.921282738363399849e-03,-1.827075689422097682e+01
4.937524595585720925e-03,-1.489378113946191462e+01
4.953766452808042869e-03,-2.036649268386032929e+01
4.970008310030363946e-03,-2.064654734816010517e+01
4.986250167252685023e-03,-1.339206782001405216e+01
5.002492024475006967e-03,-1.267570541943762841e+01
5.018733881697328043e-03,-2.211732917280739841e+01
5.034975738919649987e-03,-1.711422705080352102e+01
5.051217596141971064e-03,-1.529985987024295291e+01
5.067459453364293008e-03,-1.528639561000910518e+01
5.083701310586614085e-03,-1.405452745441643891e+01
5.099943167808935161e-03,-1.411749085219420330e+01
5.116185025031257105e-03,-1.240115384914014740e+01
5.132426882253578182e-03,-1.282180958379431601e+01
5.148668739475900126e-03,-2.273710405192318618e+01
5.164910596698221203e-03,-1.576946688542194508e+01
5.181152453920543147e-03,-1.681504205858139045e+01
5.197394311142864223e-03,-2.140072286780947408e+01
5.213636168365186167e-03,-1.924040123557975690e+01
5.229878025587507244e-03,-2.754992386154590989e+01
5.246119882809828321e-03,-1.627913672395860800e+01
5.262361740032150265e-03,-1.600819347063776732e+01
5.278603597254471341e-03,-1.722051692339640283e+01
5.294845454476793285e-03,-2.424424633477428870e+01
5.311087311699114362e-03,-2.504096729616125927e+01
5.327329168921436306e-03,-1.640969793766628015e+01
5.343571026143757383e-03,-1.186879970628425163e+01
5.359812883366078459e-03,-1.342816341962305593e+01
5.376054740588400403e-03,-1.830014928652439465e+01
5.392296597810721480e-03,-1.606107033337644907e+01
5.408538455033043424e-03,-1.523691870274338989e+01
5.424780312255364501e-03,-2.265635105702554597e+01
5.441022169477686445e-03,-2.740001521529680417e+01
5.457264026700007521e-03,-2.497740134621485808e+01
5.473505883922328598e-03,-3.099874793773057036e+01
5.489747741144650542e-03,-2.205359981866327246e+01
5.505989598366971619e-03,-1.924785959342719366e+01
5.522231455589293563e-03,-2.650919827566902143e+01
5.538473312811614639e-03,-1.580188979324788079e+01
5.554715170033936583e-03,-1.372170559207021689e+01
5.570957027256257660e-03,-1.987433074578570569e+01
5.587198884478578736e-03,-1.990594522227631558e+01
5.603440741700900680e-03,-1.839278201640069454e+01
5.619682598923221757e-03,-1.923545709977812734e+01
5.635924456145543701e-03,-1.025283114759409386e+01
5.652166313367864778e-03,-9.014180727538033011e+00
5.668408170590186722e-03,-1.029528575527548107e+01
5.684650027812507798e-03,-1.017353112158984096e+01
5.700891885034828875e-03,-1.321373063112545765e+01
5.717133742257150819e-03,-2.596003784851105678e+01
5.733375599479471896e-03,-2.177465883797749413e+01
5.749617456701793840e-03,-2.056919822681136623e+01
5.765859313924114916e-03,-2.289447234538434017e+01
5.782101171146436860e-03,-2.101192719894574168e+01
5.798343028368757937e-03,-1.571159861314260731e+01
5.814584885591079014e-03,-1.559797588299154114e+01
5.830826742813400958e-03,-1.824447555289769340e+01
5.847068600035722034e-03,-2.219617897504527804e+01
5.863310457258043978e-03,-1.783440568840721951e+01
5.879552314480365055e-03,-1.815586950811514200e+01
5.895794171702686999e-03,-2.404925723959814121e+01
5.912036028925008076e-03,-2.447988492817712469e+01
5.928277886147329152e-03,-2.043572741628266698e+01
5.944519743369651096e-03,-2.350723992381108474e+01
5.960761600591972173e-03,-1.981827048176970152e+01
5.977003457814294117e-03,-1.552586501979865297e+01
5.993245315036615194e-03,-1.553876378647111167e+01
6.009487172258937138e-03,-1.835065694231668232e+01
6.025729029481258214e-03,-1.988826566976453947e+01
6.041970886703580158e-03,-1.853079039477303525e+01
6.058212743925901235e-03,-1.794903124339657552e+01
6.074454601148222312e-03,-1.762657101044815633e+01
6.090696458370544256e-03,-2.082425536265797206e+01
6.106938315592865332e-03,-2.482692174561552179e+01
6.123180172815187276e-03,-2.205636586991498760e+01
6.139422030037508353e-03,-2.165844690045102183e+01
6.155663887259830297e-03,-2.378760342959559182e+01
6.171905744482151374e-03,-2.686295149188223874e+01
6.188147601704472450e-03,-1.621941833637898256e+01
6.204389458926794394e-03,-1.571517271615016398e+01
6.220631316149115471e-03,-2.376447284125369919e+01
6.236873173371437415e-03,-2.779419592622289414e+01
6.253115030593758492e-03,-3.028147906249035159e+01
6.269356887816080436e-03,-3.836298375644416581e+01
6.285598745038401512e-03,-3.345648750565916885e+01
6.301840602260722589e-03,-2.614146931969676402e+01
6.318082459483044533e-03,-2.754162391908968388e+01
6.334324316705365610e-03,-2.300467956412233761e+01
6.350566173927687554e-03,-2.043722283991171196e+01
6.366808031150008630e-03,-2.051364100889507469e+01
6.383049888372330574e-03,-2.075355900708353829e+01
6.399291745594651651e-03,-1.931114485635778877e+01
6.415533602816972727e-03,-1.912504387808047923e+01
6.431775460039294671e-03,-1.814853157652606086e+01
6.448017317261615748e-03,-1.703757862075904228e+01
6.464259174483937692e-03,-2.014574884972479651e+01
6.480501031706258769e-03,-2.539303359636213742e+01
6.496742888928580713e-03,-2.362744883193973777e+01
6.512984746150901789e-03,-1.797798541316458554e+01
6.529226603373222866e-03,-1.870742740627802192e+01
6.545468460595544810e-03,-2.255168969059401363e+01
6.561710317817865887e-03,-2.388119066552583547e+01
6.577952175040187831e-03,-2.068873003694648460e+01
6.594194032262508907e-03,-2.682030312933523319e+01
6.610435889484830851e-03,-2.222199559962061244e+01
6.626677746707151928e-03,-2.203891869129526171e+01
6.642919603929473005e-03,-3.181464434983565681e+01
6.659161461151794949e-03,-1.884757712110701888e+01
6.675403318374116025e-03,-1.956175602316969275e+01
6.691645175596437969e-03,-2.403506447459116657e+01
6.707887032818759046e-03,-2.028899571836957350e+01
6.724128890041080990e-03,-1.560427336280911703e+01
6.740370747263402067e-03,-1.328385876615037198e+01
6.756612604485723143e-03,-1.473561769472386729e+01
6.772854461708045087e-03,-1.863057958755347698e+01
6.789096318930366164e-03,-2.099115255382785250e+01
6.805338176152688108e-03,-2.182039217682316945e+01
6.821580033375009185e-03,-2.356445256200217031e+01
6.837821890597331129e-03,-2.266058891341603854e+01
6.854063747819652205e-03,-2.968864023373620142e+01
6.870305605041974149e-03,-2.656357500553792761e+01
6.886547462264295226e-03,-2.149409618313756098e+01
6.902789319486616303e-03,-2.143830665040596628e+01
6.919031176708938247e-03,-2.485045946189551103e+01
6.935273033931259323e-03,-3.361239638156383336e+01
6.951514891153581267e-03,-2.496060286947846762e+01
6.967756748375902344e-03,-1.895122595520259878e+01
6.983998605598224288e-03,-1.746637525934947277e+01
7.000240462820545365e-03,-1.746359648393371700e+01
7.016482320042866441e-03,-2.020044335472276131e+01
7.032724177265188385e-03,-2.079792680952309070e+01
7.048966034487509462e-03,-1.901315135171411796e+01
7.065207891709831406e-03,-1.967246367278728414e+01
7.081449748932152483e-03,-1.767233375785453475e+01
7.097691606154474427e-03,-1.938897831840111508e+01
7.113933463376795503e-03,-2.323708414492638497e+01
7.130175320599116580e-03,-2.202899911873950600e+01
7.146417177821438524e-03,-2.142608667004621026e+01
7.162659035043759601e-03,-2.892173539589094489e+01
7.178900892266081545e-03,-3.994868337740956576e+01
7.195142749488402621e-03,-2.998851422891775798e+01
7.211384606710724565e-03,-2.126047965675024898e+01
7.227626463933045642e-03,-2.071007205872582091e+01
7.243868321155366719e-03,-2.003979710622272137e+01
7.260110178377688663e-03,-1.737712972662577826e+01
7.276352035600009739e-03,-1.577145662612624299e+01
7.292593892822331683e-03,-1.588742327378522745e+01
7.308835750044652760e-03,-2.032911819041469315e+01
7.325077607266974704e-03,-3.341023501588051658e+01
7.341319464489295780e-03,-2.480599387077178619e+01
7.357561321711616857e-03,-2.295856028795363102e+01
7.373803178933938801e-03,-2.370215657242172114e+01
7.390045036156259878e-03,-2.209178420847008084e+01
7.406286893378581822e-03,-1.925270113787799886e+01
7.422528750600902898e-03,-2.109975868458043280e+01
7.438770607823224842e-03,-3.525717506669232648e+01
7.455012465045545919e-03,-4.208349060237213735e+01
7.471254322267866996e-03,-2.461508332926553777e+01
7.487496179490188940e-03,-1.937360430399668232e+01
7.503738036712510016e-03,-2.383212182068222162e+01
7.519979893934831960e-03,-2.191152317845337194e+01
7.536221751157153037e-03,-1.883201019906999818e+01
7.552463608379474981e-03,-2.070485827693829251e+01
7.568705465601796058e-03,-2.201493444748593475e+01
7.584947322824118002e-03,-2.111012438803898661e+01
7.601189180046439078e-03,-2.783326851225354659e+01
7.617431037268760155e-03,-2.988298177687518375e+01
7.633672894491082099e-03,-2.510346887550496575e+01
7.649914751713403176e-03,-2.645747575329233570e+01
7.666156608935725120e-03,-2.430405907180880831e+01
7.682398466158046196e-03,-2.455356727868465327e+01
7.698640323380368140e-03,-3.140617139355801868e+01
7.714882180602689217e-03,-2.373129453504041564e+01
7.731124037825010294e-03,-1.859703230092544501e+01
7.747365895047332238e-03,-1.852250624231949772e+01
7.763607752269653314e-03,-2.225356930685198620e+01
7.779849609491975258e-03,-3.557109418695807079e+01
7.796091466714296335e-03,-2.337796385867154925e+01
7.812333323936618279e-03,-1.834132330618542284e+01
7.828575181158939356e-03,-2.239138641184255007e+01
7.844817038381260432e-03,-2.707770690407339487e+01
7.861058895603581509e-03,-1.904582585284170193e+01
7.877300752825904320e-03,-2.139843625017029893e+01
7.893542610048225397e-03,-2.459615964077950423e+01
7.909784467270546474e-03,-3.061282266765683602e+01
7.926026324492867550e-03,-3.186133439568619963e+01
7.942268181715188627e-03,-2.815283136733914660e+01
7.958510038937511438e-03,-3.573715733079489354e+01
7.974751896159832515e-03,-4.468101128393616506e+01
7.990993753382153592e-03,-2.806839928758080305e+01
8.007235610604474668e-03,-2.363756834224414050e+01
8.023477467826797480e-03,-2.196615236491940948e+01
8.039719325049118556e-03,-2.753600393424303050e+01
8.055961182271439633e-03,-2.250824011831504379e+01
8.072203039493760710e-03,-1.916346550938435911e+01
8.088444896716081786e-03,-2.396856388062290222e+01
8.104686753938404598e-03,-2.629030806751542215e+01
8.120928611160725674e-03,-2.851633808804495374e+01
8.137170468383046751e-03,-2.427010533915029100e+01
8.153412325605367827e-03,-2.033930675257115794e+01
8.169654182827690639e-03,-2.176657182632721899e+01
8.185896040050011715e-03,-4.725528457936930238e+01
8.202137897272332792e-03,-2.643685152315491749e+01
8.218379754494653869e-03,-2.840033536398100722e+01
8.234621611716974945e-03,-2.466098395668016963e+01
8.250863468939297757e-03,-1.777367725071568572e+01
8.267105326161618833e-03,-2.140380859386855406e+01
8.283347183383939910e-03,-2.656032637875120628e+01
8.299589040606260987e-03,-2.061280341876566524e+01
8.315830897828582063e-03,-2.012565832950563660e+01
8.332072755050904875e-03,-2.796073790030827766e+01
8.348314612273225951e-03,-2.961393194762263192e+01
8.364556469495547028e-03,-2.820541110981466204e+01
8.380798326717868105e-03,-5.595316718034654002e+01
8.397040183940190916e-03,-2.434272498546997099e+01
8.413282041162511993e-03,-3.263269273362161016e+01
8.429523898384833069e-03,-2.865952707550019340e+01
8.445765755607154146e-03,-2.685902630859915519e+01
8.462007612829475223e-03,-4.994488033515908398e+01
8.478249470051798034e-03,-2.192671488977721239e+01
8.494491327274119111e-03,-2.126415724937724860e+01
8.510733184496440187e-03,-2.609753550428990110e+01
8.526975041718761264e-03,-2.357852707945017912e+01
8.543216898941082341e-03,-3.984463758243904863e+01
8.559458756163405152e-03,-2.732419573622365405e+01
8.575700613385726229e-03,-2.350993002874812987e+01
8.591942470608047305e-03,-1.933435848921025624e+01
8.608184327830368382e-03,-2.408678549506987920e+01
8.624426185052691193e-03,-2.786995896843910359e+01
8.640668042275012270e-03,-2.000944852241631366e+01
8.656909899497333347e-03,-1.659689249755164298e+01
8.673151756719654423e-03,-1.989610044593885974e+01
8.689393613941975500e-03,-2.331532099055993257e+01
8.705635471164298311e-03,-2.346776072472509611e+01
8.721877328386619388e-03,-2.836498756437165980e+01
8.738119185608940465e-03,-2.318494336724297256e+01
8.754361042831261541e-03,-2.708539176772379520e+01
8.770602900053582618e-03,-3.325318411451143419e+01
8.786844757275905429e-03,-2.163626105514141074e+01
8.803086614498226506e-03,-2.555242224291916386e+01
8.819328471720547583e-03,-2.309062836814553066e+01
8.835570328942868659e-03,-2.417005367385224446e+01
8.851812186165191471e-03,-2.349720575756148122e+01
8.868054043387512547e-03,-2.207199410018909091e+01
8.884295900609833624e-03,-2.517748298717754807e+01
8.900537757832154701e-03,-2.147282473173125084e+01
8.916779615054475777e-03,-1.762138710104140316e+01
8.933021472276798589e-03,-2.046643213067865119e+01
8.949263329499119665e-03,-3.373013748569925241e+01
8.965505186721440742e-03,-2.650784965969089058e+01
8.981747043943761818e-03,-2.849436181629375753e+01
8.997988901166084630e-03,-3.126366101944089237e+01
9.014230758388405707e-03,-2.099719069024852303e+01
9.030472615610726783e-03,-2.309367224688363507e+01
9.046714472833047860e-03,-2.712542393590763368e+01
9.062956330055368936e-03,-2.287420804206057312e+01
9.079198187277691748e-03,-2.197621067427924757e+01
9.095440044500012824e-03,-2.727851803250324636e+01
9.111681901722333901e-03,-3.259667391665234959e+01
9.127923758944654978e-03,-3.954546812872344930e+01
9.144165616166976054e-03,-2.852172041622399945e+01
9.160407473389298866e-03,-2.550176882412566215e+01
9.176649330611619942e-03,-2.255014814399842749e+01
9.192891187833941019e-03,-2.124056245955372901e+01
9.209133045056262096e-03,-2.318260177522528309e+01
9.225374902278584907e-03,-2.466192165756785215e+01
9.241616759500905984e-03,-2.429545326564404562e+01
9.257858616723227060e-03,-2.421277288246404069e+01
9.274100473945548137e-03,-2.444408758582376251e+01
9.290342331167869214e-03,-2.674582544226899472e+01
9.306584188390192025e-03,-2.507686439351261498e+01
9.322826045612513102e-03,-2.232802416211028174e+01
9.339067902834834178e-03,-2.376066483953189845e+01
9.355309760057155255e-03,-2.535643628062871002e+01
9.371551617279476332e-03,-2.282697777968612840e+01
9.387793474501799143e-03,-2.304400040852966569e+01
9.404035331724120220e-03,-2.263555682370462563e+01
9.420277188946441296e-03,-2.246980772704784002e+01
9.436519046168762373e-03,-2.599611638048795115e+01
9.452760903391085184e-03,-4.389908003623071409e+01
9.469002760613406261e-03,-3.070038022020074564e+01
9.485244617835727338e-03,-2.952850544099943519e+01
9.501486475058048414e-03,-2.254660408208297895e+01
9.517728332280369491e-03,-1.878942604583065901e+01
9.533970189502692302e-03,-2.129168483748206242e+01
9.550212046725013379e-03,-2.561148509745132884e+01
9.566453903947334456e-03,-2.299557599757500270e+01
9.582695761169655532e-03,-2.022383829756987694e+01
9.598937618391978344e-03,-2.321046298013096987e+01
9.615179475614299420e-03,-2.286588781886452182e+01
9.631421332836620497e-03,-2.436524496624215885e+01
9.647663190058941574e-03,-2.608134326222748456e+01
9.663905047281262650e-03,-2.001271976853908541e+01
9.680146904503585462e-03,-2.611466517419770739e+01
9.696388761725906538e-03,-2.442084771520672248e+01
9.712630618948227615e-03,-2.272482936859768898e+01
9.728872476170548692e-03,-2.685159967115414403e+01
9.745114333392869768e-03,-2.841665668753100249e+01
9.761356190615192580e-03,-2.304564753846623049e+01
9.777598047837513656e-03,-1.853976519249084376e+01
9.793839905059834733e-03,-1.993286525048714353e+01
9.810081762282155809e-03,-2.586462341676396193e+01
9.826323619504478621e-03,-2.583229455869675206e+01
9.842565476726799698e-03,-1.848723044932115300e+01
9.858807333949120774e-03,-1.699764750754991383e+01
9.875049191171441851e-03,-1.578898663318949502e+01
9.891291048393762927e-03,-1.649921013171225326e+01
9.907532905616085739e-03,-2.352090355692574164e+01
9.923774762838406815e-03,-1.676148864194333044e+01
9.940016620060727892e-03,-1.422444489043986238e+01
9.956258477283048969e-03,-1.693804769078716177e+01
9.972500334505370045e-03,-2.159494468620857077e+01
9.988742191727692857e-03,-2.300150010445663895e+01
1.000498404895001393e-02,-2.088982840170513100e+01
1.002122590617233501e-02,-2.388288942397768366e+01
1.003746776339465609e-02,-3.682909249800547258e+01
1.005370962061697890e-02,-2.476845578403747083e+01
1.006995147783929997e-02,-2.297746539784097308e+01
1.008619333506162105e-02,-2.999554200590467090e+01
1.010243519228394213e-02,-3.160308210968937104e+01
1.011867704950626320e-02,-3.947173113474000417e+01
1.013491890672858602e-02,-2.258010148348917312e+01
1.015116076395090709e-02,-1.808920266321707260e+01
1.016740262117322817e-02,-1.791094702096170366e+01
1.018364447839554925e-02,-1.805332938568472301e+01
1.019988633561787032e-02,-1.744233713561573396e+01
1.021612819284019313e-02,-1.763923208941870513e+01
1.023237005006251421e-02,-1.777158275295959911e+01
1.024861190728483529e-02,-1.904880022907047987e+01
1.026485376450715636e-02,-2.174814557148468808e+01
1.028109562172947918e-02,-2.464724729660380831e+01
1.029733747895180025e-02,-2.454397608964551125e+01
1.031357933617412133e-02,-2.359159269650374569e+01
1.032982119339644241e-02,-2.185720557171787348e+01
1.034606305061876348e-02,-2.600343790258715515e+01
1.036230490784108629e-02,-2.769358038661591337e+01
1.037854676506340737e-02,-2.913730726109893965e+01
1.039478862228572845e-02,-3.013949073463483330e+01
1.041103047950804952e-02,-2.295775265156565936e+01
1.042727233673037233e-02,-2.484311340309513128e+01
1.044351419395269341e-02,-2.037421810770627673e+01
1.045975605117501449e-02,-1.886952188088142890e+01
1.047599790839733556e-02,-2.028997222500572661e+01
1.049223976561965664e-02,-2.359582657203514344e+01
1.050848162284197945e-02,-2.603807608585866973e+01
1.052472348006430053e-02,-2.248883334100675668e+01
1.054096533728662161e-02,-1.999826883546113976e+01
1.055720719450894268e-02,-2.572381931293962509e+01
1.057344905173126376e-02,-2.257099038042479222e+01
1.058969090895358657e-02,-2.277817199160161010e+01
1.060593276617590765e-02,-2.083223203978386806e+01
1.062217462339822872e-02,-1.840402203661542657e+01
1.063841648062054980e-02,-1.923114481867176906e+01
1.065465833784287261e-02,-1.891535612676712930e+01
1.067090019506519369e-02,-1.852599538705325344e+01
1.068714205228751477e-02,-2.291063912729945784e+01
1.070338390950983584e-02,-3.273211946758900126e+01
1.071962576673215692e-02,-3.954979120293079120e+01
1.073586762395447973e-02,-2.999985662310173495e+01
1.075210948117680081e-02,-2.965541796323650914e+01
1.076835133839912188e-02,-2.987958215062966616e+01
1.078459319562144296e-02,-3.236418097727647591e+01
1.080083505284376404e-02,-2.572741453004027079e+01
1.081707691006608685e-02,-2.357779326257478303e+01
1.083331876728840792e-02,-2.559141365010060198e+01
1.084956062451072900e-02,-2.583293256012156291e+01
1.086580248173305008e-02,-2.287212416406106286e+01
1.088204433895537289e-02,-2.390914971176243853e+01
1.089828619617769397e-02,-2.293487128396304087e+01
1.091452805340001504e-02,-2.026276978940659390e+01
1.093076991062233612e-02,-1.887380749587815743e+01
1.094701176784465720e-02,-2.078239040663524406e+01
1.096325362506698001e-02,-2.619344083520904576e+01
1.097949548228930108e-02,-2.886048357155983268e+01
1.099573733951162216e-02,-3.971069800434860753e+01
1.101197919673394324e-02,-2.551368653638422046e+01
1.102822105395626431e-02,-3.023682447453526123e+01
1.104446291117858713e-02,-3.249574320468560273e+01
1.106070476840090820e-02,-2.929567400071898930e+01
1.107694662562322928e-02,-2.423767002202067289e+01
1.109318848284555035e-02,-4.038525858543826530e+01
1.110943034006787317e-02,-2.698276356376109320e+01
1.112567219729019424e-02,-2.934908891160451105e+01
1.114191405451251532e-02,-2.334344429003812849e+01
1.115815591173483640e-02,-2.812727790511507209e+01
1.117439776895715747e-02,-2.279822559789790404e+01
1.119063962617948028e-02,-2.057805086013405926e+01
1.120688148340180136e-02,-2.230712056220950501e+01
1.122312334062412244e-02,-2.445053923537688689e+01
1.123936519784644351e-02,-2.983484917698219974e+01
1.125560705506876633e-02,-2.958739845516775091e+01
1.127184891229108740e-02,-2.827629996916528654e+01
1.128809076951340848e-02,-3.043157147445730004e+01
1.130433262673572956e-02,-2.670019171217611387e+01
1.132057448395805063e-02,-2.572984444991065800e+01
1.133681634118037344e-02,-2.493432280380359600e+01
1.135305819840269452e-02,-2.016010621522029922e+01
1.136930005562501560e-02,-2.118491733657949183e+01
1.138554191284733667e-02,-2.521566388014126403e+01
1.140178377006965775e-02,-2.799902638660681475e+01
1.141802562729198056e-02,-3.547235244220339467e+01
1.143426748451430164e-02,-3.860252528900214486e+01
1.145050934173662271e-02,-2.705226654260307484e+01
1.146675119895894379e-02,-2.658044045596669847e+01
1.148299305618126660e-02,-3.419709964074735353e+01
1.149923491340358768e-02,-2.588265235232246653e+01
1.151547677062590876e-02,-2.293231521374222126e+01
1.153171862784822983e-02,-1.890296340334024805e+01
1.154796048507055091e-02,-2.000835501085409973e+01
1.156420234229287372e-02,-2.175145879542999694e+01
1.158044419951519480e-02,-2.030256184594806612e+01
1.159668605673751587e-02,-2.061722983666059861e+01
1.161292791395983695e-02,-2.114185816260268780e+01
1.162916977118215803e-02,-2.107206138318968414e+01
1.164541162840448084e-02,-1.890919011964179930e+01
1.166165348562680192e-02,-1.714950748929997459e+01
1.167789534284912299e-02,-2.024200379657868609e+01
1.169413720007144407e-02,-2.781624195123277943e+01
1.171037905729376688e-02,-2.175577225760568467e+01
1.172662091451608796e-02,-2.886204769145507143e+01
1.174286277173840903e-02,-2.123200088909629102e+01
1.175910462896073011e-02,-1.995346596829566366e+01
1.177534648618305119e-02,-2.189669035019301191e+01
1.179158834340537400e-02,-1.934568561041169943e+01
1.180783020062769507e-02,-2.164049421661420425e+01
1.182407205785001615e-02,-2.628936347240802363e+01
1.184031391507233723e-02,-2.221529649652868699e+01
1.185655577229465830e-02,-2.090832871420934680e+01
1.187279762951698112e-02,-2.706068753744720112e+01
1.188903948673930219e-02,-2.455843532758230197e+01
1.190528134396162327e-02,-2.433073598302878793e+01
1.192152320118394435e-02,-1.983060345969076721e+01
1.193776505840626716e-02,-2.120445107588443179e+01
1.195400691562858823e-02,-2.307549442148388863e+01
1.197024877285090931e-02,-2.215814168309506371e+01
1.198649063007323039e-02,-1.834857822903644120e+01
1.200273248729555146e-02,-1.839892577163795195e+01
1.201897434451787428e-02,-2.230077493617054429e+01
1.203521620174019535e-02,-2.636488903019975538e+01
1.205145805896251643e-02,-2.845104594587298408e+01
1.206769991618483751e-02,-2.013005734148711312e+01
1.208394177340716032e-02,-1.786797638189253945e+01
1.210018363062948139e-02,-1.833868100420964353e+01
1.211642548785180247e-02,-2.462614888746238506e+01
1.213266734507412355e-02,-3.063131323399748140e+01
1.214890920229644462e-02,-3.048838009228703427e+01
1.216515105951876743e-02,-3.534569622334228711e+01
1.218139291674108851e-02,-2.508171799338619223e+01
1.219763477396340959e-02,-2.863142461575785802e+01
1.221387663118573066e-02,-2.860038024986087635e+01
1.223011848840805174e-02,-2.764608159398560616e+01
1.224636034563037455e-02,-2.571050284450622314e+01
1.226260220285269563e-02,-1.980017892877470231e+01
1.227884406007501671e-02,-1.798850419917520682e+01
1.229508591729733778e-02,-1.785054031506577843e+01
1.231132777451966059e-02,-2.016030968876440710e+01
1.232756963174198167e-02,-2.410121218890545691e+01
1.234381148896430275e-02,-2.456318000839243609e+01
1.236005334618662382e-02,-2.392619347229239324e+01
1.237629520340894490e-02,-2.781284807712860641e+01
1.239253706063126771e-02,-2.505863368383156953e+01
1.240877891785358879e-02,-2.134547161329809484e+01
1.242502077507590987e-02,-2.260374498466237725e+01
1.244126263229823094e-02,-2.366029342193023410e+01
1.245750448952055202e-02,-2.419054959106646052e+01
1.247374634674287483e-02,-2.802146500682615837e+01
1.248998820396519591e-02,-3.307921560507229231e+01
1.250623006118751698e-02,-2.440489272979215229e+01
1.252247191840983806e-02,-1.872775817457795355e+01
1.253871377563216087e-02,-2.039042795744285996e+01
1.255495563285448195e-02,-2.188214124800685312e+01
1.257119749007680302e-02,-2.335044029323986692e+01
1.258743934729912410e-02,-2.307544302928524615e+01
1.260368120452144518e-02,-2.086982736117660409e+01
1.261992306174376799e-02,-2.532721914169288269e+01
1.263616491896608907e-02,-3.159968853649566967e+01
1.265240677618841014e-02,-2.238816931636195662e+01
1.266864863341073122e-02,-1.950209856783538243e+01
1.268489049063305230e-02,-2.064574420405284627e+01
1.270113234785537511e-02,-2.574274796571981483e+01
1.271737420507769618e-02,-2.714770796598941871e+01
1.273361606230001726e-02,-2.411276877240603156e+01
1.274985791952233834e-02,-2.472058068017848598e+01
1.276609977674466115e-02,-1.857050294780050237e+01
1.278234163396698223e-02,-1.789191681377823073e+01
1.279858349118930330e-02,-2.516794009299340473e+01
1.281482534841162438e-02,-2.651929403853829115e+01
1.283106720563394545e-02,-2.128366940845286592e+01
1.284730906285626827e-02,-2.357796937953118999e+01
1.286355092007858934e-02,-3.757861637242547204e+01
1.287979277730091042e-02,-3.058588797163665873e+01
1.289603463452323150e-02,-2.939397751771682366e+01
1.291227649174555431e-02,-3.035239605849968214e+01
1.292851834896787538e-02,-2.727451552478789409e+01
1.294476020619019646e-02,-2.712079770448568183e+01
1.296100206341251754e-02,-2.602544738659329582e+01
1.297724392063483861e-02,-3.341644207506850961e+01
1.299348577785716143e-02,-2.911136449204236953e+01
1.300972763507948250e-02,-2.631136161301331455e+01
1.302596949230180358e-02,-3.710362320776426515e+01
1.304221134952412466e-02,-3.314922644408079577e+01
1.305845320674644573e-02,-2.552357523763941316e+01
1.307469506396876854e-02,-2.872341853551779067e+01
1.309093692119108962e-02,-2.530589544178515382e+01
1.310717877841341070e-02,-2.149274640574340722e+01
1.312342063563573177e-02,-2.622866561848607247e+01
1.313966249285805458e-02,-3.579279236679062848e+01
1.315590435008037566e-02,-3.058821719187060140e+01
1.317214620730269674e-02,-3.699534627564318612e+01
1.318838806452501781e-02,-2.897815938938826008e+01
1.320462992174733889e-02,-3.735877677022712362e+01
1.322087177896966170e-02,-3.309429757762757873e+01
1.323711363619198278e-02,-2.703015971058207256e+01
1.325335549341430386e-02,-2.804100521805863622e+01
1.326959735063662493e-02,-2.667344346263208621e+01
1.328583920785894601e-02,-2.355485622594197892e+01
1.330208106508126882e-02,-2.902423761678104697e+01
1.331832292230358990e-02,-2.902144654269013913e+01
1.333456477952591097e-02,-2.082661769778800220e+01
1.335080663674823205e-02,-1.759690756193387529e+01
1.336704849397055486e-02,-1.947397705755505726e+01
1.338329035119287594e-02,-2.294830239130267202e+01
1.339953220841519702e-02,-2.092761485078217021e+01
1.341577406563751809e-02,-1.657286643802019910e+01
1.343201592285983917e-02,-1.525995092288454202e+01
1.344825778008216198e-02,-1.723092906742714092e+01
1.346449963730448306e-02,-2.058270091545952596e+01
1.348074149452680413e-02,-2.799204377743836147e+01
1.349698335174912521e-02,-2.864741713222385755e+01
1.351322520897144629e-02,-2.336682389774390245e+01
1.352946706619376910e-02,-2.135345538483216643e+01
1.354570892341609017e-02,-2.201138692714187783e+01
1.356195078063841125e-02,-2.099053478455267907e+01
1.357819263786073233e-02,-2.225479435989916155e+01
1.359443449508305514e-02,-2.055010836097696725e+01
1.361067635230537622e-02,-2.307675451378944942e+01
1.362691820952769729e-02,-2.693340610469245533e+01
1.364316006675001837e-02,-3.558522834532207924e+01
1.365940192397233945e-02,-2.259905009178075019e+01
1.367564378119466226e-02,-2.069129698345067325e+01
1.369188563841698333e-02,-2.081907292402380705e+01
1.370812749563930441e-02,-2.309451181580494250e+01
1.372436935286162549e-02,-2.715847313378377947e+01
1.374061121008394830e-02,-3.456195948313995103e+01
1.375685306730626938e-02,-2.464108997701393378e+01
1.377309492452859045e-02,-2.118091746344382997e+01
1.378933678175091153e-02,-2.097716685076732901e+01
1.380557863897323261e-02,-2.386932183908729144e+01
1.382182049619555542e-02,-4.004944029796707383e+01
1.383806235341787649e-02,-2.525399487338052751e+01
1.385430421064019757e-02,-2.470339368633185018e+01
1.387054606786251865e-02,-3.263300765410967585e+01
1.388678792508483972e-02,-3.475060992146774197e+01
1.390302978230716253e-02,-3.893511312156426385e+01
1.391927163952948361e-02,-3.789897014785671558e+01
1.393551349675180469e-02,-2.445419862931856514e+01
1.395175535397412576e-02,-2.020580046297172672e+01
1.396799721119644858e-02,-2.472942513179789970e+01
1.398423906841876965e-02,-2.672483365812895784e+01
1.400048092564109073e-02,-2.387817703716649120e+01
1.401672278286341181e-02,-3.224589815666178083e+01
1.403296464008573288e-02,-3.825586296728810964e+01
1.404920649730805569e-02,-3.837249614045373391e+01
1.406544835453037677e-02,-4.058999677064299050e+01
1.408169021175269785e-02,-4.353179921505820005e+01
1.409793206897501892e-02,-2.799806508145871220e+01
1.411417392619734000e-02,-2.336365859669930956e+01
1.413041578341966281e-02,-2.521440751633701893e+01
1.414665764064198389e-02,-2.597572785789005678e+01
1.416289949786430497e-02,-3.868199176445818210e+01
1.417914135508662604e-02,-2.482441248894183872e+01
1.419538321230894885e-02,-2.511207446699209456e+01
1.421162506953126993e-02,-2.836723232746567547e+01
1.422786692675359101e-02,-2.447754544237037067e+01
1.424410878397591208e-02,-2.069044148226618063e+01
1.426035064119823316e-02,-2.390943528002739527e+01
1.427659249842055597e-02,-2.284159466301282038e+01
1.429283435564287705e-02,-2.363308283729786652e+01
1.430907621286519812e-02,-3.104378447103147209e+01
1.432531807008751920e-02,-2.268702120112767417e+01
1.434155992730984028e-02,-2.051060657372778095e+01
1.435780178453216309e-02,-2.072598158161588344e+01
1.437404364175448417e-02,-2.281960230245240950e+01
1.439028549897680524e-02,-2.446952354174711886e+01
1.440652735619912632e-02,-2.025747081013751583e+01
1.442276921342144913e-02,-2.126830676547494647e+01
1.443901107064377021e-02,-2.028552636926099240e+01
1.445525292786609128e-02,-1.976216765934666597e+01
1.447149478508841236e-02,-1.837349885549667761e+01
1.448773664231073344e-02,-1.845645871658729220e+01
1.450397849953305625e-02,-2.079361935392601524e+01
1.452022035675537733e-02,-2.186026599977881091e+01
1.453646221397769840e-02,-2.016620052126257434e+01
1.455270407120001948e-02,-2.028345965865230838e+01
1.456894592842234229e-02,-2.477694523628288437e+01
1.458518778564466337e-02,-2.650840444640390103e+01
1.460142964286698444e-02,-2.582819383920300638e+01
1.461767150008930552e-02,-2.343761879205779408e+01
1.463391335731162660e-02,-2.060298120259700383e+01
1.465015521453394941e-02,-1.656737156715412596e+01
1.466639707175627048e-02,-1.616940191205296884e+01
1.468263892897859156e-02,-1.736186438473276539e+01
1.469888078620091264e-02,-1.810735250108173133e+01
1.471512264342323371e-02,-2.508424470474907153e+01
1.473136450064555653e-02,-3.590435119882074133e+01
1.474760635786787760e-02,-2.547304360132061163e+01
1.476384821509019868e-02,-2.253586906855438698e+01
1.478009007231251976e-02,-2.387910395498366967e+01
1.479633192953484257e-02,-2.356493793568161976e+01
1.481257378675716364e-02,-2.114605459142964961e+01
1.482881564397948472e-02,-2.195835845484426230e+01
1.484505750120180580e-02,-2.674986196504283598e+01
1.486129935842412687e-02,-2.172672005611218893e+01
1.487754121564644968e-02,-1.772406365370248693e+01
1.489378307286877076e-02,-1.924361871154229320e+01
1.491002493009109184e-02,-2.655416581636352191e+01
1.492626678731341291e-02,-2.818108363485722023e+01
1.494250864453573399e-02,-2.912480213776876781e+01
1.495875050175805680e-02,-2.875352578223812117e+01
1.497499235898037788e-02,-2.598489470161823789e+01
1.499123421620269896e-02,-2.817855606598902085e+01
1.500747607342502003e-02,-2.889501299487312380e+01
1.502371793064734284e-02,-1.936331626961174024e+01
1.503995978786966392e-02,-1.806430379417738408e+01
1.505620164509198500e-02,-2.032665682942816687e+01
1.507244350231430607e-02,-2.567094696603005843e+01
1.508868535953662715e-02,-2.369361340352408263e+01
1.510492721675894996e-02,-2.265689639865416183e+01
1.512116907398127104e-02,-2.287139956704579191e+01
1.513741093120359212e-02,-2.217110626601674994e+01
1.515365278842591319e-02,-2.381381912175872273e+01
1.516989464564823600e-02,-2.894874360961000903e+01
1.518613650287055708e-02,-2.934603224338132321e+01
1.520237836009287816e-02,-2.825938912975363237e+01
1.521862021731519923e-02,-2.334001111142192286e+01
1.523486207453752031e-02,-2.083537083935337364e+01
1.525110393175984312e-02,-2.382994363075357569e+01
1.526734578898216420e-02,-2.471586865876336248e+01
1.528358764620448527e-02,-2.409459102656618867e+01
1.529982950342680635e-02,-2.514613021037456875e+01
1.531607136064912743e-02,-2.142114041429377025e+01
1.533231321787145024e-02,-2.115051598580581071e+01
1.534855507509377132e-02,-3.244544618756517451e+01
1.536479693231609239e-02,-2.642164354238194335e+01
1.538103878953841347e-02,-2.605890082112081529e+01
1.539728064676073628e-02,-2.858769122381019656e+01
1.541352250398305736e-02,-2.018534685769043691e+01
1.542976436120537843e-02,-1.693684584267744242e+01
1.544600621842769951e-02,-1.994802065957986059e+01
1.546224807565002059e-02,-2.451782629852705497e+01
1.547848993287234340e-02,-2.827985638596572926e+01
1.549473179009466448e-02,-2.322967198024050717e+01
1.551097364731698555e-02,-2.063892307114121394e+01
1.552721550453930663e-02,-2.234302930473902293e+01
1.554345736176162771e-02,-3.427779970142839261e+01
1.555969921898395052e-02,-2.488262002508484372e+01
1.557594107620627159e-02,-2.198926670566422104e+01
1.559218293342859267e-02,-2.647313332320150536e+01
1.560842479065091375e-02,-1.954320627677038757e+01
1.562466664787323656e-02,-1.493666771306963170e+01
1.564090850509555763e-02,-1.374057504093769566e+01
1.565715036231787871e-02,-1.571081622461285221e+01
1.567339221954019979e-02,-2.198166033432692146e+01
1.568963407676252086e-02,-2.320967345419081695e+01
1.570587593398484194e-02,-2.542216666358606858e+01
1.572211779120716302e-02,-2.534484973002601294e+01
1.573835964842948756e-02,-2.140372489498207642e+01
1.575460150565180864e-02,-1.926944637723815390e+01
1.577084336287412972e-02,-1.724130863525359558e+01
1.578708522009645079e-02,-1.763855552783164882e+01
1.580332707731877187e-02,-2.320103959090091905e+01
1.581956893454109295e-02,-4.908702518246212776e+01
1.583581079176341402e-02,-2.694994520460166854e+01
1.585205264898573510e-02,-2.120461219641445183e+01
1.586829450620805618e-02,-2.129284521467864622e+01
1.588453636343037725e-02,-2.583282556789990991e+01
1.590077822065270180e-02,-2.332657564768915748e+01
1.591702007787502288e-02,-2.750597510643613930e+01
1.593326193509734395e-02,-4.333726634869431393e+01
1.594950379231966503e-02,-3.603870305672376873e+01
1.596574564954198611e-02,-2.310873317387071069e+01
1.598198750676430718e-02,-2.115278860591050858e+01
1.599822936398662826e-02,-2.660440045432991241e+01
1.601447122120894934e-02,-2.473686549684109082e+01
1.603071307843127041e-02,-1.842834627140950232e+01
1.604695493565359496e-02,-1.652292638288205850e+01
1.606319679287591604e-02,-2.119930886186027408e+01
1.607943865009823711e-02,-2.328904443249291134e+01
1.609568050732055819e-02,-2.135673325367525166e+01
1.611192236454287927e-02,-1.879283123759135776e+01
1.612816422176520034e-02,-1.984691856137141386e+01
1.614440607898752142e-02,-2.248115771484789605e+01
1.616064793620984250e-02,-2.498231734705948170e+01
1.617688979343216357e-02,-2.559918367401760975e+01
1.619313165065448812e-02,-2.076629528314236239e+01
1.620937350787680920e-02,-2.397498700061582255e+01
1.622561536509913027e-02,-3.689338224763389462e+01
1.624185722232145135e-02,-3.736502887657648131e+01
1.625809907954377243e-02,-2.792397272650480744e+01
1.627434093676609350e-02,-2.439118807363384178e+01
1.629058279398841458e-02,-2.293697103017587580e+01
1.630682465121073565e-02,-2.112367519401110627e+01
1.632306650843305673e-02,-2.756710785625709903e+01
1.633930836565538128e-02,-2.673848610192543873e+01
1.635555022287770235e-02,-2.827905307359510800e+01
1.637179208010002343e-02,-2.872265682594160907e+01
1.638803393732234451e-02,-3.630355507624413036e+01
1.640427579454466558e-02,-2.392424475086319546e+01
1.642051765176698666e-02,-2.241505992123018487e+01
1.643675950898930774e-02,-3.380737822047813523e+01
1.645300136621162881e-02,-2.842605043747902371e+01
1.646924322343394989e-02,-3.661922333172697819e+01
1.648548508065627097e-02,-2.394561545720072360e+01
1.650172693787859551e-02,-2.332389109089729828e+01
1.651796879510091659e-02,-2.672713740789179582e+01
1.653421065232323767e-02,-2.979093276817949487e+01
1.655045250954555874e-02,-3.148690761503680591e+01
1.656669436676787982e-02,-3.499459539569451039e+01
1.658293622399020090e-02,-3.360007860565227134e+01
1.659917808121252197e-02,-2.799031797942643252e+01
1.661541993843484305e-02,-2.918951447184626957e+01
1.663166179565716413e-02,-3.197058624502750135e+01
1.664790365287948867e-02,-1.835417358970175172e+01
1.666414551010180975e-02,-1.685702615119446435e+01
1.668038736732413083e-02,-2.154246138967628710e+01
1.669662922454645190e-02,-2.795052625299996762e+01
1.671287108176877298e-02,-2.674774553787446507e+01
1.672911293899109406e-02,-3.347323026308059468e+01
1.674535479621341513e-02,-3.023880751524920640e+01
1.676159665343573621e-02,-2.630326296653886686e+01
1.677783851065805729e-02,-3.081414420699134382e+01
1.679408036788038183e-02,-2.236947450428151996e+01
1.681032222510270291e-02,-2.372685806572814471e+01
1.682656408232502399e-02,-3.748527467741763530e+01
1.684280593954734506e-02,-2.588801381334850760e+01
1.685904779676966614e-02,-1.996691767722119693e+01
1.687528965399198722e-02,-1.865764840824935789e+01
1.689153151121430829e-02,-1.929719282813893599e+01
1.690777336843662937e-02,-2.190472027296994639e+01
1.692401522565895045e-02,-2.739268818488542223e+01
1.694025708288127499e-02,-4.361623144132216368e+01
1.695649894010359607e-02,-2.726270576372516885e+01
1.697274079732591714e-02,-2.485055634708619010e+01
1.698898265454823822e-02,-2.492892050994456454e+01
1.700522451177055930e-02,-2.647565743653506587e+01
1.702146636899288037e-02,-2.875988989768707427e+01
1.703770822621520145e-02,-2.885565090047460401e+01
1.705395008343752253e-02,-3.950254153569997584e+01
1.707019194065984360e-02,-2.604252664727636812e+01
1.708643379788216468e-02,-2.739973999693620854e+01
1.710267565510448923e-02,-3.213496210933281816e+01
1.711891751232681030e-02,-3.342818809913398326e+01
1.713515936954913138e-02,-3.579906907054266441e+01
1.715140122677145246e-02,-3.235529597483936470e+01
1.716764308399377353e-02,-2.584558437259268970e+01
1.718388494121609461e-02,-1.860548651965281408e+01
1.720012679843841569e-02,-1.970363504913851926e+01
1.721636865566073676e-02,-2.644154621115660930e+01
1.723261051288305784e-02,-2.676411622122028078e+01
1.724885237010538239e-02,-2.221525119205520582e+01
1.726509422732770346e-02,-2.233245485603949021e+01
1.728133608455002454e-02,-2.057268304039271101e+01
1.729757794177234562e-02,-1.851999068337358878e+01
1.731381979899466669e-02,-2.204321777925967751e+01
1.733006165621698777e-02,-2.579417746368250519e+01
1.734630351343930885e-02,-3.413593501422383270e+01
1.736254537066162992e-02,-3.327177213703353686e+01
1.737878722788395100e-02,-5.068721635935996517e+01
1.739502908510627555e-02,-2.607173422232883198e+01
1.741127094232859662e-02,-2.694275191017609217e+01
1.742751279955091770e-02,-2.653153565628858601e+01
1.744375465677323878e-02,-2.938608010779041280e+01
1.745999651399555985e-02,-3.244780593579949368e+01
1.747623837121788093e-02,-2.886644988288153257e+01
1.749248022844020201e-02,-2.438513529200992025e+01
1.750872208566252308e-02,-2.403995308499865757e+01
1.752496394288484416e-02,-3.072415298590894039e+01
1.754120580010716524e-02,-3.306307704976912731e+01
1.755744765732948978e-02,-2.757163563543577922e+01
1.757368951455181086e-02,-2.938243737458456550e+01
1.758993137177413194e-02,-3.636414486375360866e+01
1.760617322899645301e-02,-2.163973225108364318e+01
1.762241508621877409e-02,-1.830312276635040902e+01
1.763865694344109517e-02,-2.005628714243553645e+01
1.765489880066341624e-02,-2.536377332268079599e+01
1.767114065788573732e-02,-3.155060008387729198e+01
1.768738251510805840e-02,-3.003658313502559452e+01
1.770362437233038294e-02,-2.872953445565745412e+01
1.771986622955270402e-02,-2.991472596444694787e+01
1.773610808677502509e-02,-3.342813100176837082e+01
1.775234994399734617e-02,-2.993699750124633496e+01
1.776859180121966725e-02,-2.431160669848683042e+01
1.778483365844198832e-02,-2.657079385505920044e+01
1.780107551566430940e-02,-2.705589508360061046e+01
1.781731737288663048e-02,-2.436134508237026708e+01
1.783355923010895155e-02,-2.359364505538926693e+01
1.784980108733127610e-02,-2.845637640948651992e+01
1.786604294455359718e-02,-2.654673411334033517e+01
1.788228480177591825e-02,-2.821278533090332274e+01
1.789852665899823933e-02,-3.427351634217504284e+01
1.791476851622056041e-02,-2.803843677789131661e+01
1.793101037344288148e-02,-2.417053458971689395e+01
1.794725223066520256e-02,-2.012276434574314621e+01
1.796349408788752364e-02,-2.112339751557195200e+01
1.797973594510984471e-02,-2.502148595856554181e+01
1.799597780233216926e-02,-3.250113445295694703e+01
1.801221965955449034e-02,-2.907798003917250895e+01
1.802846151677681141e-02,-3.063536173584606814e+01
1.804470337399913249e-02,-3.107269564608267132e+01
1.806094523122145357e-02,-1.959632300100814817e+01
1.807718708844377464e-02,-1.686300155525372091e+01
1.809342894566609572e-02,-2.303820304107448891e+01
1.810967080288841680e-02,-2.373755309274704928e+01
1.812591266011073787e-02,-2.279435762476223459e+01
1.814215451733305895e-02,-2.389924839164672932e+01
1.815839637455538350e-02,-2.744589274011223878e+01
1.817463823177770457e-02,-2.317225765562776019e+01
1.819088008900002565e-02,-2.993119230633962147e+01
1.820712194622234673e-02,-2.894391033068422558e+01
1.822336380344466780e-02,-2.763640732335657191e+01
1.823960566066698888e-02,-2.384571960026461213e+01
1.825584751788930996e-02,-2.415102171930771391e+01
1.827208937511163103e-02,-3.048705128130037423e+01
1.828833123233395211e-02,-2.194338614318382596e+01
1.830457308955627665e-02,-2.038656996517637765e+01
1.832081494677859773e-02,-2.445221599305051896e+01
1.833705680400091881e-02,-3.272080610638832354e+01
1.835329866122323988e-02,-2.671754516408202917e+01
1.836954051844556096e-02,-2.333243798766834942e+01
1.838578237566788204e-02,-2.498970137131372837e+01
1.840202423289020311e-02,-2.690574505138034311e+01
1.841826609011252419e-02,-2.054826812483859655e+01
1.843450794733484527e-02,-2.038812624072640034e+01
1.845074980455716981e-02,-2.393392521690308783e+01
1.846699166177949089e-02,-2.217676126993240615e+01
1.848323351900181197e-02,-2.239750615917154875e+01
1.849947537622413304e-02,-2.095651366252091208e+01
1.851571723344645412e-02,-2.123646647742625504e+01
1.853195909066877520e-02,-2.437609639353978963e+01
1.854820094789109627e-02,-4.618801731352667161e+01
1.856444280511341735e-02,-2.480833188581333104e+01
1.858068466233573843e-02,-2.254959194683488022e+01
1.859692651955806297e-02,-1.944512206487207351e+01
1.861316837678038405e-02,-1.645014776378584997e+01
1.862941023400270513e-02,-1.779875688266305289e+01
1.864565209122502620e-02,-2.310442929818750102e+01
1.866189394844734728e-02,-2.112165939750689247e+01
1.867813580566966836e-02,-2.143742304696519696e+01
1.869437766289198943e-02,-2.579318989806212414e+01
1.871061952011431051e-02,-3.092565214901884474e+01
1.872686137733663159e-02,-3.676990751332584040e+01
1.874310323455895266e-02,-2.216468141257978530e+01
1.875934509178127721e-02,-1.879504929503425714e+01
1.877558694900359829e-02,-2.317399061150391404e+01
1.879182880622591936e-02,-3.349469832760965460e+01
1.880807066344824044e-02,-2.251538286846078307e+01
1.882431252067056152e-02,-1.768914634287764542e+01
1.884055437789288259e-02,-1.659821340531623335e+01
1.885679623511520367e-02,-2.501386939690430111e+01
1.887303809233752475e-02,-2.953799095994685331e+01
1.888927994955984582e-02,-2.218887741946576853e+01
1.890552180678217037e-02,-2.339971775162464596e+01
1.892176366400449145e-02,-3.090488787309467611e+01
1.893800552122681252e-02,-2.745376466661432602e+01
1.895424737844913360e-02,-2.056272611755567326e+01
1.897048923567145468e-02,-2.182459610771861946e+01
1.898673109289377575e-02,-2.786758446479795026e+01
1.900297295011609683e-02,-3.032084897900584508e+01
1.901921480733841791e-02,-2.596277203236438424e+01
1.903545666456073898e-02,-2.349149441361572244e+01
1.905169852178306353e-02,-1.853318638456542189e+01
1.906794037900538460e-02,-1.949363648221016732e+01
1.908418223622770568e-02,-2.331306685719846783e+01
1.910042409345002676e-02,-2.290468750166732903e+01
1.911666595067234783e-02,-1.970945209704803602e+01
1.913290780789466891e-02,-2.178257194315250445e+01
1.914914966511698999e-02,-2.950174433057664203e+01
1.916539152233931106e-02,-2.770776189586996452e+01
1.918163337956163214e-02,-3.829512028455009442e+01
1.919787523678395669e-02,-3.392337717504378958e+01
1.921411709400627776e-02,-2.859495933305481685e+01
1.923035895122859884e-02,-2.055540836142050409e+01
1.924660080845091992e-02,-2.381510392541549237e+01
1.926284266567324099e-02,-2.858689217089277790e+01
1.927908452289556207e-02,-3.049609237640922643e+01
1.929532638011788315e-02,-2.969811355985921608e+01
1.931156823734020422e-02,-2.327482840769192407e+01
1.932781009456252530e-02,-2.648138885607254522e+01
1.934405195178484638e-02,-2.915870634529878203e+01
1.936029380900717092e-02,-3.047102995728475605e+01
1.937653566622949200e-02,-2.295562079547941536e+01
1.939277752345181308e-02,-2.247709521031034541e+01
1.940901938067413415e-02,-2.944288214908139523e+01
1.942526123789645523e-02,-2.041567985357703918e+01
1.944150309511877631e-02,-1.904773015211149101e+01
1.945774495234109738e-02,-2.434906390402412413e+01
1.947398680956341846e-02,-2.994287101613559088e+01
1.949022866678573954e-02,-2.434759357998002471e+01
1.950647052400806408e-02,-2.309416096539749930e+01
1.952271238123038516e-02,-2.385402880223924171e+01
1.953895423845270624e-02,-4.443878596741060960e+01
1.955519609567502731e-02,-2.028520306182359434e+01
1.957143795289734839e-02,-1.887153659240805226e+01
1.958767981011966947e-02,-2.454306392212683363e+01
1.960392166734199054e-02,-2.217493902314599197e+01
1.962016352456431162e-02,-2.407278839825330152e+01
1.963640538178663270e-02,-2.670900410293885940e+01
1.965264723900895724e-02,-2.201273801908978811e+01
1.966888909623127832e-02,-2.005554483944353450e+01
1.968513095345359940e-02,-2.332187955126024193e+01
1.970137281067592047e-02,-2.163687208104441950e+01
1.971761466789824155e-02,-2.376154865381545989e+01
1.973385652512056262e-02,-2.552478410329522518e+01
1.975009838234288370e-02,-1.902535536549076411e+01
1.976634023956520478e-02,-2.824025432711201944e+01
1.978258209678752585e-02,-2.322749702318078135e+01
1.979882395400984693e-02,-3.302785122623689773e+01
1.981506581123217148e-02,-3.089705203284604806e+01
1.983130766845449255e-02,-2.481390932488431389e+01
1.984754952567681363e-02,-2.827109946991075518e+01
1.986379138289913471e-02,-5.276757856937891944e+01
1.988003324012145578e-02,-2.458490256454791378e+01
1.989627509734377686e-02,-2.058974989381783871e+01
1.991251695456609794e-02,-2.168655612434836399e+01
1.992875881178841901e-02,-2.385813945711700157e+01
1.994500066901074009e-02,-2.272635097894471556e+01
1.996124252623306464e-02,-2.596606170388229273e+01
1.997748438345538571e-02,-2.617950642518140825e+01
1.999372624067770679e-02,-2.509204121589703718e+01
2.000996809790002787e-02,-2.098771212461869951e+01
2.002620995512234894e-02,-2.041608113731026464e+01
2.004245181234467002e-02,-2.240066669430715862e+01
2.005869366956699110e-02,-2.625969846999376855e+01
2.007493552678931217e-02,-3.911577261831807562e+01
2.009117738401163325e-02,-3.340297456582471369e+01
2.010741924123395780e-02,-2.963266861156613530e+01
2.012366109845627887e-02,-3.403778517944023463e+01
2.013990295567859995e-02,-2.525727478593271158e+01
2.015614481290092103e-02,-2.145150667724653104e+01
2.017238667012324210e-02,-2.210096275768253804e+01
2.018862852734556318e-02,-1.988411524004171582e+01
2.020487038456788426e-02,-2.102298668474904986e+01
2.022111224179020533e-02,-2.638741486412621740e+01
2.023735409901252641e-02,-2.144593679639381634e+01
2.025359595623485096e-02,-1.919185609406766702e+01
2.026983781345717203e-02,-2.479242602630709058e+01
2.028607967067949311e-02,-2.531485075399949736e+01
2.030232152790181419e-02,-2.357672665594820671e+01
2.031856338512413526e-02,-2.383372413593383499e+01
2.033480524234645634e-02,-2.541581605096482122e+01
2.035104709956877742e-02,-2.297837593050223859e+01
2.036728895679109849e-02,-2.440604375702024242e+01
2.038353081401341957e-02,-3.289875082382841498e+01
2.039977267123574065e-02,-2.738243193563555877e+01
2.041601452845806519e-02,-2.101740895585911773e+01
2.043225638568038627e-02,-2.149204050226606100e+01
2.044849824290270734e-02,-2.350989829583544122e+01
2.046474010012502842e-02,-2.687932914211352298e+01
2.048098195734734950e-02,-2.356602825866892914e+01
2.049722381456967057e-02,-2.229827047177650812e+01
2.051346567179199165e-02,-1.905142073202541653e+01
2.052970752901431273e-02,-2.042811550022587852e+01
2.054594938623663380e-02,-2.628922460314472431e+01
2.056219124345895835e-02,-2.811909352794904038e+01
2.057843310068127943e-02,-2.682976540470978932e+01
2.059467495790360050e-02,-3.501226403146245758e+01
2.061091681512592158e-02,-2.693660344600319334e+01
2.062715867234824266e-02,-2.282536144009404921e+01
2.064340052957056373e-02,-2.154147044436162872e+01
2.065964238679288481e-02,-1.924541178065377167e+01
2.067588424401520589e-02,-1.967879016503451339e+01
2.069212610123752696e-02,-2.105588790965081003e+01
2.070836795845985151e-02,-1.927739168167138928e+01
2.072460981568217259e-02,-2.034488277092238917e+01
2.074085167290449366e-02,-2.322099901611509054e+01
2.075709353012681474e-02,-2.768210912055585737e+01
2.077333538734913582e-02,-2.981564833065435849e+01
2.078957724457145689e-02,-3.619771806692675398e+01
2.080581910179377797e-02,-3.298937678498412396e+01
2.082206095901609905e-02,-2.890476805426210305e+01
2.083830281623842012e-02,-2.658156155674990373e+01
2.085454467346074467e-02,-2.543701393690481183e+01
2.087078653068306575e-02,-2.488654657021323047e+01
2.088702838790538682e-02,-2.143829746672367165e+01
2.090327024512770790e-02,-2.913722892513781559e+01
2.091951210235002898e-02,-2.282401507521849027e+01
2.093575395957235005e-02,-1.856338761517870140e+01
2.095199581679467113e-02,-2.012692863072288318e+01
2.096823767401699221e-02,-2.156245220325009981e+01
2.098447953123931328e-02,-2.005237674612433096e+01
2.100072138846163436e-02,-2.033724932596145862e+01
2.101696324568395891e-02,-2.516892893442049584e+01
2.103320510290627998e-02,-2.350329419780349482e+01
2.104944696012860106e-02,-2.787484137652153393e+01
2.106568881735092214e-02,-4.079397484666945672e+01
2.108193067457324321e-02,-2.997266090545981854e+01
2.109817253179556429e-02,-2.035157077379314217e+01
2.111441438901788537e-02,-1.872743481996081627e+01
2.113065624624020644e-02,-2.855670354564235680e+01
2.114689810346252752e-02,-2.155375433098050308e+01
2.116313996068485206e-02,-1.794575835535781039e+01
2.117938181790717314e-02,-2.450725569784397351e+01
2.119562367512949422e-02,-2.880901226474569654e+01
2.121186553235181529e-02,-2.439018468316833221e+01
2.122810738957413637e-02,-2.369823978245661067e+01
2.124434924679645745e-02,-2.022057719981956936e+01
2.126059110401877852e-02,-1.924746331902229457e+01
2.127683296124109960e-02,-2.585644117085786320e+01
2.129307481846342068e-02,-2.794742788883811002e+01
2.130931667568574522e-02,-2.468994827805943260e+01
2.132555853290806630e-02,-2.646178367368951712e+01
2.134180039013038738e-02,-2.541077372687256641e+01
2.135804224735270845e-02,-2.815238362203231759e+01
2.137428410457502953e-02,-2.459473405047356920e+01
2.139052596179735061e-02,-2.393528465617704271e+01
2.140676781901967168e-02,-3.364604264432728797e+01
2.142300967624199276e-02,-2.437900981604396122e+01
2.143925153346431384e-02,-2.499084666563672386e+01
2.145549339068663491e-02,-2.490373270547263473e+01
2.147173524790895946e-02,-3.040029396800858308e+01
2.148797710513128054e-02,-2.844862233067070179e+01
2.150421896235360161e-02,-2.330988364781969580e+01
2.152046081957592269e-02,-2.287290616926634712e+01
2.153670267679824377e-02,-2.635580805761296830e+01
2.155294453402056484e-02,-2.272682408638261364e+01
2.156918639124288592e-02,-2.014681021982207554e+01
2.158542824846520700e-02,-2.183539391702382915e+01
2.160167010568752807e-02,-2.462689788195555707e+01
2.161791196290985262e-02,-2.510913356099004901e+01
2.163415382013217370e-02,-2.405165549481028364e+01
2.165039567735449477e-02,-4.613450608960687305e+01
2.166663753457681585e-02,-2.783376332403854292e+01
2.168287939179913693e-02,-2.621215109651842567e+01
2.169912124902145800e-02,-2.719160300139505893e+01
2.171536310624377908e-02,-2.604686910046688553e+01
2.173160496346610016e-02,-2.654445605381313555e+01
2.174784682068842123e-02,-2.462104125761683449e+01
2.176408867791074578e-02,-2.097762967332045747e+01
2.178033053513306685e-02,-2.264104867486330974e+01
2.179657239235538793e-02,-2.346987898061463440e+01
2.181281424957770901e-02,-2.813192638947992208e+01
2.182905610680003008e-02,-1.541326685412094832e+01
2.184529796402235116e-02,-1.519916716543488810e+01
2.186153982124467224e-02,-2.008891850287718128e+01
2.187778167846699331e-02,-2.214950513812401311e+01
2.189402353568931439e-02,-2.363988035091685447e+01
2.191026539291163894e-02,-3.259653588618238018e+01
2.192650725013396001e-02,-3.130231226836627556e+01
2.194274910735628109e-02,-3.205341568572335831e+01
2.195899096457860217e-02,-3.171730819722956696e+01
2.197523282180092324e-02,-2.337308212434192711e+01
2.199147467902324432e-02,-2.181065345339028383e+01
2.200771653624556540e-02,-2.970518770659806762e+01
2.202395839346788647e-02,-2.347403120357790129e+01
2.204020025069020755e-02,-2.867313806399024756e+01
2.205644210791252863e-02,-4.846871972139026497e+01
2.207268396513485317e-02,-2.705716120413693915e+01
2.208892582235717425e-02,-2.108629970272214393e+01
2.210516767957949533e-02,-2.080861200476642026e+01
2.212140953680181640e-02,-2.355748148874991443e+01
2.213765139402413748e-02,-2.182821018592202478e+01
2.215389325124645856e-02,-2.178261587420688272e+01
2.217013510846877963e-02,-2.727393603584387449e+01
2.218637696569110071e-02,-2.356128926981693184e+01
2.220261882291342179e-02,-2.762348038583185428e+01
2.221886068013574633e-02,-4.030890345478991321e+01
2.223510253735806741e-02,-2.922946422661754085e+01
2.225134439458038849e-02,-2.722633595735385370e+01
2.226758625180270956e-02,-2.791066437746267326e+01
2.228382810902503064e-02,-3.094149863966160297e+01
2.230006996624735172e-02,-2.038480914028825453e+01
2.231631182346967279e-02,-1.787569040710031487e+01
2.233255368069199387e-02,-2.124868159008422452e+01
2.234879553791431495e-02,-2.421892075224072727e+01
2.236503739513663949e-02,-2.383355977657637226e+01
2.238127925235896057e-02,-2.410358174541290310e+01
2.239752110958128165e-02,-2.207270375815630459e+01
2.241376296680360272e-02,-2.566562723748365116e+01
2.243000482402592380e-02,-4.429198737978183686e+01
2.244624668124824488e-02,-3.317994261696494362e+01
2.246248853847056595e-02,-2.490065970601684597e+01
2.247873039569288703e-02,-2.627810193332975075e+01
2.249497225291520811e-02,-2.770815405636552597e+01
2.251121411013753265e-02,-2.069943349989425840e+01
2.252745596735985373e-02,-1.874287662089060902e+01
2.254369782458217480e-02,-2.001663265063150021e+01
2.255993968180449588e-02,-2.528014725497132531e+01
2.257618153902681696e-02,-2.892802119916252224e+01
2.259242339624913803e-02,-2.426888300847621593e+01
2.260866525347145911e-02,-2.165654322337972104e+01
2.262490711069378019e-02,-2.199271298354323534e+01
2.264114896791610126e-02,-1.970107092857453068e+01
2.265739082513842234e-02,-1.741589749434957923e+01
2.267363268236074689e-02,-1.967075477825872198e+01
2.268987453958306796e-02,-2.559122966575380786e+01
2.270611639680538904e-02,-2.674224631201276381e+01
2.272235825402771012e-02,-2.150438872147266522e+01
2.273860011125003119e-02,-2.259438073719148576e+01
2.275484196847235227e-02,-2.516030755417130749e+01
2.277108382569467335e-02,-2.995133588409850134e+01
2.278732568291699442e-02,-3.501833277136351796e+01
2.280356754013931550e-02,-2.933430783139259290e+01
2.281980939736164005e-02,-3.028681222428253861e+01
2.283605125458396112e-02,-2.692166764342200480e+01
2.285229311180628220e-02,-3.224832019603082500e+01
2.286853496902860328e-02,-2.929217319438757627e+01
2.288477682625092435e-02,-2.189865145710277972e+01
2.290101868347324543e-02,-2.092109974678481166e+01
2.291726054069556651e-02,-2.008492629294477183e+01
2.293350239791788758e-02,-2.116950263181515624e+01
2.294974425514020866e-02,-3.249921008436665204e+01
2.296598611236253321e-02,-2.024944976953396036e+01
2.298222796958485428e-02,-2.020641859934137585e+01
2.299846982680717536e-02,-4.315250293717085128e+01
2.301471168402949644e-02,-1.895191877107797040e+01
2.303095354125181751e-02,-1.599040171259055221e+01
2.304719539847413859e-02,-1.864303068314383438e+01
2.306343725569645967e-02,-2.460072729063107033e+01
2.307967911291878074e-02,-3.168626620710053388e+01
2.309592097014110182e-02,-2.849213914349950727e+01
2.311216282736342290e-02,-2.524840363743225069e+01
2.312840468458574744e-02,-3.402766821294693500e+01
2.314464654180806852e-02,-2.985439317074606436e+01
2.316088839903038960e-02,-2.484881153705011059e+01
2.317713025625271067e-02,-2.820053792280166860e+01
2.319337211347503175e-02,-4.089958818288931752e+01
2.320961397069735282e-02,-3.421682515167886152e+01
2.322585582791967390e-02,-2.652308076759868527e+01
2.324209768514199498e-02,-2.352964903501688809e+01
2.325833954236431605e-02,-2.495095810110456824e+01
2.327458139958664060e-02,-3.807716409608048025e+01
2.329082325680896168e-02,-2.439802656734403996e+01
2.330706511403128275e-02,-2.532769784867488738e+01
2.332330697125360383e-02,-2.718910300262156454e+01
2.333954882847592491e-02,-2.144708416302674436e+01
2.335579068569824598e-02,-2.347851978594768596e+01
2.337203254292056706e-02,-2.907272157035024307e+01
2.338827440014288814e-02,-2.911149782460864088e+01
2.340451625736520921e-02,-2.331345756649335854e+01
2.342075811458753376e-02,-2.535756130595007463e+01
2.343699997180985484e-02,-2.515376601528603828e+01
2.345324182903217591e-02,-2.862261870998359825e+01
2.346948368625449699e-02,-4.442708404397379951e+01
2.348572554347681807e-02,-3.179298682660708408e+01
2.350196740069913914e-02,-2.347403812806288315e+01
2.351820925792146022e-02,-1.962191613617016017e+01
2.353445111514378130e-02,-1.775421963739193387e+01
2.355069297236610237e-02,-1.731958901699969999e+01
2.356693482958842692e-02,-1.697599969026094868e+01
2.358317668681074800e-02,-1.674735576567820772e+01
2.359941854403306907e-02,-1.921597145506257220e+01
2.361566040125539015e-02,-2.810281886500922610e+01
2.363190225847771123e-02,-2.521347132581512440e+01
2.364814411570003230e-02,-2.025509121469309548e+01
2.366438597292235338e-02,-2.424903332901941155e+01
2.368062783014467446e-02,-2.096620435236260960e+01
2.369686968736699553e-02,-2.198052041314779359e+01
2.371311154458931661e-02,-4.349972138379194320e+01
2.372935340181164116e-02,-2.328039221639348710e+01
2.374559525903396223e-02,-2.137281295318043561e+01
2.376183711625628331e-02,-2.182312747440311540e+01
2.377807897347860439e-02,-2.251735271577850739e+01
2.379432083070092546e-02,-2.381481601319431007e+01
2.381056268792324654e-02,-2.561034356501591702e+01
2.382680454514556762e-02,-3.184511243799243374e+01
2.384304640236788869e-02,-2.708426176008725150e+01
2.385928825959020977e-02,-3.090203312650596246e+01
2.387553011681253431e-02,-2.692430718354360764e+01
2.389177197403485539e-02,-2.007173809716470458e+01
2.390801383125717647e-02,-1.795562645059883167e+01
2.392425568847949754e-02,-1.890660820143815357e+01
2.394049754570181862e-02,-2.480315257594609335e+01
2.395673940292413970e-02,-3.582609014910677558e+01
2.397298126014646077e-02,-2.951428985425936347e+01
2.398922311736878185e-02,-2.891946481877586450e+01
2.400546497459110293e-02,-2.681488439392966683e+01
2.402170683181342747e-02,-2.466636379201924356e+01
2.403794868903574855e-02,-2.298754792534844071e+01
2.405419054625806963e-02,-2.441962944174562367e+01
2.407043240348039070e-02,-2.633716204033082064e+01
2.408667426070271178e-02,-2.908665217741775422e+01
2.410291611792503286e-02,-2.547675738239829002e+01
2.411915797514735393e-02,-2.682036839418417884e+01
2.413539983236967501e-02,-2.598551487364726853e+01
2.415164168959199609e-02,-2.406787306717320973e+01
2.416788354681432063e-02,-2.489024655816175624e+01
2.418412540403664171e-02,-4.196139217114509279e+01
2.420036726125896279e-02,-2.569090776078752825e+01
2.421660911848128386e-02,-2.424763605548394096e+01
2.423285097570360494e-02,-2.355506983669606669e+01
2.424909283292592602e-02,-2.293594555504127186e+01
2.426533469014824709e-02,-2.793341781885082753e+01
2.428157654737056817e-02,-3.430249820143790629e+01
2.429781840459288925e-02,-2.385619918341915024e+01
2.431406026181521032e-02,-2.085628609804909672e+01
2.433030211903753487e-02,-2.854295425938946806e+01
2.434654397625985595e-02,-3.165498038579678308e+01
2.436278583348217702e-02,-3.157259254014135763e+01
2.437902769070449810e-02,-3.453078666638629812e+01
2.439526954792681918e-02,-3.405907102806152409e+01
2.441151140514914025e-02,-2.434304410160552834e+01
2.442775326237146133e-02,-2.664937367881108798e+01
2.444399511959378241e-02,-3.913650338908360737e+01
2.446023697681610348e-02,-2.744551074478734876e+01
2.447647883403842803e-02,-2.154055363650841315e+01
2.449272069126074911e-02,-2.155321457205267421e+01
2.450896254848307018e-02,-2.334708364405489789e+01
2.452520440570539126e-02,-2.715479397683377272e+01
2.454144626292771234e-02,-3.303694586558198409e+01
2.455768812015003341e-02,-2.274122449685098957e+01
2.457392997737235449e-02,-2.297478151992905282e+01
2.459017183459467557e-02,-2.538924001831009392e+01
2.460641369181699664e-02,-3.078392545330774510e+01
2.462265554903932119e-02,-2.998451754485784804e+01
2.463889740626164226e-02,-2.789880804245233747e+01
2.465513926348396334e-02,-2.786952915459800195e+01
2.467138112070628442e-02,-2.369861210996198153e+01
2.468762297792860549e-02,-2.625113552097264602e+01
2.470386483515092657e-02,-4.053537891238531188e+01
2.472010669237324765e-02,-3.707161098513474684e+01
2.473634854959556872e-02,-2.561263452777165384e+01
2.475259040681788980e-02,-2.125889800136899055e+01
2.476883226404021435e-02,-2.199497146229982292e+01
2.478507412126253542e-02,-1.863303344352108226e+01
2.480131597848485650e-02,-1.899684256427593709e+01
2.481755783570717758e-02,-1.975968481134733779e+01
2.483379969292949865e-02,-1.915413963028995425e+01
2.485004155015181973e-02,-2.266960773184468536e+01
2.486628340737414081e-02,-2.764834836055555911e+01
2.488252526459646188e-02,-2.870474314845441910e+01
2.489876712181878296e-02,-3.616520912833485824e+01
2.491500897904110404e-02,-2.901349132367675665e+01
2.493125083626342858e-02,-2.479656014656809759e+01
2.494749269348574966e-02,-2.260523988715257815e+01
2.496373455070807074e-02,-2.332606070530943398e+01
2.497997640793039181e-02,-3.196365338292615377e+01
2.499621826515271289e-02,-4.492664292659952707e+01
2.501246012237503397e-02,-3.447996929732522631e+01
2.502870197959735504e-02,-3.565352028749344981e+01
2.504494383681967612e-02,-3.277937451658522150e+01
2.506118569404199720e-02,-3.722904123006107824e+01
2.507742755126432174e-02,-2.782970573633856759e+01
2.509366940848664282e-02,-2.302950038194400051e+01
2.510991126570896390e-02,-1.982328606498269608e+01
2.512615312293128497e-02,-1.887142523923941084e+01
2.514239498015360605e-02,-2.036491634071809642e+01
2.515863683737592713e-02,-2.360195953261256108e+01
2.517487869459824820e-02,-2.508006881605086136e+01
2.519112055182056928e-02,-3.610206771297270478e+01
2.520736240904289036e-02,-2.548104243767337707e+01
2.522360426626521490e-02,-2.500656102151396709e+01
2.523984612348753598e-02,-2.369531281035278525e+01
2.525608798070985705e-02,-2.190571925887177684e+01
2.527232983793217813e-02,-1.987269938334307184e+01
2.528857169515449921e-02,-2.217480404544540562e+01
2.530481355237682028e-02,-2.690486917228946950e+01
2.532105540959914136e-02,-2.669591480924636073e+01
2.533729726682146244e-02,-2.353731099078144595e+01
2.535353912404378351e-02,-2.108109437669472896e+01
2.536978098126610459e-02,-2.214260200651010280e+01
2.538602283848842914e-02,-2.428213447334465869e+01
2.540226469571075021e-02,-2.534379006990880256e+01
2.541850655293307129e-02,-2.964104417465564723e+01
2.543474841015539237e-02,-2.939667535556206701e+01
2.545099026737771344e-02,-2.213546153553356177e+01
2.546723212460003452e-02,-2.082764806795049495e+01
2.548347398182235560e-02,-2.414235041058138620e+01
2.549971583904467667e-02,-2.396722539641696770e+01
2.551595769626699775e-02,-2.256558620774182344e+01
2.553219955348932230e-02,-2.444854240157134129e+01
2.554844141071164337e-02,-3.154036893716229528e+01
2.556468326793396445e-02,-3.463299176117877209e+01
2.558092512515628553e-02,-3.473737523957300510e+01
2.559716698237860660e-02,-3.124111271992866179e+01
2.561340883960092768e-02,-2.371445733296011937e+01
2.562965069682324876e-02,-2.118718750909530257e+01
2.564589255404556983e-02,-2.227744829459816600e+01
2.566213441126789091e-02,-2.309006392673907371e+01
2.567837626849021546e-02,-2.343126866754727899e+01
2.569461812571253653e-02,-2.453727300695113200e+01
2.571085998293485761e-02,-2.594819169217446486e+01
2.572710184015717869e-02,-2.601877533136149978e+01
2.574334369737949976e-02,-3.084545869987237765e+01
2.575958555460182084e-02,-2.872583106603257974e+01
2.577582741182414192e-02,-2.052051659712433107e+01
2.579206926904646299e-02,-1.868872965072125325e+01
2.580831112626878407e-02,-2.124331592175277450e+01
2.582455298349110862e-02,-3.083733533949090599e+01
2.584079484071342969e-02,-2.483112104022896460e+01
2.585703669793575077e-02,-2.181010223569713702e+01
2.587327855515807185e-02,-2.313805686689578067e+01
2.588952041238039292e-02,-2.166357048362281290e+01
2.590576226960271400e-02,-2.052699534328373687e+01
2.592200412682503508e-02,-2.681905849862224755e+01
2.593824598404735615e-02,-2.150165852457774207e+01
2.595448784126967723e-02,-2.170964355177676808e+01
2.597072969849199831e-02,-2.798615561616189851e+01
2.598697155571432285e-02,-3.462900326703572773e+01
2.600321341293664393e-02,-3.537972597626288973e+01
2.601945527015896500e-02,-3.334007288694928661e+01
2.603569712738128608e-02,-4.672172957383924086e+01
2.605193898460360716e-02,-2.455327333170039239e+01
2.606818084182592823e-02,-2.615333399587687069e+01
2.608442269904824931e-02,-2.939698300270865872e+01
2.610066455627057039e-02,-2.840065119711873720e+01
2.611690641349289146e-02,-2.696042460796110873e+01
2.613314827071521601e-02,-2.066718358925400167e+01
2.614939012793753709e-02,-1.942745279270860692e+01
2.616563198515985816e-02,-2.278060081311284080e+01
2.618187384238217924e-02,-2.464353152230323829e+01
2.619811569960450032e-02,-2.377067023803067514e+01
2.621435755682682139e-02,-2.774660176208982421e+01
2.623059941404914247e-02,-3.592382313561631690e+01
2.624684127127146355e-02,-2.474544216195804580e+01
2.626308312849378462e-02,-2.159826008605154612e+01
2.627932498571610917e-02,-2.245942347958727581e+01
2.629556684293843025e-02,-2.237329947452069590e+01
2.631180870016075132e-02,-2.106411143580936596e+01
2.632805055738307240e-02,-2.434855035739917639e+01
2.634429241460539348e-02,-3.731991084933916625e+01
2.636053427182771455e-02,-3.669662201826441361e+01
2.637677612905003563e-02,-2.406711253491506142e+01
2.639301798627235671e-02,-2.144762586176386776e+01
2.640925984349467778e-02,-2.472274071730302225e+01
2.642550170071700233e-02,-2.676320185651329453e+01
2.644174355793932341e-02,-2.525448830483356133e+01
2.645798541516164448e-02,-2.649233428766586940e+01
2.647422727238396556e-02,-2.886517236222742611e+01
2.649046912960628664e-02,-2.341459667743261974e+01
2.650671098682860771e-02,-2.165431484308260224e+01
2.652295284405092879e-02,-2.572539453311718205e+01
2.653919470127324987e-02,-2.086622061935728567e+01
2.655543655849557094e-02,-2.149243275489588711e+01
2.657167841571789202e-02,-2.141553055553294982e+01
2.658792027294021657e-02,-2.055979118588975396e+01
2.660416213016253764e-02,-2.485199033500087040e+01
2.662040398738485872e-02,-2.248803662404532133e+01
2.663664584460717979e-02,-2.276841420231814439e+01
2.665288770182950087e-02,-2.391842837917035425e+01
2.666912955905182195e-02,-2.607226240919810678e+01
2.668537141627414302e-02,-2.254818032756369917e+01
2.670161327349646410e-02,-1.418416710229881517e+01
2.671785513071878518e-02,-1.409695002368906103e+01
2.673409698794110972e-02,-2.029314758103640770e+01
2.675033884516343080e-02,-3.232167918696218578e+01
2.676658070238575188e-02,-2.642786637935052596e+01
2.678282255960807295e-02,-2.197283523900012270e+01
2.679906441683039403e-02,-2.055799934782837823e+01
2.681530627405271511e-02,-2.213427791305853276e+01
2.683154813127503618e-02,-2.497921413632153786e+01
2.684778998849735726e-02,-1.967223628062862417e+01
2.686403184571967834e-02,-1.683230102784229487e+01
2.688027370294200288e-02,-1.883664072931706102e+01
2.689651556016432396e-02,-2.090559733598437475e+01
2.691275741738664504e-02,-2.255389442576412762e+01
2.692899927460896611e-02,-2.549641666806267892e+01
2.694524113183128719e-02,-2.389788709409648959e+01
2.696148298905360827e-02,-2.346366612072268154e+01
2.697772484627592934e-02,-3.170935508278088122e+01
2.699396670349825042e-02,-2.709652871936032170e+01
2.701020856072057150e-02,-2.751493490708988787e+01
2.702645041794289257e-02,-2.606886538122497399e+01
2.704269227516521712e-02,-2.361288523136919082e+01
2.705893413238753820e-02,-2.678582616468910160e+01
2.707517598960985927e-02,-3.412722880435147488e+01
2.709141784683218035e-02,-2.503965198434743655e+01
2.710765970405450143e-02,-2.545860262377174976e+01
2.712390156127682250e-02,-3.144900566625038252e+01
2.714014341849914358e-02,-2.330519780149603903e+01
2.715638527572146466e-02,-2.113716040774681559e+01
2.717262713294378573e-02,-2.081459688053221768e+01
2.718886899016611028e-02,-2.023799473546407413e+01
2.720511084738843136e-02,-2.334721104212409415e+01
2.722135270461075243e-02,-2.835529283087772612e+01
2.723759456183307351e-02,-4.434191540023677192e+01
2.725383641905539459e-02,-2.444140536692469112e+01
2.727007827627771566e-02,-1.794003301812175977e+01
2.728632013350003674e-02,-1.705457604963982021e+01
2.730256199072235782e-02,-1.876484705060094171e+01
2.731880384794467889e-02,-1.763800786117661801e+01
2.733504570516700344e-02,-1.617363165088985966e+01
2.735128756238932451e-02,-1.845819838118038447e+01
2.736752941961164559e-02,-2.190411149814382696e+01
2.738377127683396667e-02,-2.084158262906041159e+01
2.740001313405628774e-02,-2.013129535035508155e+01
2.741625499127860882e-02,-1.895237762847063934e+01
2.743249684850092990e-02,-1.808754978174545158e+01
2.744873870572325097e-02,-2.274341995242365044e+01
2.746498056294557205e-02,-2.765425974096042694e+01
2.748122242016789660e-02,-2.555806027528609548e+01
2.749746427739021767e-02,-2.366416343802817934e+01
2.751370613461253875e-02,-1.968417635083308070e+01
2.752994799183485983e-02,-2.053355745203383975e+01
2.754618984905718090e-02,-2.969320854753001981e+01
2.756243170627950198e-02,-2.987994247882210885e+01
2.757867356350182306e-02,-3.831682783703999462e+01
2.759491542072414413e-02,-2.328958622449237481e+01
2.761115727794646521e-02,-2.017585901997829723e+01
2.762739913516878629e-02,-2.237345669399440595e+01
2.764364099239111083e-02,-2.424434614747956829e+01
2.765988284961343191e-02,-2.724041440332827690e+01
2.767612470683575299e-02,-3.526461862770847233e+01
2.769236656405807406e-02,-2.756653461311394437e+01
2.770860842128039514e-02,-2.435099612475805486e+01
2.772485027850271622e-02,-4.279429332014853316e+01
2.774109213572503729e-02,-2.368116331346435999e+01
2.775733399294735837e-02,-2.893204494589167552e+01
2.777357585016967945e-02,-2.545808587435429615e+01
2.778981770739200399e-02,-1.984703806577676488e+01
2.780605956461432507e-02,-1.878748769586337275e+01
2.782230142183664615e-02,-1.870705900490767348e+01
2.783854327905896722e-02,-1.885990398525698453e+01
2.785478513628128830e-02,-2.096005239902243744e+01
2.787102699350360938e-02,-2.420936985544213016e+01
2.788726885072593045e-02,-2.128586125204802215e+01
2.790351070794825153e-02,-2.712474543530846915e+01
2.791975256517057261e-02,-2.318686378479019794e+01
2.793599442239289715e-02,-2.555928095168763647e+01
2.795223627961521823e-02,-2.172255037971531877e+01
2.796847813683753931e-02,-2.619346672474414106e+01
2.798471999405986038e-02,-2.232134783095570185e+01
2.800096185128218146e-02,-2.426553629325704975e+01
2.801720370850450254e-02,-2.393721015779417982e+01
2.803344556572682361e-02,-3.117529451354536718e+01
2.804968742294914469e-02,-1.967208427448722574e+01
2.806592928017146577e-02,-1.714024775367505171e+01
2.808217113739379031e-02,-1.966516098635386101e+01
2.809841299461611139e-02,-2.149539502828832838e+01
2.811465485183843246e-02,-2.686245487767184059e+01
2.813089670906075354e-02,-2.616933137636771534e+01
2.814713856628307462e-02,-2.088856119108263698e+01
2.816338042350539569e-02,-2.085394775511549526e+01
2.817962228072771677e-02,-2.122806374463864643e+01
2.819586413795003785e-02,-2.375206620522241963e+01
2.821210599517235892e-02,-2.559391857706493667e+01
2.822834785239468000e-02,-2.413263202787827666e+01
2.824458970961700455e-02,-2.131354661567360509e+01
2.826083156683932562e-02,-1.871641244413720528e+01
2.827707342406164670e-02,-1.761807720375112041e+01
2.829331528128396778e-02,-1.988836563360346332e+01
2.830955713850628885e-02,-2.200521561018895511e+01
2.832579899572860993e-02,-2.300773288865560318e+01
2.834204085295093101e-02,-2.789896386051043464e+01
2.835828271017325208e-02,-4.150033444582523146e+01
2.837452456739557316e-02,-3.182196112069105354e+01
2.839076642461789771e-02,-2.894342486546511495e+01
2.840700828184021878e-02,-2.068913232644109002e+01
2.842325013906253986e-02,-1.777319322149428160e+01
2.843949199628486094e-02,-1.975788054242967817e+01
2.845573385350718201e-02,-2.379979625621704287e+01
2.847197571072950309e-02,-3.205112839842909978e+01
2.848821756795182417e-02,-1.868637374263604656e+01
2.850445942517414524e-02,-1.763924700496147935e+01
2.852070128239646632e-02,-2.176898773478760063e+01
2.853694313961879087e-02,-3.176328322826799777e+01
2.855318499684111194e-02,-2.067716392430500605e+01
2.856942685406343302e-02,-1.899168273638498405e+01
2.858566871128575410e-02,-2.010305041803657744e+01
2.860191056850807517e-02,-1.986352267301667496e+01
2.861815242573039625e-02,-2.324465025203544499e+01
2.863439428295271733e-02,-3.775394148334673616e+01
2.865063614017503840e-02,-2.624603615747549057e+01
2.866687799739735948e-02,-3.285638425892851444e+01
2.868311985461968056e-02,-2.862331916798229869e+01
2.869936171184200510e-02,-2.001899659409269816e+01
2.871560356906432618e-02,-1.579169266884662015e+01
2.873184542628664725e-02,-1.475000169326083110e+01
2.874808728350896833e-02,-1.837171388168135167e+01
2.876432914073128941e-02,-2.913515683774155818e+01
2.878057099795361048e-02,-2.644240831803029579e+01
2.879681285517593156e-02,-2.632348934329548484e+01
2.881305471239825264e-02,-2.607510810183300265e+01
2.882929656962057371e-02,-2.526329082351151101e+01
2.884553842684289826e-02,-2.408143498975674390e+01
2.886178028406521934e-02,-2.607470283382956211e+01
2.887802214128754041e-02,-2.730414282267413029e+01
2.889426399850986149e-02,-2.328024014914942086e+01
2.891050585573218257e-02,-1.944214374861284256e+01
2.892674771295450364e-02,-1.773743574328011974e+01
2.894298957017682472e-02,-2.178333653004242976e+01
2.895923142739914580e-02,-2.719723821936865349e+01
2.897547328462146687e-02,-2.328057015050546141e+01
2.899171514184379142e-02,-1.779354070347062944e+01
2.900795699906611250e-02,-1.776931526043207654e+01
2.902419885628843357e-02,-2.745033176421615906e+01
2.904044071351075465e-02,-2.541950252851801650e+01
2.905668257073307573e-02,-1.991162727165987434e+01
2.907292442795539680e-02,-1.951627320101203367e+01
2.908916628517771788e-02,-1.946882484917786726e+01
2.910540814240003896e-02,-2.103358228450123590e+01
2.912164999962236003e-02,-2.163198206749152774e+01
2.913789185684468458e-02,-2.081872429695485494e+01
2.915413371406700566e-02,-2.777597419006652046e+01
2.917037557128932673e-02,-2.490037267709752555e+01
2.918661742851164781e-02,-2.297984650591865829e+01
2.920285928573396889e-02,-2.729548144475114668e+01
2.921910114295628996e-02,-2.852932218529617359e+01
2.923534300017861104e-02,-3.121390200846419916e+01
2.925158485740093212e-02,-3.058567920011522290e+01
2.926782671462325319e-02,-2.707231883008363482e+01
2.928406857184557427e-02,-3.193009227887109347e+01
2.930031042906789882e-02,-3.834271545567536066e+01
2.931655228629021989e-02,-2.302930440489968333e+01
2.933279414351254097e-02,-1.825953858930157736e+01
2.934903600073486205e-02,-1.999485769376433453e+01
2.936527785795718312e-02,-2.382116466888685835e+01
2.938151971517950420e-02,-2.132176812236279062e+01
2.939776157240182528e-02,-2.108905735140790227e+01
2.941400342962414635e-02,-3.052527875885349928e+01
2.943024528684646743e-02,-2.848554743273129830e+01
2.944648714406879197e-02,-2.610070574370209329e+01
2.946272900129111305e-02,-2.669695474840679239e+01
2.947897085851343413e-02,-2.316248154902235967e+01
2.949521271573575520e-02,-2.823603707961993337e+01
2.951145457295807628e-02,-2.436705932455515011e+01
2.952769643018039736e-02,-2.094960133856575979e+01
2.954393828740271843e-02,-2.551722068971439228e+01
2.956018014462503951e-02,-3.844722442577774757e+01
2.957642200184736059e-02,-2.952971866237275833e+01
2.959266385906968513e-02,-1.937955932146995863e+01
2.960890571629200621e-02,-1.714983250713397922e+01
2.962514757351432729e-02,-1.678284445042822881e+01
2.964138943073664836e-02,-1.608530612338334009e+01
2.965763128795896944e-02,-1.824729840090424915e+01
2.967387314518129052e-02,-2.232522656710349196e+01
2.969011500240361159e-02,-2.427155315053394702e+01
2.970635685962593267e-02,-2.880788042703267848e+01
2.972259871684825375e-02,-2.813738525090234077e+01
2.973884057407057829e-02,-2.329869608872954956e+01
2.975508243129289937e-02,-2.020332868063987775e+01
2.977132428851522045e-02,-2.111430215589571446e+01
2.978756614573754152e-02,-3.071135610953253092e+01
2.980380800295986260e-02,-3.252653088025882511e+01
2.982004986018218368e-02,-2.485992603695969549e+01
2.983629171740450475e-02,-1.823421062536598214e+01
2.985253357462682583e-02,-1.811326606844492559e+01
2.986877543184914691e-02,-1.956397080102332708e+01
2.988501728907146798e-02,-2.186879424903393954e+01
2.990125914629379253e-02,-2.294076615755855997e+01
2.991750100351611361e-02,-1.958438009870016572e+01
2.993374286073843468e-02,-1.963840111095646535e+01
2.994998471796075576e-02,-2.172884149620920269e+01
2.996622657518307684e-02,-2.173376694340715787e+01
2.998246843240539791e-02,-1.967776435412458724e+01
2.999871028962771899e-02,-1.837068632140283242e+01
3.001495214685004007e-02,-2.307847097733034758e+01
3.003119400407236114e-02,-1.968103798907368329e+01
3.004743586129468569e-02,-2.156204758437090874e+01
3.006367771851700676e-02,-2.322412686252677716e+01
3.007991957573932784e-02,-1.560475197750134946e+01
3.009616143296164892e-02,-1.709338582291092479e+01
3.011240329018396999e-02,-2.328767820952867851e+01
3.012864514740629107e-02,-3.618008311889554562e+01
3.014488700462861215e-02,-2.730940860613195653e+01
3.016112886185093322e-02,-2.426156369411097558e+01
3.017737071907325430e-02,-3.058914546890438757e+01
3.019361257629557885e-02,-1.876583157477652009e+01
3.020985443351789992e-02,-1.953062124695420820e+01
3.022609629074022100e-02,-2.432418121624203877e+01
3.024233814796254208e-02,-2.071595891640007991e+01
3.025858000518486315e-02,-1.909692872710720124e+01
3.027482186240718423e-02,-2.021742728755372198e+01
3.029106371962950531e-02,-2.261285848284351729e+01
3.030730557685182638e-02,-2.157908130731134833e+01
3.032354743407414746e-02,-2.353170490123822489e+01
3.033978929129647201e-02,-2.889412859125496169e+01
3.035603114851879308e-02,-2.605883952797306335e+01
3.037227300574111416e-02,-2.531669719084023740e+01
3.038851486296343524e-02,-2.385350466463944485e+01
3.040475672018575631e-02,-2.152316170278981033e+01
3.042099857740807739e-02,-2.212289034958252643e+01
3.043724043463039847e-02,-2.653724430253495825e+01
3.045348229185271954e-02,-3.117302744286068261e+01
3.046972414907504062e-02,-3.744184586311416751e+01
3.048596600629736170e-02,-2.549588293891192592e+01
3.050220786351968624e-02,-2.163996802262375496e+01
3.051844972074200732e-02,-1.945339089243651287e+01
3.053469157796432840e-02,-1.946396795353216547e+01
3.055093343518664947e-02,-2.101078191656625904e+01
3.056717529240897055e-02,-2.072851275801033566e+01
3.058341714963129163e-02,-2.293088894477502038e+01
3.059965900685361270e-02,-3.306727906500768199e+01
3.061590086407593378e-02,-2.365475961261205740e+01
3.063214272129825486e-02,-1.863656500077001965e+01
3.064838457852057940e-02,-2.013346752832151765e+01
3.066462643574290048e-02,-2.494542129107796313e+01
3.068086829296522156e-02,-3.833643338527183175e+01
3.069711015018754263e-02,-2.466769054123864180e+01
3.071335200740986371e-02,-2.192886669567262103e+01
3.072959386463218479e-02,-2.127535349689018673e+01
3.074583572185450586e-02,-2.661004044944531799e+01
3.076207757907682694e-02,-3.040790647721255979e+01
3.077831943629914802e-02,-2.167304605845961163e+01
3.079456129352147256e-02,-2.027553052314124216e+01
3.081080315074379364e-02,-2.886359771471502711e+01
3.082704500796611471e-02,-3.335847668959424794e+01
3.084328686518843579e-02,-2.107677567368678595e+01
3.085952872241075687e-02,-1.850321755935102530e+01
3.087577057963307794e-02,-1.923899303677080042e+01
3.089201243685539902e-02,-1.871796027357477499e+01
3.090825429407772010e-02,-1.817603163774222708e+01
3.092449615130004117e-02,-1.860352392896456308e+01
3.094073800852236225e-02,-1.861275699019248719e+01
3.095697986574468680e-02,-1.912202854942516694e+01
3.097322172296700787e-02,-2.257732598974605409e+01
3.098946358018932895e-02,-2.593697230655778085e+01
3.100570543741165003e-02,-2.674074514244196621e+01
3.102194729463397110e-02,-3.443748370603033493e+01
3.103818915185629218e-02,-2.641683200821548283e+01
3.105443100907861326e-02,-2.252323961352307080e+01
3.107067286630093433e-02,-2.411109547054996227e+01
3.108691472352325541e-02,-2.571677079686348932e+01
3.110315658074557996e-02,-2.479682241321251368e+01
3.111939843796790103e-02,-2.663588256329001425e+01
3.113564029519022211e-02,-2.555750231174837594e+01
3.115188215241254319e-02,-2.435175897235883014e+01
3.116812400963486426e-02,-3.205599193284844262e+01
3.118436586685718534e-02,-2.909257425436561562e+01
3.120060772407950642e-02,-3.037635811553487741e+01
3.121684958130182749e-02,-2.452108174365208271e+01
3.123309143852414857e-02,-2.390459325999631091e+01
3.124933329574647312e-02,-2.319059702183677629e+01
3.126557515296879419e-02,-3.149999813018421690e+01
3.128181701019111527e-02,-2.982851229398725934e+01
3.129805886741343635e-02,-3.813216704210785224e+01
3.131430072463575742e-02,-2.830994480531034085e+01
3.133054258185807850e-02,-2.053298898939832640e+01
3.134678443908039958e-02,-1.624411018687698416e+01
3.136302629630272065e-02,-1.414124772495704363e+01
3.137926815352504173e-02,-1.528609332148437971e+01
3.139551001074736281e-02,-1.813925894630962432e+01
3.141175186796968388e-02,-1.990499493991768531e+01
3.142799372519200496e-02,-2.345417239777825458e+01
3.144423558241432604e-02,-2.756919484541448284e+01
3.146047743963664711e-02,-3.109807095172746116e+01
3.147671929685897513e-02,-2.538163229220957717e+01
3.149296115408129620e-02,-1.980175174071198541e+01
3.150920301130361728e-02,-2.142677244424393024e+01
3.152544486852593836e-02,-2.518154133807685824e+01
3.154168672574825943e-02,-2.331297048677739525e+01
3.155792858297058051e-02,-2.210359247242369207e+01
3.157417044019290159e-02,-1.968980925415474204e+01
3.159041229741522266e-02,-2.121212969617570820e+01
3.160665415463754374e-02,-2.628066791782690004e+01
3.162289601185986482e-02,-2.978122171027271392e+01
3.163913786908218589e-02,-2.452212160482750392e+01
3.165537972630450697e-02,-2.325016108224400213e+01
3.167162158352682805e-02,-2.638407847269821715e+01
3.168786344074914912e-02,-3.017771924574216058e+01
3.170410529797147020e-02,-2.631974173472106315e+01
3.172034715519379128e-02,-2.119388387478378633e+01
3.173658901241611235e-02,-2.316136038666292762e+01
3.175283086963843343e-02,-3.168100259850079681e+01
3.176907272686075451e-02,-3.374878808256313789e+01
3.178531458408308252e-02,-3.093231522439051417e+01
3.180155644130540360e-02,-3.573107042677843026e+01
3.181779829852772468e-02,-2.069000658553294869e+01
3.183404015575004575e-02,-1.699954128219998495e+01
3.185028201297236683e-02,-1.862955437584139418e+01
3.186652387019468791e-02,-2.504110451033564999e+01
3.188276572741700898e-02,-4.881348757525901760e+01
3.189900758463933006e-02,-3.342837432109619300e+01
3.191524944186165114e-02,-3.322885524107078226e+01
3.193149129908397221e-02,-2.451177923710854856e+01
3.194773315630629329e-02,-2.520740183535639289e+01
3.196397501352861437e-02,-2.237168080088949296e+01
3.198021687075093544e-02,-1.799463097403148737e+01
3.199645872797325652e-02,-1.770270617657157430e+01
3.201270058519557760e-02,-1.856303975290302688e+01
3.202894244241789867e-02,-1.830350049591661232e+01
3.204518429964021975e-02,-2.114547761146937432e+01
3.206142615686254083e-02,-3.103395209893447060e+01
3.207766801408486884e-02,-2.931905953300148227e+01
3.209390987130718992e-02,-2.566359805858213150e+01
3.211015172852951099e-02,-2.340610911649720549e+01
3.212639358575183207e-02,-2.333643374020720174e+01
3.214263544297415315e-02,-2.309322137250601870e+01
3.215887730019647422e-02,-2.075351701683059247e+01
3.217511915741879530e-02,-2.036224703761676125e+01
3.219136101464111638e-02,-1.988401653723144946e+01
3.220760287186343745e-02,-2.156525680083561269e+01
3.222384472908575853e-02,-2.154986899309477977e+01
3.224008658630807961e-02,-2.215094367954890231e+01
3.225632844353040068e-02,-2.283578791796155372e+01
3.227257030075272176e-02,-2.281497857807962504e+01
3.228881215797504284e-02,-2.684904347345167253e+01
3.230505401519736391e-02,-3.437633674689080721e+01
3.232129587241968499e-02,-2.397992777641021789e+01
3.233753772964200607e-02,-2.374069817830715579e+01
3.235377958686432714e-02,-2.468516240783534954e+01
3.237002144408664822e-02,-2.902922159484795017e+01
3.238626330130897624e-02,-2.770005181393649707e+01
3.240250515853129731e-02,-2.344428381907981773e+01
3.241874701575361839e-02,-1.788902440800188387e+01
3.243498887297593947e-02,-1.796891676844408536e+01
3.245123073019826054e-02,-2.398757289782001578e+01
3.246747258742058162e-02,-2.449561157051798332e+01
3.248371444464290270e-02,-1.964833974755255497e+01
3.249995630186522377e-02,-2.497561515649387331e+01
3.251619815908754485e-02,-2.986533859655228440e+01
3.253244001630986593e-02,-2.425844009163589732e+01
3.254868187353218700e-02,-2.602239214286789348e+01
3.256492373075450808e-02,-1.949643845700207123e+01
3.258116558797682916e-02,-1.663547013573196409e+01
3.259740744519915023e-02,-1.721694313628047368e+01
3.261364930242147131e-02,-1.804553900602005001e+01
3.262989115964379239e-02,-1.912367903779332678e+01
3.264613301686611346e-02,-1.844278223639029335e+01
3.266237487408843454e-02,-1.686457607958280747e+01
3.267861673131076256e-02,-1.668745912697526279e+01
3.269485858853308363e-02,-1.779356238207638796e+01
3.271110044575540471e-02,-1.991959978233607842e+01
3.272734230297772579e-02,-2.140321532546717975e+01
3.274358416020004686e-02,-1.758769221400218896e+01
3.275982601742236794e-02,-1.584091533952600273e+01
3.277606787464468902e-02,-1.752142593833197282e+01
3.279230973186701009e-02,-1.944461746976343974e+01
3.280855158908933117e-02,-2.246651413864046276e+01
3.282479344631165225e-02,-3.717145898258238645e+01
3.284103530353397332e-02,-2.832686825264812569e+01
3.285727716075629440e-02,-2.376019522454483734e+01
3.287351901797861548e-02,-2.652932139841142600e+01
3.288976087520093655e-02,-3.354888634290658445e+01
3.290600273242325763e-02,-2.237551926465256713e+01
3.292224458964557871e-02,-2.033171723701300238e+01
3.293848644686789978e-02,-2.540845828035029896e+01
3.295472830409022086e-02,-3.196225059931945722e+01
3.297097016131254194e-02,-2.338244861002487340e+01
3.298721201853486995e-02,-1.956492099223419245e+01
3.300345387575719103e-02,-2.013902505348505656e+01
3.301969573297951210e-02,-2.237233017811394120e+01
3.303593759020183318e-02,-2.451169196783297011e+01
3.305217944742415426e-02,-2.885723644313282676e+01
3.306842130464647533e-02,-2.840087556769649169e+01
3.308466316186879641e-02,-2.462228537837209785e+01
3.310090501909111749e-02,-2.220967098150945063e+01
3.311714687631343856e-02,-2.027053907282196121e+01
3.313338873353575964e-02,-2.231972380486311280e+01
3.314963059075808072e-02,-2.513987214434810014e+01
3.316587244798040179e-02,-2.944374962894178438e+01
3.318211430520272287e-02,-3.629794153529782363e+01
3.319835616242504395e-02,-3.403149986241820102e+01
3.321459801964736502e-02,-3.053497793711919073e+01
3.323083987686968610e-02,-2.789671393016451972e+01
3.324708173409200718e-02,-3.592992502536633026e+01
3.326332359131432825e-02,-2.888956293131407449e+01
3.327956544853665627e-02,-2.859525805790594788e+01
3.329580730575897735e-02,-2.565954809068076159e+01
3.331204916298129842e-02,-2.296549364229559487e+01
3.332829102020361950e-02,-2.563179725524825514e+01
3.334453287742594058e-02,-3.056934391956485797e+01
3.336077473464826165e-02,-2.862824402254602418e+01
3.337701659187058273e-02,-2.632623566666975989e+01
3.339325844909290381e-02,-2.546405870655709691e+01
3.340950030631522488e-02,-2.642553310842209413e+01
3.342574216353754596e-02,-2.953361910103323140e+01
3.344198402075986704e-02,-3.211703105943099956e+01
3.345822587798218811e-02,-2.695802830615868118e+01
3.347446773520450919e-02,-2.355315074710846091e+01
3.349070959242683027e-02,-2.446418805982109390e+01
3.350695144964915134e-02,-2.616674662535059781e+01
3.352319330687147242e-02,-2.617825351244736609e+01
3.353943516409379350e-02,-2.533557450912926967e+01
3.355567702131611457e-02,-2.522637005224117246e+01
3.357191887853843565e-02,-2.386712248239917145e+01
3.358816073576076366e-02,-2.211240169980005987e+01
3.360440259298308474e-02,-2.525226709031063876e+01
3.362064445020540582e-02,-2.754125210015793002e+01
3.363688630742772689e-02,-2.070056502671689813e+01
3.365312816465004797e-02,-2.091919519310731701e+01
3.366937002187236905e-02,-2.542734326189380667e+01
3.368561187909469012e-02,-2.555233140929597724e+01
3.370185373631701120e-02,-2.929261488433463256e+01
3.371809559353933228e-02,-4.759030720537158032e+01
3.373433745076165335e-02,-3.566416553858601191e+01
3.375057930798397443e-02,-3.028394771198616198e+01
3.376682116520629551e-02,-3.053794874126394632e+01
3.378306302242861658e-02,-2.669996928694148508e+01
3.379930487965093766e-02,-2.168934138772713993e+01
3.381554673687325874e-02,-2.190091537144679279e+01
3.383178859409557981e-02,-2.765682142701184532e+01
3.384803045131790089e-02,-2.905133673331866362e+01
3.386427230854022197e-02,-2.006894008554698416e+01
3.388051416576254998e-02,-1.937642612907744066e+01
3.389675602298487106e-02,-1.979434872700691983e+01
3.391299788020719214e-02,-2.022186153243099582e+01
3.392923973742951321e-02,-1.923427905945870364e+01
3.394548159465183429e-02,-1.795108755625390629e+01
3.396172345187415537e-02,-1.980921117578959212e+01
3.397796530909647644e-02,-2.082839030219307830e+01
3.399420716631879752e-02,-2.611586914067930820e+01
3.401044902354111860e-02,-2.776855112809673543e+01
3.402669088076343967e-02,-2.114412449088015933e+01
3.404293273798576075e-02,-2.369938008494180792e+01
3.405917459520808183e-02,-2.743036777263447590e+01
3.407541645243040290e-02,-2.423065459613765427e+01
3.409165830965272398e-02,-2.524206428315296336e+01
3.410790016687504506e-02,-3.439547915868820382e+01
3.412414202409736613e-02,-2.319001632956344849e+01
3.414038388131968721e-02,-2.622915095279253350e+01
3.415662573854200829e-02,-3.513607658564866654e+01
3.417286759576432936e-02,-2.661804406845260473e+01
3.418910945298665738e-02,-2.233914248438657779e+01
3.420535131020897845e-02,-2.019064258192905825e+01
3.422159316743129953e-02,-2.323422373607509428e+01
3.423783502465362061e-02,-2.461166891906486143e+01
3.425407688187594168e-02,-2.105526575793651745e+01
3.427031873909826276e-02,-1.905703669046365434e+01
3.428656059632058384e-02,-1.867567936374287996e+01
3.430280245354290491e-02,-2.164315040892539699e+01
3.431904431076522599e-02,-2.911481985406469875e+01
3.433528616798754707e-02,-3.223560704420661693e+01
3.435152802520986814e-02,-3.867792801996252194e+01
3.436776988243218922e-02,-2.998682384400940748e+01
3.438401173965451030e-02,-2.156586391538009195e+01
3.440025359687683137e-02,-2.109144906418271148e+01
3.441649545409915245e-02,-2.298473673572368980e+01
3.443273731132147353e-02,-2.579787764027446428e+01
3.444897916854379460e-02,-2.438045306389151534e+01
3.446522102576611568e-02,-2.396677580382839778e+01
3.448146288298844370e-02,-2.843583305181397947e+01
3.449770474021076477e-02,-2.509926839618022143e+01
3.451394659743308585e-02,-2.023999383528719775e+01
3.453018845465540693e-02,-2.078847580359718705e+01
3.454643031187772800e-02,-2.720802170305207568e+01
3.456267216910004908e-02,-3.424450902535940600e+01
3.457891402632237016e-02,-2.792065949206332220e+01
3.459515588354469123e-02,-3.095301898556599696e+01
3.461139774076701231e-02,-3.363183064638337783e+01
3.462763959798933339e-02,-3.285890343625867160e+01
3.464388145521165446e-02,-2.623976183173168053e+01
3.466012331243397554e-02,-2.642960504012569345e+01
3.467636516965629662e-02,-2.611521458880541857e+01
3.469260702687861769e-02,-2.528118989838331743e+01
3.470884888410093877e-02,-2.920703839867807261e+01
3.472509074132325985e-02,-2.448330938252362898e+01
3.474133259854558092e-02,-1.720491923911284715e+01
3.475757445576790200e-02,-1.596344300734973487e+01
3.477381631299022308e-02,-2.059877887508205418e+01
3.479005817021255109e-02,-3.154427433709543394e+01
3.480630002743487217e-02,-3.508827533140654964e+01
3.482254188465719325e-02,-2.989711744237030189e+01
3.483878374187951432e-02,-3.337715428326904288e+01
3.485502559910183540e-02,-2.599441190367123866e+01
3.487126745632415648e-02,-1.948111467006944153e+01
3.488750931354647755e-02,-2.040212184720123645e+01
3.490375117076879863e-02,-2.590994209792343383e+01
3.491999302799111971e-02,-2.356226096149499938e+01
3.493623488521344078e-02,-1.971532046687013562e+01
3.495247674243576186e-02,-2.107877157430990422e+01
3.496871859965808294e-02,-2.653949394878703316e+01
3.498496045688040401e-02,-3.243234192095561497e+01
3.500120231410272509e-02,-3.226048117649578728e+01
3.501744417132504616e-02,-3.427520053026593416e+01
3.503368602854736724e-02,-2.137252332327814486e+01
3.504992788576968832e-02,-1.810470074536489804e+01
3.506616974299200939e-02,-1.997670634445582749e+01
3.508241160021433047e-02,-2.287087383026726073e+01
3.509865345743665849e-02,-2.464637153385051249e+01
3.511489531465897956e-02,-3.369414242347167487e+01
3.513113717188130064e-02,-4.978803657914694725e+01
3.514737902910362172e-02,-2.652092285609700184e+01
3.516362088632594279e-02,-2.554265324877091103e+01
3.517986274354826387e-02,-2.725566565213226511e+01
3.519610460077058495e-02,-2.583702403064035025e+01
3.521234645799290602e-02,-2.803953577957926768e+01
3.522858831521522710e-02,-3.133043822227722330e+01
3.524483017243754818e-02,-2.916179088683096410e+01
3.526107202965986925e-02,-3.394868537053261548e+01
3.527731388688219033e-02,-3.299299700662930235e+01
3.529355574410451141e-02,-2.484987219418240656e+01
3.530979760132683248e-02,-2.145732662797464130e+01
3.532603945854915356e-02,-1.938625169596008746e+01
3.534228131577147464e-02,-2.079145255511032531e+01
3.535852317299379571e-02,-2.459827833570433242e+01
3.537476503021611679e-02,-2.609663872927283279e+01
3.539100688743844481e-02,-2.440009743255468777e+01
3.540724874466076588e-02,-2.466891417145127008e+01
3.542349060188308696e-02,-2.961767749713593645e+01
3.543973245910540804e-02,-2.932248603343639104e+01
3.545597431632772911e-02,-2.473382157437055895e+01
3.547221617355005019e-02,-2.249354795508533655e+01
3.548845803077237127e-02,-2.294452443046771606e+01
3.550469988799469234e-02,-2.325304550200648634e+01
3.552094174521701342e-02,-2.170925886007880479e+01
3.553718360243933450e-02,-2.031818490807275879e+01
3.555342545966165557e-02,-1.966313390313832699e+01
3.556966731688397665e-02,-2.131355860094935650e+01
3.558590917410629773e-02,-2.480660310388339695e+01
3.560215103132861880e-02,-2.600959722296303056e+01
3.561839288855093988e-02,-2.194342128206119469e+01
3.563463474577326096e-02,-2.022707623727638904e+01
3.565087660299558203e-02,-2.103803905369522553e+01
3.566711846021790311e-02,-2.147600298905825156e+01
3.568336031744022419e-02,-2.618298693218563145e+01
3.569960217466255220e-02,-3.352021872021634863e+01
3.571584403188487328e-02,-3.344950331532147914e+01
3.573208588910719435e-02,-2.398648933182845155e+01
3.574832774632951543e-02,-2.429514938963322024e+01
3.576456960355183651e-02,-2.637926789407311645e+01
3.578081146077415758e-02,-2.338630902601977368e+01
3.579705331799647866e-02,-2.654931924409341804e+01
3.581329517521879974e-02,-3.332270067319267071e+01
3.582953703244112081e-02,-2.686604598839718605e+01
3.584577888966344189e-02,-2.407072093858155171e+01
3.586202074688576297e-02,-2.299215907776666512e+01
3.587826260410808404e-02,-2.512921559332193411e+01
3.589450446133040512e-02,-3.283465899627598361e+01
3.591074631855272620e-02,-3.076472858954393530e+01
3.592698817577504727e-02,-2.633242419959448100e+01
3.594323003299736835e-02,-2.507994142414398553e+01
3.595947189021968943e-02,-2.843079905559861231e+01
3.597571374744201050e-02,-3.147495811197256543e+01
3.599195560466433852e-02,-3.112749744537215690e+01
3.600819746188665960e-02,-2.548437145885335653e+01
3.602443931910898067e-02,-2.391872626062142260e+01
3.604068117633130175e-02,-2.534319056818946336e+01
3.605692303355362283e-02,-2.243073111279148790e+01
3.607316489077594390e-02,-2.151959287459752801e+01
3.608940674799826498e-02,-2.554644420196245136e+01
3.610564860522058606e-02,-2.558335495400097770e+01
3.612189046244290713e-02,-3.059955369594415941e+01
3.613813231966522821e-02,-2.721107650055140326e+01
3.615437417688754929e-02,-2.246489422437669603e+01
3.617061603410987036e-02,-2.438270719952771870e+01
3.618685789133219144e-02,-3.166131078281317102e+01
3.620309974855451252e-02,-2.266143104774132411e+01
3.621934160577683359e-02,-1.725145818608750403e+01
3.623558346299915467e-02,-1.942165527401994751e+01
3.625182532022147575e-02,-2.589568486249491031e+01
3.626806717744379682e-02,-3.045568226186173888e+01
3.628430903466611790e-02,-2.236055987846598470e+01
3.630055089188844591e-02,-1.918033371863727155e+01
3.631679274911076699e-02,-2.447177885701531252e+01
3.633303460633308807e-02,-3.273243990018778504e+01
3.634927646355540914e-02,-2.451115929001769445e+01
3.636551832077773022e-02,-2.398164995324164295e+01
3.638176017800005130e-02,-2.926548193360588002e+01
3.639800203522237237e-02,-2.477345334691106515e+01
3.641424389244469345e-02,-2.305950782919190445e+01
3.643048574966701453e-02,-2.801561261488524579e+01
3.644672760688933560e-02,-2.290762461113406445e+01
3.646296946411165668e-02,-1.903554731356041074e+01
3.647921132133397776e-02,-2.240019314086235624e+01
3.649545317855629883e-02,-2.944319673299609974e+01
3.651169503577861991e-02,-3.015424095170489949e+01
3.652793689300094099e-02,-3.162507638241923047e+01
3.654417875022326206e-02,-3.666294582397544843e+01
3.656042060744558314e-02,-3.336203840500831319e+01
3.657666246466790422e-02,-2.272390625097659012e+01
3.659290432189023223e-02,-1.946819609103507176e+01
3.660914617911255331e-02,-2.130016615868667884e+01
3.662538803633487439e-02,-3.602718978922651871e+01
3.664162989355719546e-02,-2.679791436225822920e+01
3.665787175077951654e-02,-2.199905747879627427e+01
3.667411360800183762e-02,-2.242892743461793259e+01
3.669035546522415869e-02,-3.098244791817678134e+01
3.670659732244647977e-02,-2.784995977674952883e+01
3.672283917966880085e-02,-2.474288594086366899e+01
3.673908103689112192e-02,-2.385160923776873076e+01
3.675532289411344300e-02,-2.329432613430973475e+01
3.677156475133576408e-02,-2.757435931550789121e+01
3.678780660855808515e-02,-2.646368755446291487e+01
3.680404846578040623e-02,-2.032684983602945294e+01
3.682029032300272731e-02,-2.193975349869137759e+01
3.683653218022504838e-02,-3.072767775654190103e+01
3.685277403744736946e-02,-2.471672479312448800e+01
3.686901589466969054e-02,-2.139475830084280261e+01
3.688525775189201161e-02,-2.492944903358023012e+01
3.690149960911433963e-02,-3.114736599860654209e+01
3.691774146633666071e-02,-2.446805903397525839e+01
3.693398332355898178e-02,-1.962663343632732449e+01
3.695022518078130286e-02,-1.970150449493032951e+01
3.696646703800362393e-02,-2.519570215770694688e+01
3.698270889522594501e-02,-3.185465283040201712e+01
3.699895075244826609e-02,-2.344448183384601592e+01
3.701519260967058716e-02,-1.981750361047031461e+01
3.703143446689290824e-02,-2.198094923275258239e+01
3.704767632411522932e-02,-3.198134355472769386e+01
3.706391818133755039e-02,-2.413843792857682047e+01
3.708016003855987147e-02,-2.271723180586541346e+01
3.709640189578219255e-02,-2.780930054870191270e+01
3.711264375300451362e-02,-2.972525101976641793e+01
3.712888561022683470e-02,-2.274763571278121077e+01
3.714512746744915578e-02,-2.216893664616306836e+01
3.716136932467147685e-02,-2.711220563832753072e+01
3.717761118189379793e-02,-2.782180642663468717e+01
3.719385303911612595e-02,-2.013152087388678879e+01
3.721009489633844702e-02,-1.963705426545337573e+01
3.722633675356076810e-02,-2.289420637881093157e+01
3.724257861078308918e-02,-3.254280564416967536e+01
3.725882046800541025e-02,-3.148896666545098100e+01
3.727506232522773133e-02,-2.551995230078055243e+01
3.729130418245005241e-02,-2.373213383749086347e+01
3.730754603967237348e-02,-2.589038657354110740e+01
3.732378789689469456e-02,-3.371678580202943465e+01
3.734002975411701564e-02,-2.647998537056488288e+01
3.735627161133933671e-02,-2.618198015287788394e+01
3.737251346856165779e-02,-1.987417533892308086e+01
3.738875532578397887e-02,-2.041401129825864658e+01
3.740499718300629994e-02,-2.041335095266255450e+01
3.742123904022862102e-02,-1.943894458837046102e+01
3.743748089745094210e-02,-2.652458124115010207e+01
3.745372275467326317e-02,-2.518847115685700544e+01
3.746996461189558425e-02,-2.158292083382155724e+01
3.748620646911790533e-02,-2.346807450882458923e+01
3.750244832634023334e-02,-2.465156110970225001e+01
3.751869018356255442e-02,-2.417119176244948520e+01
3.753493204078487550e-02,-2.269093991043379788e+01
3.755117389800719657e-02,-2.650527111355613386e+01
3.756741575522951765e-02,-3.425944342304693180e+01
3.758365761245183873e-02,-2.852624895454375675e+01
3.759989946967415980e-02,-2.681529146067633818e+01
3.761614132689648088e-02,-2.764032007209948816e+01
3.763238318411880196e-02,-4.713111020300118525e+01
3.764862504134112303e-02,-2.476288479294541389e+01
3.766486689856344411e-02,-2.370718497507345290e+01
3.768110875578576519e-02,-2.608971154666615888e+01
3.769735061300808626e-02,-2.726475764240611710e+01
3.771359247023040734e-02,-2.546324466709201673e+01
3.772983432745272842e-02,-2.488401482640409768e+01
3.774607618467504949e-02,-2.788089879240629898e+01
3.776231804189737057e-02,-2.150172030222548614e+01
3.777855989911969165e-02,-1.727092624852319247e+01
3.779480175634201966e-02,-1.585573277759504407e+01
3.781104361356434074e-02,-1.425749297682569150e+01
3.782728547078666181e-02,-1.350120959255487740e+01
3.784352732800898289e-02,-1.441374663823524749e+01
3.785976918523130397e-02,-1.813294084806435791e+01
3.787601104245362504e-02,-3.080304213706308758e+01
3.789225289967594612e-02,-2.277302939914937951e+01
3.790849475689826720e-02,-2.108315695268331069e+01
3.792473661412058827e-02,-2.780662970469770201e+01
3.794097847134290935e-02,-3.799440506013357322e+01
3.795722032856523043e-02,-4.073500793533091979e+01
3.797346218578755150e-02,-2.836243410825933609e+01
3.798970404300987258e-02,-2.215916139084927039e+01
3.800594590023219366e-02,-2.019705845887116880e+01
3.802218775745451473e-02,-2.223719001365360270e+01
3.803842961467683581e-02,-3.023696568936427553e+01
3.805467147189915689e-02,-2.806388865929563181e+01
3.807091332912147796e-02,-2.250211303532515217e+01
3.808715518634379904e-02,-2.639442110009894904e+01
3.810339704356612706e-02,-2.820224486163547084e+01
3.811963890078844813e-02,-2.134451458939382462e+01
3.813588075801076921e-02,-2.195242179398516313e+01
3.815212261523309029e-02,-1.820464883853247429e+01
3.816836447245541136e-02,-1.667923126653833066e+01
3.818460632967773244e-02,-1.843671698608939380e+01
3.820084818690005352e-02,-2.226576646523424330e+01
3.821709004412237459e-02,-2.406995877219176805e+01
3.823333190134469567e-02,-2.849453666511421801e+01
3.824957375856701675e-02,-2.456485812714444705e+01
3.826581561578933782e-02,-1.856058326205648257e+01
3.828205747301165890e-02,-1.661146137754817431e+01
3.829829933023397998e-02,-1.763937303214276042e+01
3.831454118745630105e-02,-2.186765378846050467e+01
3.833078304467862213e-02,-2.627797240001551415e+01
3.834702490190094321e-02,-3.050769544625502760e+01
3.836326675912326428e-02,-2.856148243063474368e+01
3.837950861634558536e-02,-2.452935227392290329e+01
3.839575047356791337e-02,-3.008896347486449940e+01
3.841199233079023445e-02,-4.060750265659663683e+01
3.842823418801255553e-02,-3.531650856008155159e+01
3.844447604523487660e-02,-3.158605723900742035e+01
3.846071790245719768e-02,-2.689127706623635561e+01
3.847695975967951876e-02,-2.048121001103059413e+01
3.849320161690183983e-02,-1.767933365063818130e+01
3.850944347412416091e-02,-1.948465857678895929e+01
3.852568533134648199e-02,-2.677098576735426860e+01
3.854192718856880306e-02,-2.988632319089580136e+01
3.855816904579112414e-02,-2.589492957763929937e+01
3.857441090301344522e-02,-2.749448453365015155e+01
3.859065276023576629e-02,-3.158146766849104381e+01
3.860689461745808737e-02,-2.146854343363896689e+01
3.862313647468040845e-02,-2.195227911583774016e+01
3.863937833190272952e-02,-2.499857404632439639e+01
3.865562018912505060e-02,-2.830355436510497213e+01
3.867186204634737168e-02,-4.081599002402810328e+01
3.868810390356969275e-02,-2.360116306104558248e+01
3.870434576079202077e-02,-2.156726043349380006e+01
3.872058761801434185e-02,-2.456881394051272949e+01
3.873682947523666292e-02,-5.128319443071144690e+01
3.875307133245898400e-02,-3.128468820000491846e+01
3.876931318968130508e-02,-3.441048919883827040e+01
3.878555504690362615e-02,-2.189025996564220122e+01
3.880179690412594723e-02,-1.919059435055788398e+01
3.881803876134826831e-02,-2.278762166458057692e+01
3.883428061857058938e-02,-2.483771229964311900e+01
3.885052247579291046e-02,-2.315685476407227128e+01
3.886676433301523154e-02,-2.039174235379907074e+01
3.888300619023755261e-02,-2.351666830779099016e+01
3.889924804745987369e-02,-3.140098593499681101e+01
3.891548990468219477e-02,-2.554194130195704560e+01
3.893173176190451584e-02,-2.772125240222936071e+01
3.894797361912683692e-02,-4.163297612221030874e+01
3.896421547634915800e-02,-3.089792763275688969e+01
3.898045733357147907e-02,-2.536563564062228693e+01
3.899669919079380015e-02,-2.063355141825581995e+01
3.901294104801612816e-02,-2.368982214402350195e+01
3.902918290523844924e-02,-3.625325217486966523e+01
3.904542476246077032e-02,-2.716340159861608328e+01
3.906166661968309139e-02,-2.465220923856026403e+01
3.907790847690541247e-02,-2.327268336524329939e+01
3.909415033412773355e-02,-3.462577814795525910e+01
3.911039219135005462e-02,-2.749302750029257680e+01
3.912663404857237570e-02,-1.875999614188141962e+01
3.914287590579469678e-02,-1.787401444575678511e+01
3.915911776301701785e-02,-2.745749971592216809e+01
3.917535962023933893e-02,-2.195818322484722174e+01
3.919160147746166001e-02,-1.856176652527915394e+01
3.920784333468398108e-02,-2.118952954382805487e+01
3.922408519190630216e-02,-2.457166035104036084e+01
3.924032704912862324e-02,-2.319157146653832058e+01
3.925656890635094431e-02,-2.182640391715553818e+01
3.927281076357326539e-02,-2.036638496090301942e+01
3.928905262079558647e-02,-2.012144674554631507e+01
3.930529447801791448e-02,-2.031566829325471701e+01
3.932153633524023556e-02,-2.215159668485480537e+01
3.933777819246255664e-02,-2.623430945997810682e+01
3.935402004968487771e-02,-3.001760676918046400e+01
3.937026190690719879e-02,-4.339685847972204868e+01
3.938650376412951987e-02,-2.867806992929372711e+01
3.940274562135184094e-02,-2.709938467668065343e+01
3.941898747857416202e-02,-5.467432251952899236e+01
3.943522933579648310e-02,-3.055279422614208329e+01
3.945147119301880417e-02,-3.882239624294393110e+01
3.946771305024112525e-02,-2.916990685213682966e+01
3.948395490746344633e-02,-2.514187895028239694e+01
3.950019676468576740e-02,-2.236620382073681057e+01
3.951643862190808848e-02,-2.185544236830209286e+01
3.953268047913040956e-02,-2.474417297555785922e+01
3.954892233635273063e-02,-2.508589392568147503e+01
3.956516419357505171e-02,-2.176250103001662239e+01
3.958140605079737279e-02,-2.366463995099697115e+01
3.959764790801969386e-02,-3.202841094491545704e+01
3.961388976524202188e-02,-2.391743045027885373e+01
3.963013162246434296e-02,-1.860182927437001155e+01
3.964637347968666403e-02,-1.785507696359444552e+01
3.966261533690898511e-02,-2.164987684035747151e+01
3.967885719413130619e-02,-3.172033643033549311e+01
3.969509905135362726e-02,-3.302681951305356733e+01
3.971134090857594834e-02,-3.288045588407600661e+01
3.972758276579826942e-02,-2.966116697289731263e+01
3.974382462302059049e-02,-2.720961689677970341e+01
3.976006648024291157e-02,-2.516714205192553777e+01
3.977630833746523265e-02,-1.994422600015745317e+01
3.979255019468755372e-02,-1.980622832377320464e+01
3.980879205190987480e-02,-2.027314397426163595e+01
3.982503390913219588e-02,-1.871712047433706516e+01
3.984127576635451695e-02,-1.841075902785465956e+01
3.985751762357683803e-02,-2.057343159211986006e+01
3.987375948079915911e-02,-3.130006887151495576e+01
3.989000133802148018e-02,-2.489513517216846239e+01
3.990624319524380820e-02,-2.387170706071271553e+01
3.992248505246612927e-02,-2.939932230501053567e+01
3.993872690968845035e-02,-2.464043525963241521e+01
3.995496876691077143e-02,-2.329491969587806111e+01
3.997121062413309250e-02,-2.333919232027820811e+01
3.998745248135541358e-02,-2.776388233374809289e+01
4.000369433857773466e-02,-2.720045453944490177e+01
4.001993619580005573e-02,-2.457145310120276704e+01
4.003617805302237681e-02,-1.835611123383700516e+01
4.005241991024469789e-02,-1.743944388417396141e+01
4.006866176746701896e-02,-2.320461912264811133e+01
4.008490362468934004e-02,-4.211426784820566382e+01
4.010114548191166112e-02,-3.286895619110445210e+01
4.011738733913398219e-02,-2.158139214522151406e+01
4.013362919635630327e-02,-2.015863368685172929e+01
4.014987105357862435e-02,-2.146496550300544470e+01
4.016611291080094542e-02,-2.040048368539768830e+01
4.018235476802326650e-02,-2.022949660418633044e+01
4.019859662524558758e-02,-1.962273961465620076e+01
4.021483848246791559e-02,-2.009945167876323069e+01
4.023108033969023667e-02,-2.092687632487195160e+01
4.024732219691255775e-02,-2.200516879340836951e+01
4.026356405413487882e-02,-2.710179296625438994e+01
4.027980591135719990e-02,-2.847999535220184697e+01
4.029604776857952098e-02,-2.671820294512821192e+01
4.031228962580184205e-02,-2.543027304202821881e+01
4.032853148302416313e-02,-2.647576563673297301e+01
4.034477334024648421e-02,-2.621204581402253453e+01
4.036101519746880528e-02,-2.330278707519050840e+01
4.037725705469112636e-02,-1.932657789476475330e+01
4.039349891191344744e-02,-1.976107332476751566e+01
4.040974076913576851e-02,-2.614809966074457037e+01
4.042598262635808959e-02,-3.175172302051694118e+01
4.044222448358041067e-02,-3.671134813155254051e+01
4.045846634080273174e-02,-2.561377541468100816e+01
4.047470819802505282e-02,-2.181162806446545588e+01
4.049095005524737390e-02,-2.206005181093269130e+01
4.050719191246970191e-02,-2.382348385906426813e+01
4.052343376969202299e-02,-2.719061745417386433e+01
4.053967562691434406e-02,-2.424178360955986733e+01
4.055591748413666514e-02,-2.080338131473941132e+01
4.057215934135898622e-02,-1.940796731708176992e+01
4.058840119858130729e-02,-2.342198196172632407e+01
4.060464305580362837e-02,-3.465807167178847692e+01
4.062088491302594945e-02,-3.901394341569136515e+01
4.063712677024827052e-02,-2.641729219518765603e+01
4.065336862747059160e-02,-2.449016939179262664e+01
4.066961048469291268e-02,-2.639987959657530325e+01
4.068585234191523375e-02,-2.238925744443395160e+01
4.070209419913755483e-02,-1.949605145970437903e+01
4.071833605635987591e-02,-1.899711843512592324e+01
4.073457791358219698e-02,-2.173343338980172845e+01
4.075081977080451806e-02,-2.920631691693135323e+01
4.076706162802683914e-02,-4.465682986551013300e+01
4.078330348524916021e-02,-3.268506390378715309e+01
4.079954534247148129e-02,-2.539050120267743438e+01
4.081578719969380931e-02,-2.354469620646469963e+01
4.083202905691613038e-02,-2.089188859027148482e+01
4.084827091413845146e-02,-1.815450791106531270e+01
4.086451277136077254e-02,-1.859304380282022251e+01
4.088075462858309361e-02,-2.229936531113734688e+01
4.089699648580541469e-02,-3.791902743276664012e+01
4.091323834302773577e-02,-2.577072926292516186e+01
4.092948020025005684e-02,-2.472068524231923803e+01
4.094572205747237792e-02,-2.782439200291932480e+01
4.096196391469469900e-02,-2.691066115738680153e+01
4.097820577191702007e-02,-2.408350113950120530e+01
4.099444762913934115e-02,-2.307555898795428462e+01
4.101068948636166223e-02,-1.994679190658396806e+01
4.102693134358398330e-02,-1.708454069548458776e+01
4.104317320080630438e-02,-1.888227342696920985e+01
4.105941505802862546e-02,-2.783917814699299953e+01
4.107565691525094653e-02,-2.535216720711419924e+01
4.109189877247326761e-02,-2.496068044750156645e+01
4.110814062969559562e-02,-2.636186176880139342e+01
4.112438248691791670e-02,-2.327881455629736962e+01
4.114062434414023778e-02,-2.242180619061321778e+01
4.115686620136255885e-02,-2.639344369358008180e+01
4.117310805858487993e-02,-3.133604200907242898e+01
4.118934991580720101e-02,-2.919983621706830590e+01
4.120559177302952208e-02,-2.631682060841361803e+01
4.122183363025184316e-02,-2.367542027455263209e+01
4.123807548747416424e-02,-2.856347872545474331e+01
4.125431734469648531e-02,-3.007169292661334126e+01
4.127055920191880639e-02,-2.670271812357100671e+01
4.128680105914112747e-02,-2.405257763219857026e+01
4.130304291636344854e-02,-2.089166216645510588e+01
4.131928477358576962e-02,-2.478107467792792562e+01
4.133552663080809070e-02,-2.246428836780641447e+01
4.135176848803041177e-02,-1.924019203637368491e+01
4.136801034525273285e-02,-2.069932448462634511e+01
4.138425220247505393e-02,-3.125401116208315599e+01
4.140049405969737500e-02,-2.989579429006126077e+01
4.141673591691970302e-02,-2.517816004719783862e+01
4.143297777414202410e-02,-2.308520406349351717e+01
4.144921963136434517e-02,-1.990149661706804807e+01
4.146546148858666625e-02,-1.940891304270299855e+01
4.148170334580898733e-02,-2.376951316534310621e+01
4.149794520303130840e-02,-2.332496464073476972e+01
4.151418706025362948e-02,-2.078059057862640913e+01
4.153042891747595056e-02,-2.249053485974682332e+01
4.154667077469827163e-02,-2.289470095564173846e+01
4.156291263192059271e-02,-2.483470963326056236e+01
4.157915448914291379e-02,-2.472495050731740207e+01
4.159539634636523486e-02,-2.182687841066032775e+01
4.161163820358755594e-02,-2.681179769968149884e+01
4.162788006080987702e-02,-2.620250793155722846e+01
4.164412191803219809e-02,-2.225679576708493457e+01
4.166036377525451917e-02,-2.068004912133765316e+01
4.167660563247684025e-02,-2.445052797678837919e+01
4.169284748969916132e-02,-2.343327646642031681e+01
4.170908934692148934e-02,-2.512619691478542805e+01
4.172533120414381042e-02,-3.451488603444935421e+01
4.174157306136613149e-02,-2.185519800768051368e+01
4.175781491858845257e-02,-1.726994083026264093e+01
4.177405677581077365e-02,-1.985203209566455484e+01
4.179029863303309472e-02,-2.616296852569542253e+01
4.180654049025541580e-02,-2.320598405631290007e+01
4.182278234747773688e-02,-1.741231598431349425e+01
4.183902420470005795e-02,-1.529813762452979553e+01
4.185526606192237903e-02,-1.558394931182283294e+01
4.187150791914470011e-02,-1.673726829261073945e+01
4.188774977636702118e-02,-2.049069890408929595e+01
4.190399163358934226e-02,-3.540002887379277752e+01
4.192023349081166333e-02,-2.369838857544850441e+01
4.193647534803398441e-02,-2.268386537998549102e+01
4.195271720525630549e-02,-2.564505304613639325e+01
4.196895906247862656e-02,-2.218259061651615838e+01
4.198520091970094764e-02,-2.188921296082871493e+01
4.200144277692326872e-02,-2.344240160963066089e+01
4.201768463414559673e-02,-2.819025352159823683e+01
4.203392649136791781e-02,-2.430103171772301707e+01
4.205016834859023889e-02,-2.206701848507636754e+01
4.206641020581255996e-02,-2.776850969008299330e+01
4.208265206303488104e-02,-3.654242397916722496e+01
4.209889392025720212e-02,-3.291716719905076616e+01
4.211513577747952319e-02,-2.594511953899030132e+01
4.213137763470184427e-02,-2.386242905856179419e+01
4.214761949192416535e-02,-3.021506059000600430e+01
4.216386134914648642e-02,-2.900321876755136685e+01
4.218010320636880750e-02,-2.491498809559026384e+01
4.219634506359112858e-02,-2.700207320527159283e+01
4.221258692081344965e-02,-3.047517179584974656e+01
4.222882877803577073e-02,-3.636845912654951718e+01
4.224507063525809181e-02,-2.786662935885068748e+01
4.226131249248041288e-02,-3.254335904002051905e+01
4.227755434970273396e-02,-2.361610100049992056e+01
4.229379620692505504e-02,-2.404002336065594747e+01
4.231003806414738305e-02,-3.210979131648984009e+01
4.232627992136970413e-02,-3.724387026880657459e+01
4.234252177859202521e-02,-3.129994952557533594e+01
4.235876363581434628e-02,-3.087082753619698750e+01
4.237500549303666736e-02,-2.644860135350597830e+01
4.239124735025898844e-02,-2.169160789595267502e+01
4.240748920748130951e-02,-2.103374585050972101e+01
4.242373106470363059e-02,-2.350892402725786923e+01
4.243997292192595167e-02,-3.886191041808283586e+01
4.245621477914827274e-02,-2.316415397202224824e+01
4.247245663637059382e-02,-2.136227201563654887e+01
4.248869849359291490e-02,-3.196170733854089718e+01
4.250494035081523597e-02,-2.231177758243820719e+01
4.252118220803755705e-02,-2.965927768601767411e+01
4.253742406525987813e-02,-2.379667324440728748e+01
4.255366592248219920e-02,-2.077651408588634041e+01
4.256990777970452028e-02,-2.248043024370495502e+01
4.258614963692684136e-02,-1.974757588215555160e+01
4.260239149414916243e-02,-1.986263574018988720e+01
4.261863335137149045e-02,-2.652718942467766183e+01
4.263487520859381152e-02,-3.012016293776798648e+01
4.265111706581613260e-02,-2.678121567502802591e+01
4.266735892303845368e-02,-2.378246263544621542e+01
4.268360078026077475e-02,-1.922479614103037093e+01
4.269984263748309583e-02,-2.004966687559385008e+01
4.271608449470541691e-02,-2.193202638824731210e+01
4.273232635192773798e-02,-2.332338996559661126e+01
4.274856820915005906e-02,-3.169311250707801619e+01
4.276481006637238014e-02,-2.784020271435981186e+01
4.278105192359470121e-02,-2.514006469338048788e+01
4.279729378081702229e-02,-3.224186708442343985e+01
4.281353563803934337e-02,-3.541579297997736830e+01
4.282977749526166444e-02,-2.715409303006268615e+01
4.284601935248398552e-02,-2.286462329258238313e+01
4.286226120970630660e-02,-2.768347650318832009e+01
4.287850306692862767e-02,-2.428181392732979305e+01
4.289474492415094875e-02,-2.629398198366947526e+01
4.291098678137326983e-02,-2.958233970826820070e+01
4.292722863859559784e-02,-3.094013501308623049e+01
4.294347049581791892e-02,-1.868361994977532348e+01
4.295971235304024000e-02,-1.745592886148995859e+01
4.297595421026256107e-02,-2.430645537358457986e+01
4.299219606748488215e-02,-2.223461321281763503e+01
4.300843792470720323e-02,-2.027777730228146424e+01
4.302467978192952430e-02,-2.405067135352229002e+01
4.304092163915184538e-02,-2.818161897917348924e+01
4.305716349637416646e-02,-2.095437238940183278e+01
4.307340535359648753e-02,-2.039564729163621593e+01
4.308964721081880861e-02,-3.865802953729073721e+01
4.310588906804112969e-02,-3.248528953489663706e+01
4.312213092526345076e-02,-2.700856710146796757e+01
4.313837278248577184e-02,-2.825586809872901739e+01
4.315461463970809292e-02,-3.212439100969733374e+01
4.317085649693041399e-02,-2.471847997659259732e+01
4.318709835415273507e-02,-1.853345892999655220e+01
4.320334021137505615e-02,-1.685398800267290298e+01
4.321958206859738416e-02,-2.073938939673187676e+01
4.323582392581970524e-02,-3.395398862470882761e+01
4.325206578304202631e-02,-2.858573258577907694e+01
4.326830764026434739e-02,-2.188276123237623239e+01
4.328454949748666847e-02,-2.132249183472147891e+01
4.330079135470898954e-02,-1.834860443579559686e+01
4.331703321193131062e-02,-1.853319456303842117e+01
4.333327506915363170e-02,-2.258775348363476709e+01
4.334951692637595277e-02,-4.149774024885153523e+01
4.336575878359827385e-02,-2.406692054276364345e+01
4.338200064082059493e-02,-2.338325699540911273e+01
4.339824249804291600e-02,-2.776167096514655697e+01
4.341448435526523708e-02,-3.363037193636155564e+01
4.343072621248755816e-02,-2.830691473748650822e+01
4.344696806970987923e-02,-2.878000698687932868e+01
4.346320992693220031e-02,-2.055034542247582152e+01
4.347945178415452139e-02,-1.887811307697837293e+01
4.349569364137684246e-02,-1.973594495131876059e+01
4.351193549859916354e-02,-2.060072029918291747e+01
4.352817735582149156e-02,-2.095616418284127036e+01
4.354441921304381263e-02,-2.697834970245542507e+01
4.356066107026613371e-02,-3.057457123223383633e+01
4.357690292748845479e-02,-2.545476797047247075e+01
4.359314478471077586e-02,-2.477805689044005533e+01
4.360938664193309694e-02,-2.932493133279329456e+01
4.362562849915541802e-02,-3.187204728295688483e+01
4.364187035637773909e-02,-2.879604443947838988e+01
4.365811221360006017e-02,-2.559125602868694216e+01
4.367435407082238125e-02,-2.219832789483259461e+01
4.369059592804470232e-02,-2.290827195462444621e+01
4.370683778526702340e-02,-2.781719147035033401e+01
4.372307964248934448e-02,-2.851288908554482049e+01
4.373932149971166555e-02,-2.969417349036888609e+01
4.375556335693398663e-02,-2.325754801556501050e+01
4.377180521415630771e-02,-1.908339055731999423e+01
4.378804707137862878e-02,-1.959693989657061763e+01
4.380428892860094986e-02,-2.148488163505316706e+01
4.382053078582327788e-02,-2.502464274702672498e+01
4.383677264304559895e-02,-2.518235409160464400e+01
4.385301450026792003e-02,-2.427665654696387776e+01
4.386925635749024110e-02,-2.995382602137864581e+01
4.388549821471256218e-02,-3.289002058451292498e+01
4.390174007193488326e-02,-3.712327648597306506e+01
4.391798192915720433e-02,-2.577732082621903231e+01
4.393422378637952541e-02,-2.085165650647775948e+01
4.395046564360184649e-02,-2.271096515690935291e+01
4.396670750082416756e-02,-4.219160378859635330e+01
4.398294935804648864e-02,-2.227595132792196253e+01
4.399919121526880972e-02,-2.288999860319178481e+01
4.401543307249113079e-02,-2.556027346661518607e+01
4.403167492971345187e-02,-2.185636372757055668e+01
4.404791678693577295e-02,-2.272289586411927331e+01
4.406415864415809402e-02,-2.043436378376323503e+01
4.408040050138041510e-02,-2.116653946347562254e+01
4.409664235860273618e-02,-2.385665413970160742e+01
4.411288421582505725e-02,-2.154100560368933159e+01
4.412912607304738527e-02,-2.772894475024389038e+01
4.414536793026970635e-02,-3.166172449691780599e+01
4.416160978749202742e-02,-2.620589924551346428e+01
4.417785164471434850e-02,-2.309276196323041930e+01
4.419409350193666958e-02,-2.370712584352622088e+01
4.421033535915899065e-02,-2.572236334324163920e+01
4.422657721638131173e-02,-2.547477458773716208e+01
4.424281907360363281e-02,-2.257999253609271761e+01
4.425906093082595388e-02,-2.217772054361896039e+01
4.427530278804827496e-02,-1.934270153416458626e+01
4.429154464527059604e-02,-1.705377462129941435e+01
4.430778650249291711e-02,-1.713737959404631184e+01
4.432402835971523819e-02,-1.815620170179748527e+01
4.434027021693755927e-02,-2.165863119845992912e+01
4.435651207415988034e-02,-2.569129709129449424e+01
4.437275393138220142e-02,-2.562279969451505934e+01
4.438899578860452250e-02,-2.644648571624632538e+01
4.440523764582684357e-02,-2.648828185101601562e+01
4.442147950304917159e-02,-3.657227987176114681e+01
4.443772136027149267e-02,-2.205246461432333049e+01
4.445396321749381374e-02,-1.737256087286045059e+01
4.447020507471613482e-02,-1.864111615725023796e+01
4.448644693193845590e-02,-2.650959571412853677e+01
4.450268878916077697e-02,-3.821972879864005535e+01
4.451893064638309805e-02,-4.336546464891230812e+01
4.453517250360541913e-02,-3.379282064890949044e+01
4.455141436082774020e-02,-2.773762138987434867e+01
4.456765621805006128e-02,-2.569215979037203823e+01
4.458389807527238236e-02,-2.608730897884493061e+01
4.460013993249470343e-02,-2.440140287995722446e+01
4.461638178971702451e-02,-2.438760402643393022e+01
4.463262364693934559e-02,-3.068002633365843579e+01
4.464886550416166666e-02,-3.938825171068324948e+01
4.466510736138398774e-02,-3.429427335214822392e+01
4.468134921860630882e-02,-2.360801453143967166e+01
4.469759107582862989e-02,-2.417110379694403122e+01
4.471383293305095097e-02,-2.566465041428280358e+01
4.473007479027327898e-02,-2.554571444963624316e+01
4.474631664749560006e-02,-2.726365876948047529e+01
4.476255850471792114e-02,-4.711177579496595058e+01
4.477880036194024221e-02,-2.754155501400042283e+01
4.479504221916256329e-02,-2.876692368148685119e+01
4.481128407638488437e-02,-3.072119178885486335e+01
4.482752593360720544e-02,-2.201559975905558630e+01
4.484376779082952652e-02,-2.391214429612094960e+01
4.486000964805184760e-02,-2.268566889750454862e+01
4.487625150527416867e-02,-1.798390323802035695e+01
4.489249336249648975e-02,-1.955317618083627451e+01
4.490873521971881083e-02,-2.024525816941415712e+01
4.492497707694113190e-02,-1.932980791702128087e+01
4.494121893416345298e-02,-2.325917296158625547e+01
4.495746079138577406e-02,-2.545330331531840784e+01
4.497370264860809513e-02,-2.729367673428690111e+01
4.498994450583041621e-02,-3.341468407518740236e+01
4.500618636305273729e-02,-2.795258105640969148e+01
4.502242822027506530e-02,-2.311233294445543862e+01
4.503867007749738638e-02,-2.350884085980019833e+01
4.505491193471970746e-02,-2.549079634390316684e+01
4.507115379194202853e-02,-2.656731203402677011e+01
4.508739564916434961e-02,-2.920685054112284007e+01
4.510363750638667069e-02,-3.553947783529059734e+01
4.511987936360899176e-02,-2.513835004691280872e+01
4.513612122083131284e-02,-2.093847162141440776e+01
4.515236307805363392e-02,-1.973000767236043984e+01
4.516860493527595499e-02,-2.377736435367287271e+01
4.518484679249827607e-02,-2.144078754826626465e+01
4.520108864972059715e-02,-2.051826646003717514e+01
4.521733050694291822e-02,-2.514825259339266594e+01
4.523357236416523930e-02,-2.906513240325807246e+01
4.524981422138756038e-02,-3.569996019798011133e+01
4.526605607860988145e-02,-2.750536933881784663e+01
4.528229793583220253e-02,-2.584935692228440729e+01
4.529853979305452361e-02,-2.803870663686078046e+01
4.531478165027684468e-02,-2.499694701458650314e+01
4.533102350749917270e-02,-2.714089396917658092e+01
4.534726536472149377e-02,-3.292390466987289699e+01
4.536350722194381485e-02,-2.113544744383680296e+01
4.537974907916613593e-02,-1.823348328471586655e+01
4.539599093638845700e-02,-2.400819791689902871e+01
4.541223279361077808e-02,-2.770881783605960180e+01
4.542847465083309916e-02,-2.907784129144688023e+01
4.544471650805542023e-02,-2.977846698378644419e+01
4.546095836527774131e-02,-2.563166513224592791e+01
4.547720022250006239e-02,-1.775287718338546838e+01
4.549344207972238346e-02,-1.483914785247677237e+01
4.550968393694470454e-02,-1.763250585490658651e+01
4.552592579416702562e-02,-1.997076239365518902e+01
4.554216765138934669e-02,-1.942766988702349806e+01
4.555840950861166777e-02,-1.814048506231743829e+01
4.557465136583398885e-02,-1.732911824485016439e+01
4.559089322305630992e-02,-2.202846194146015435e+01
4.560713508027863100e-02,-3.322065381331728418e+01
4.562337693750095902e-02,-2.961726391040579998e+01
4.563961879472328009e-02,-2.410987281235909307e+01
4.565586065194560117e-02,-2.239684880365365416e+01
4.567210250916792225e-02,-2.427757761543020010e+01
4.568834436639024332e-02,-2.176079903249522118e+01
4.570458622361256440e-02,-2.377707420823789164e+01
4.572082808083488548e-02,-3.067113016962616001e+01
4.573706993805720655e-02,-3.462081652676984334e+01
4.575331179527952763e-02,-2.732371914230106569e+01
4.576955365250184871e-02,-2.855163012245993670e+01
4.578579550972416978e-02,-3.578093824130100842e+01
4.580203736694649086e-02,-2.550284906349885361e+01
4.581827922416881194e-02,-2.246775582409723881e+01
4.583452108139113301e-02,-2.284937089407456057e+01
4.585076293861345409e-02,-2.321341222195432508e+01
4.586700479583577517e-02,-2.414848639153933618e+01
4.588324665305809624e-02,-2.746659214762246393e+01
4.589948851028041732e-02,-2.482699738390576982e+01
4.591573036750273840e-02,-2.959213774309814582e+01
4.593197222472506641e-02,-3.160014468808908816e+01
4.594821408194738749e-02,-2.491573484920569825e+01
4.596445593916970856e-02,-2.198030711810676863e+01
4.598069779639202964e-02,-2.310662698303819695e+01
4.599693965361435072e-02,-2.228601027786077537e+01
4.601318151083667179e-02,-1.807417830695989736e+01
4.602942336805899287e-02,-2.031877216745432690e+01
4.604566522528131395e-02,-2.062107391916897114e+01
4.606190708250363502e-02,-1.619830540689512688e+01
4.607814893972595610e-02,-1.609286244043865821e+01
4.609439079694827718e-02,-1.794950511715411778e+01
4.611063265417059825e-02,-1.953581079880785865e+01
4.612687451139291933e-02,-2.192138584018813674e+01
4.614311636861524041e-02,-2.960093670118529730e+01
4.615935822583756148e-02,-2.876490841364100248e+01
4.617560008305988256e-02,-2.222255425497035120e+01
4.619184194028220364e-02,-2.134205554402374361e+01
4.620808379750452471e-02,-2.129232895839162509e+01
4.622432565472684579e-02,-2.226507160392817042e+01
4.624056751194917381e-02,-2.692176802335659858e+01
4.625680936917149488e-02,-2.294945566970367423e+01
4.627305122639381596e-02,-2.054133793564583144e+01
4.628929308361613704e-02,-2.134976262782844714e+01
4.630553494083845811e-02,-2.929904339856158302e+01
4.632177679806077919e-02,-2.360966188614584382e+01
4.633801865528310027e-02,-2.312717128440156955e+01
4.635426051250542134e-02,-2.178170104532331663e+01
4.637050236972774242e-02,-3.072106369556378169e+01
4.638674422695006350e-02,-2.356934395917127034e+01
4.640298608417238457e-02,-2.733855514771127559e+01
4.641922794139470565e-02,-3.152689056160825842e+01
4.643546979861702673e-02,-2.592478600029835434e+01
4.645171165583934780e-02,-2.444456528719838673e+01
4.646795351306166888e-02,-2.191169342330269032e+01
4.648419537028398996e-02,-2.158259788820701175e+01
4.650043722750631103e-02,-2.332098618091727360e+01
4.651667908472863211e-02,-2.110436650203827114e+01
4.653292094195096013e-02,-2.173710912347487323e+01
4.654916279917328120e-02,-2.949228050909763255e+01
4.656540465639560228e-02,-3.050583390200853984e+01
4.658164651361792336e-02,-2.712267664870826422e+01
4.659788837084024443e-02,-2.946312490874241519e+01
4.661413022806256551e-02,-3.162860408075425767e+01
4.663037208528488659e-02,-2.812247097813044405e+01
4.664661394250720766e-02,-2.721813803487608041e+01
4.666285579972952874e-02,-3.011048951587898870e+01
4.667909765695184982e-02,-2.791737846284409130e+01
4.669533951417417089e-02,-2.371013317882956883e+01
4.671158137139649197e-02,-2.560062533878162583e+01
4.672782322861881305e-02,-2.816416393103798654e+01
4.674406508584113412e-02,-2.912304214237377309e+01
4.676030694306345520e-02,-2.151458497916224033e+01
4.677654880028577628e-02,-1.943886583311738647e+01
4.679279065750809735e-02,-1.928083824286482439e+01
4.680903251473041843e-02,-1.956704549125903014e+01
4.682527437195273950e-02,-1.951629423330893687e+01
4.684151622917506752e-02,-1.990190161201550367e+01
4.685775808639738860e-02,-2.434873444375641682e+01
4.687399994361970967e-02,-2.839173402411131164e+01
4.689024180084203075e-02,-2.440646137114535819e+01
4.690648365806435183e-02,-2.253083912707920078e+01
4.692272551528667290e-02,-2.208601514016908851e+01
4.693896737250899398e-02,-2.344382660040182742e+01
4.695520922973131506e-02,-2.327877321317584958e+01
4.697145108695363613e-02,-2.293282805876158292e+01
4.698769294417595721e-02,-2.418962574855902048e+01
4.700393480139827829e-02,-2.749165707426627492e+01
4.702017665862059936e-02,-2.813222035685764411e+01
4.703641851584292044e-02,-3.183820574724630958e+01
4.705266037306524152e-02,-3.757154816320496593e+01
4.706890223028756259e-02,-4.362309355291188950e+01
4.708514408750988367e-02,-2.930356705124442840e+01
4.710138594473220475e-02,-3.540044414404875539e+01
4.711762780195452582e-02,-3.287638048468235041e+01
4.713386965917685384e-02,-2.670704206001396841e+01
4.715011151639917492e-02,-2.504355806533211748e+01
4.716635337362149599e-02,-2.956063517640939153e+01
4.718259523084381707e-02,-2.651804783944415078e+01
4.719883708806613815e-02,-3.852935236325496504e+01
4.721507894528845922e-02,-2.535779452028621250e+01
4.723132080251078030e-02,-2.113588582668780447e+01
4.724756265973310138e-02,-2.556740193205944678e+01
4.726380451695542245e-02,-2.336082640052710246e+01
4.728004637417774353e-02,-2.201594776960210709e+01
4.729628823140006461e-02,-2.861167022911784841e+01
4.731253008862238568e-02,-2.904388819021810875e+01
4.732877194584470676e-02,-2.198060445773596427e+01
4.734501380306702784e-02,-2.069480778600873450e+01
4.736125566028934891e-02,-2.234995945048167698e+01
4.737749751751166999e-02,-2.851721406524102420e+01
4.739373937473399107e-02,-2.345062487983078370e+01
4.740998123195631214e-02,-2.102566839507523611e+01
4.742622308917863322e-02,-2.230222265000605475e+01
4.744246494640096123e-02,-2.012091891396713805e+01
4.745870680362328231e-02,-2.510128651418852996e+01
4.747494866084560339e-02,-3.262797376691430173e+01
4.749119051806792446e-02,-3.109031883117129880e+01
4.750743237529024554e-02,-3.822747775923319580e+01
4.752367423251256662e-02,-3.595512102666627641e+01
4.753991608973488769e-02,-2.294135910123689115e+01
4.755615794695720877e-02,-2.289929303534083971e+01
4.757239980417952985e-02,-2.290786819091413662e+01
4.758864166140185092e-02,-2.053808527248487792e+01
4.760488351862417200e-02,-2.518294687614998395e+01
4.762112537584649308e-02,-2.859077665634277921e+01
4.763736723306881415e-02,-2.180411769871615491e+01
4.765360909029113523e-02,-2.245815652450736977e+01
4.766985094751345631e-02,-3.125871098986870678e+01
4.768609280473577738e-02,-2.925709527999796578e+01
4.770233466195809846e-02,-4.349596946070711567e+01
4.771857651918041954e-02,-3.882944678446427389e+01
4.773481837640274755e-02,-4.966863762803328086e+01
4.775106023362506863e-02,-2.812232236961361309e+01
4.776730209084738971e-02,-2.311183551719909701e+01
4.778354394806971078e-02,-2.751654325416281921e+01
4.779978580529203186e-02,-2.703423206279103397e+01
4.781602766251435294e-02,-2.641823379742652023e+01
4.783226951973667401e-02,-2.868104164776978848e+01
4.784851137695899509e-02,-2.458435226937790219e+01
4.786475323418131617e-02,-2.112239870706181932e+01
4.788099509140363724e-02,-2.147312682222882785e+01
4.789723694862595832e-02,-2.352656251880943472e+01
4.791347880584827940e-02,-2.945040193476288337e+01
4.792972066307060047e-02,-2.941970699272361145e+01
4.794596252029292155e-02,-2.377152934416399077e+01
4.796220437751524263e-02,-2.349360663979441100e+01
4.797844623473756370e-02,-2.793872384140723497e+01
4.799468809195988478e-02,-3.212803739272387560e+01
4.801092994918220586e-02,-2.680506190358060081e+01
4.802717180640452693e-02,-2.071952119988116792e+01
4.804341366362685495e-02,-2.236837676283303011e+01
4.805965552084917602e-02,-3.114718986888027530e+01
4.807589737807149710e-02,-2.778028787331357918e+01
4.809213923529381818e-02,-2.008482333982387047e+01
4.810838109251613925e-02,-2.008786236430915295e+01
4.812462294973846033e-02,-1.938022878864507703e+01
4.814086480696078141e-02,-1.962275163724400784e+01
4.815710666418310248e-02,-2.306523019284897558e+01
4.817334852140542356e-02,-2.018541784029281061e+01
4.818959037862774464e-02,-1.984431443180277910e+01
4.820583223585006571e-02,-2.738017215727468923e+01
4.822207409307238679e-02,-3.275899727784513971e+01
4.823831595029470787e-02,-2.276892254197642274e+01
4.825455780751702894e-02,-1.955974425741510814e+01
4.827079966473935002e-02,-2.525488233301821239e+01
4.828704152196167110e-02,-2.978129310797393003e+01
4.830328337918399217e-02,-2.736946780720482053e+01
4.831952523640631325e-02,-2.536860369043376551e+01
4.833576709362864127e-02,-2.179245272043586112e+01
4.835200895085096234e-02,-2.053523670099423981e+01
4.836825080807328342e-02,-2.355979453868871332e+01
4.838449266529560450e-02,-3.343756114564413906e+01
4.840073452251792557e-02,-2.947939007513164711e+01
4.841697637974024665e-02,-3.887914018510694092e+01
4.843321823696256773e-02,-2.747235017734343998e+01
4.844946009418488880e-02,-2.458851437217515112e+01
4.846570195140720988e-02,-2.828100539319109430e+01
4.848194380862953096e-02,-3.351815206548938164e+01
4.849818566585185203e-02,-3.205416407720724692e+01
4.851442752307417311e-02,-2.606028863821104835e+01
4.853066938029649419e-02,-3.518689235972897933e+01
4.854691123751881526e-02,-2.394025930324158224e+01
4.856315309474113634e-02,-2.166056660987013416e+01
4.857939495196345742e-02,-2.338902136994362735e+01
4.859563680918577849e-02,-2.148691717069963758e+01
4.861187866640809957e-02,-2.251052211999775210e+01
4.862812052363042065e-02,-2.546667341270286755e+01
4.864436238085274866e-02,-2.995425113297486419e+01
4.866060423807506974e-02,-1.951257006870657662e+01
4.867684609529739082e-02,-1.853854880827825724e+01
4.869308795251971189e-02,-2.665211606863255867e+01
4.870932980974203297e-02,-4.039562624685820680e+01
4.872557166696435405e-02,-2.512685345200297959e+01
4.874181352418667512e-02,-2.288896943288196439e+01
4.875805538140899620e-02,-3.746453050799721041e+01
4.877429723863131728e-02,-2.492905253052947501e+01
4.879053909585363835e-02,-2.462026148438145867e+01
4.880678095307595943e-02,-2.827173159210145315e+01
4.882302281029828050e-02,-3.604082117941781860e+01
4.883926466752060158e-02,-2.531361864946999418e+01
4.885550652474292266e-02,-2.386458160614999002e+01
4.887174838196524373e-02,-2.365791834541084881e+01
4.888799023918756481e-02,-2.665441356139805151e+01
4.890423209640988589e-02,-1.934529469752382980e+01
4.892047395363220696e-02,-1.855854819290915714e+01
4.893671581085453498e-02,-2.108479614231115562e+01
4.895295766807685606e-02,-2.627526869597621939e+01
4.896919952529917713e-02,-4.268501038060263397e+01
4.898544138252149821e-02,-2.653727704079180327e+01
4.900168323974381929e-02,-2.365679305801129928e+01
4.901792509696614036e-02,-2.917688402606195552e+01
4.903416695418846144e-02,-2.221529822956920697e+01
4.905040881141078252e-02,-1.857680991917910518e+01
4.906665066863310359e-02,-1.828817591140161625e+01
4.908289252585542467e-02,-1.854098004840015435e+01
4.909913438307774575e-02,-2.011343239569136543e+01
4.911537624030006682e-02,-2.418401851172362527e+01
4.913161809752238790e-02,-2.586022412899933087e+01
4.914785995474470898e-02,-2.011658371441583171e+01
4.916410181196703005e-02,-1.759443606647865721e+01
4.918034366918935113e-02,-2.006332197260219274e+01
4.919658552641167221e-02,-2.684298479279317462e+01
4.921282738363399328e-02,-3.066897795624766943e+01
4.922906924085631436e-02,-2.879911531774122935e+01
4.924531109807864238e-02,-2.631153044130645213e+01
4.926155295530096345e-02,-2.507264484606020005e+01
4.927779481252328453e-02,-2.046102772873044628e+01
4.929403666974560561e-02,-1.757952465113521612e+01
4.931027852696792668e-02,-1.930561645289656170e+01
4.932652038419024776e-02,-2.427185124492458712e+01
4.934276224141256884e-02,-2.566166256955263236e+01
4.935900409863488991e-02,-2.385389787364489678e+01
4.937524595585721099e-02,-2.868497077707084486e+01
4.939148781307953207e-02,-3.054986792308985599e+01
4.940772967030185314e-02,-2.072271040295518318e+01
4.942397152752417422e-02,-1.980562802212488194e+01
4.944021338474649530e-02,-2.482650017939750953e+01
4.945645524196881637e-02,-4.328056953262525042e+01
4.947269709919113745e-02,-2.543279410674958285e+01
4.948893895641345853e-02,-2.206707832870335295e+01
4.950518081363577960e-02,-2.771910591460748208e+01
4.952142267085810068e-02,-3.313457972583486821e+01
4.953766452808042869e-02,-2.890258440189734301e+01
4.955390638530274977e-02,-2.604339782865466191e+01
4.957014824252507085e-02,-2.642996356886601461e+01
4.958639009974739192e-02,-2.609931503386324891e+01
4.960263195696971300e-02,-2.320354497434632890e+01
4.961887381419203408e-02,-2.343692013179418865e+01
4.963511567141435515e-02,-2.589831203299685569e+01
4.965135752863667623e-02,-2.319112572563374641e+01
4.966759938585899731e-02,-1.929682264678110570e+01
4.968384124308131838e-02,-1.781418970359768394e+01
4.970008310030363946e-02,-1.759480781566572460e+01
4.971632495752596054e-02,-1.979331663082465198e+01
4.973256681474828161e-02,-2.558901066986998529e+01
4.974880867197060269e-02,-2.881187639871852468e+01
4.976505052919292377e-02,-2.456745556228582217e+01
4.978129238641524484e-02,-2.301178364785209851e+01
4.979753424363756592e-02,-2.421234029683267508e+01
4.981377610085988700e-02,-2.487259614430323751e+01
4.983001795808220807e-02,-2.230750042704494973e+01
4.984625981530453609e-02,-2.402911529485729858e+01
4.986250167252685717e-02,-2.690931651161662330e+01
4.987874352974917824e-02,-3.129547023669083572e+01
4.989498538697149932e-02,-2.982114951740131303e+01
4.991122724419382040e-02,-2.974373051187932049e+01
4.992746910141614147e-02,-2.972113819469707607e+01
4.994371095863846255e-02,-2.438566395056330549e+01
4.995995281586078363e-02,-2.310669921002281413e+01
4.997619467308310470e-02,-2.695258826014527287e+01
4.999243653030542578e-02,-2.483785359392534886e+01
5.000867838752774686e-02,-1.793484585802116626e+01
5.002492024475006793e-02,-2.074770639064444921e+01
5.004116210197238901e-02,-3.440647798826787351e+01
5.005740395919471009e-02,-3.471094107375823512e+01
5.007364581641703116e-02,-2.515469770435312924e+01
5.008988767363935224e-02,-2.422146849604114038e+01
5.010612953086167332e-02,-2.173198010927837842e+01
5.012237138808399439e-02,-2.257955887815848683e+01
5.013861324530631547e-02,-2.080415370918997198e+01
5.015485510252864348e-02,-1.870448780920041543e+01
5.017109695975096456e-02,-1.932380571208791054e+01
5.018733881697328564e-02,-2.539580165633550379e+01
5.020358067419560671e-02,-2.972238817705378011e+01
5.021982253141792779e-02,-2.344696445684422770e+01
5.023606438864024887e-02,-2.191553663834390520e+01
5.025230624586256994e-02,-2.124323141939283843e+01
5.026854810308489102e-02,-2.335382165553774314e+01
5.028478996030721210e-02,-2.041403953183910858e+01
5.030103181752953317e-02,-1.885918918756232543e+01
5.031727367475185425e-02,-2.457801089607401224e+01
5.033351553197417533e-02,-3.505585134655912327e+01
5.034975738919649640e-02,-2.277143448383618818e+01
5.036599924641881748e-02,-1.890196269441335630e+01
5.038224110364113856e-02,-1.939414710634781613e+01
5.039848296086345963e-02,-2.160067777631674701e+01
5.041472481808578071e-02,-2.247761314070198324e+01
5.043096667530810179e-02,-2.529707877240743841e+01
5.044720853253042980e-02,-2.325748355994205241e+01
5.046345038975275088e-02,-2.200917190400987877e+01
5.047969224697507196e-02,-2.527146922687911257e+01
5.049593410419739303e-02,-3.269074983002906265e+01
5.051217596141971411e-02,-2.896256721874116735e+01
5.052841781864203519e-02,-2.773335962587051284e+01
5.054465967586435626e-02,-2.378264236230304007e+01
5.056090153308667734e-02,-2.040238619200675885e+01
5.057714339030899842e-02,-2.096309590113715160e+01
5.059338524753131949e-02,-2.275282481857900407e+01
5.060962710475364057e-02,-2.537668128397928768e+01
5.062586896197596165e-02,-2.176018542982310322e+01
5.064211081919828272e-02,-1.908913248801901474e+01
5.065835267642060380e-02,-2.397717858257492196e+01
5.067459453364292488e-02,-3.375565051815362239e+01
5.069083639086524595e-02,-2.602953236141892646e+01
5.070707824808756703e-02,-2.319277963881619797e+01
5.072332010530988811e-02,-2.407093381076359861e+01
5.073956196253220918e-02,-3.546936535265614054e+01
5.075580381975453720e-02,-2.652686559137956479e+01
5.077204567697685827e-02,-2.258199504011691516e+01
5.078828753419917935e-02,-2.141082259181158065e+01
5.080452939142150043e-02,-1.938894179438235810e+01
5.082077124864382150e-02,-1.905832567547282608e+01
5.083701310586614258e-02,-2.386677908227463973e+01
5.085325496308846366e-02,-2.474692800313849617e+01
5.086949682031078473e-02,-2.123381223473455037e+01
5.088573867753310581e-02,-2.492427325127325233e+01
5.090198053475542689e-02,-2.746013437511101074e+01
5.091822239197774796e-02,-2.837538104967950758e+01
5.093446424920006904e-02,-2.885644024099500626e+01
5.095070610642239012e-02,-2.861043702911341313e+01
5.096694796364471119e-02,-2.596446339678942650e+01
5.098318982086703227e-02,-2.353102617670175079e+01
5.099943167808935335e-02,-2.328019119597217923e+01
5.101567353531167442e-02,-2.786235589392111578e+01
5.103191539253399550e-02,-3.060957264451582915e+01
5.104815724975632352e-02,-2.276378462174309902e+01
5.106439910697864459e-02,-1.739730474330671939e+01
5.108064096420096567e-02,-1.757253504791091459e+01
5.109688282142328675e-02,-2.567280904793600627e+01
5.111312467864560782e-02,-3.170550047494039347e+01
5.112936653586792890e-02,-3.237896358624561088e+01
5.114560839309024998e-02,-2.129295528986108366e+01
5.116185025031257105e-02,-1.579097365361298699e+01
5.117809210753489213e-02,-1.617624496258128275e+01
5.119433396475721321e-02,-2.088589737145980152e+01
5.121057582197953428e-02,-1.961032068445361176e+01
5.122681767920185536e-02,-1.884091993677191468e+01
5.124305953642417644e-02,-2.025511335884921493e+01
5.125930139364649751e-02,-2.332851111302932168e+01
5.127554325086881859e-02,-2.977890255364516037e+01
5.129178510809113967e-02,-2.992071742144076296e+01
5.130802696531346074e-02,-2.226405998682323784e+01
5.132426882253578182e-02,-2.254668718141595107e+01
5.134051067975810290e-02,-2.704465008477161092e+01
5.135675253698043091e-02,-3.011106845536418319e+01
5.137299439420275199e-02,-3.649591644456959472e+01
5.138923625142507307e-02,-3.141030369612406759e+01
5.140547810864739414e-02,-2.539185589012178212e+01
5.142171996586971522e-02,-2.196918826182232110e+01
5.143796182309203630e-02,-2.551338105626435748e+01
5.145420368031435737e-02,-2.455008806043698755e+01
5.147044553753667845e-02,-2.091801969898481772e+01
5.148668739475899953e-02,-1.889576485605250866e+01
5.150292925198132060e-02,-1.845443789699937298e+01
5.151917110920364168e-02,-2.382695678280929030e+01
5.153541296642596276e-02,-3.129952478162643459e+01
5.155165482364828383e-02,-3.073018242240905806e+01
5.156789668087060491e-02,-4.297495152428958676e+01
5.158413853809292599e-02,-2.834693449428185374e+01
5.160038039531524706e-02,-2.683101336329784559e+01
5.161662225253756814e-02,-3.171085890895961512e+01
5.163286410975988922e-02,-3.740293530054260884e+01
5.164910596698221723e-02,-2.598197298402860511e+01
5.166534782420453831e-02,-2.122864950627721825e+01
5.168158968142685938e-02,-2.100092986123931382e+01
5.169783153864918046e-02,-2.834896884554455099e+01
5.171407339587150154e-02,-2.594166586685330955e+01
5.173031525309382261e-02,-2.141505439386805421e+01
5.174655711031614369e-02,-2.026818905041041674e+01
5.176279896753846477e-02,-2.233618379792925168e+01
5.177904082476078584e-02,-2.982642696975382179e+01
5.179528268198310692e-02,-3.342164943326305604e+01
5.181152453920542800e-02,-2.215304288942631672e+01
5.182776639642774907e-02,-2.211510226689979675e+01
5.184400825365007015e-02,-2.530175472348180676e+01
5.186025011087239123e-02,-2.545777509562773844e+01
5.187649196809471230e-02,-2.464121136655180067e+01
5.189273382531703338e-02,-3.169459720073539799e+01
5.190897568253935446e-02,-2.770510093266268115e+01
5.192521753976167553e-02,-2.161165984394054718e+01
5.194145939698399661e-02,-2.341016342247735693e+01
5.195770125420632463e-02,-3.124253592776951649e+01
5.197394311142864570e-02,-2.484465500669222138e+01
5.199018496865096678e-02,-2.515636032244198717e+01
5.200642682587328786e-02,-2.029106469586977823e+01
5.202266868309560893e-02,-1.835588253899165068e+01
5.203891054031793001e-02,-2.120331560860212150e+01
5.205515239754025109e-02,-2.740586251925574501e+01
5.207139425476257216e-02,-2.717878766738539653e+01
5.208763611198489324e-02,-2.314658993606057535e+01
5.210387796920721432e-02,-1.966222897679148218e+01
5.212011982642953539e-02,-2.114135048963063213e+01
5.213636168365185647e-02,-2.536795802680732237e+01
5.215260354087417755e-02,-2.924370621974414775e+01
5.216884539809649862e-02,-3.225126200290203826e+01
5.218508725531881970e-02,-2.795813783667824381e+01
5.220132911254114078e-02,-2.515941478546237420e+01
5.221757096976346185e-02,-2.929473513653088901e+01
5.223381282698578293e-02,-3.786702567870669611e+01
5.225005468420811094e-02,-3.131867891805523030e+01
5.226629654143043202e-02,-2.584481644861002536e+01
5.228253839865275310e-02,-2.038961645028010850e+01
5.229878025587507417e-02,-2.049491755229551515e+01
5.231502211309739525e-02,-2.730783149952793565e+01
5.233126397031971633e-02,-2.818673421602017370e+01
5.234750582754203740e-02,-1.819159002514648193e+01
5.236374768476435848e-02,-1.746764628858144874e+01
5.237998954198667956e-02,-1.983293977122006169e+01
5.239623139920900063e-02,-1.731427351240393975e+01
5.241247325643132171e-02,-1.634617694363251417e+01
5.242871511365364279e-02,-1.898889812749560235e+01
5.244495697087596386e-02,-2.281148692937072298e+01
5.246119882809828494e-02,-2.948431329236285237e+01
5.247744068532060602e-02,-2.124597980181619050e+01
5.249368254254292709e-02,-1.576903706293715679e+01
5.250992439976524817e-02,-1.464955583424274188e+01
5.252616625698756925e-02,-1.774821516147794043e+01
5.254240811420989032e-02,-2.607485650663611665e+01
5.255864997143221834e-02,-2.836108295219873199e+01
5.257489182865453942e-02,-2.219919254309218104e+01
5.259113368587686049e-02,-2.040386177168510784e+01
5.260737554309918157e-02,-2.051344279522340486e+01
5.262361740032150265e-02,-2.121192764576596446e+01
5.263985925754382372e-02,-2.201191335233028212e+01
5.265610111476614480e-02,-2.215746002988354491e+01
5.267234297198846588e-02,-2.327984613787595336e+01
5.268858482921078695e-02,-3.130462431157456038e+01
5.270482668643310803e-02,-3.541770773680972439e+01
5.272106854365542911e-02,-2.846240597918941972e+01
5.273731040087775018e-02,-2.218696629339218163e+01
5.275355225810007126e-02,-2.302873062400385606e+01
5.276979411532239234e-02,-2.847811993479837867e+01
5.278603597254471341e-02,-2.790249603164770065e+01
5.280227782976703449e-02,-3.148954404103371019e+01
5.281851968698935557e-02,-2.948675121760274820e+01
5.283476154421167664e-02,-3.208631285794302812e+01
5.285100340143400466e-02,-2.164391723570910386e+01
5.286724525865632573e-02,-2.315253814997135251e+01
5.288348711587864681e-02,-3.013247186131228972e+01
5.289972897310096789e-02,-2.372104579947102465e+01
5.291597083032328896e-02,-1.917048708303322613e+01
5.293221268754561004e-02,-2.107333529554349383e+01
5.294845454476793112e-02,-2.239756396828338936e+01
5.296469640199025219e-02,-2.329942156875944548e+01
5.298093825921257327e-02,-2.000552031045730317e+01
5.299718011643489435e-02,-2.597725433809284823e+01
5.301342197365721542e-02,-2.639329569326756442e+01
5.302966383087953650e-02,-3.232689480333154819e+01
5.304590568810185758e-02,-2.863809412496186013e+01
5.306214754532417865e-02,-3.016880591948739720e+01
5.307838940254649973e-02,-2.131391037945267186e+01
5.309463125976882081e-02,-2.330100007385934191e+01
5.311087311699114188e-02,-2.467478596045315697e+01
5.312711497421346296e-02,-2.273812583963175626e+01
5.314335683143578404e-02,-2.290668749410958682e+01
5.315959868865811205e-02,-2.132329650059615034e+01
5.317584054588043313e-02,-2.307560016018942761e+01
5.319208240310275421e-02,-2.847710638471838251e+01
5.320832426032507528e-02,-3.102643404812468475e+01
5.322456611754739636e-02,-2.790699233374681398e+01
5.324080797476971744e-02,-2.848841182920070736e+01
5.325704983199203851e-02,-3.112205459112393413e+01
5.327329168921435959e-02,-2.619668062534509900e+01
5.328953354643668067e-02,-3.219567997091756695e+01
5.330577540365900174e-02,-2.185414744706242729e+01
5.332201726088132282e-02,-1.874802309189904292e+01
5.333825911810364390e-02,-1.786581627641405845e+01
5.335450097532596497e-02,-2.388649991934336470e+01
5.337074283254828605e-02,-3.585548515878043219e+01
5.338698468977060713e-02,-4.315996470203295132e+01
5.340322654699292820e-02,-3.652655668188388205e+01
5.341946840421524928e-02,-4.571212362044995103e+01
5.343571026143757036e-02,-2.557974345360257473e+01
5.345195211865989143e-02,-1.995871212351143598e+01
5.346819397588221945e-02,-2.505621443419295247e+01
5.348443583310454053e-02,-3.906871746553456148e+01
5.350067769032686160e-02,-2.965980569305422065e+01
5.351691954754918268e-02,-2.308672294237159051e+01
5.353316140477150376e-02,-2.576284091266307641e+01
5.354940326199382483e-02,-2.835923258544003289e+01
5.356564511921614591e-02,-2.494446723087934714e+01
5.358188697643846699e-02,-2.560825385327477832e+01
5.359812883366078806e-02,-2.601241045498949944e+01
5.361437069088310914e-02,-1.774034202739980515e+01
5.363061254810543022e-02,-1.697990080044494476e+01
5.364685440532775129e-02,-1.976609097981601337e+01
5.366309626255007237e-02,-2.665717618123994725e+01
5.367933811977239345e-02,-3.154503442843406802e+01
5.369557997699471452e-02,-2.510433684546153899e+01
5.371182183421703560e-02,-2.702777848537701644e+01
5.372806369143935667e-02,-1.999162015658936298e+01
5.374430554866167775e-02,-2.107976351987090879e+01
5.376054740588400577e-02,-2.360827006460340627e+01
5.377678926310632684e-02,-2.136303427666489796e+01
5.379303112032864792e-02,-1.963489342602949606e+01
5.380927297755096900e-02,-2.276400957857556762e+01
5.382551483477329007e-02,-2.411678164671505087e+01
5.384175669199561115e-02,-2.240531135830376641e+01
5.385799854921793223e-02,-2.708089184391511139e+01
5.387424040644025330e-02,-3.200565904163102005e+01
5.389048226366257438e-02,-2.942084500251391788e+01
5.390672412088489546e-02,-2.673582437651727872e+01
5.392296597810721653e-02,-2.369586033291292182e+01
5.393920783532953761e-02,-1.921203227494427779e+01
5.395544969255185869e-02,-2.153992989690159021e+01
5.397169154977417976e-02,-3.517085146422368780e+01
5.398793340699650084e-02,-2.501613756882322548e+01
5.400417526421882192e-02,-2.086554541701137211e+01
5.402041712144114299e-02,-1.971857687819482763e+01
5.403665897866346407e-02,-2.125544995017209260e+01
5.405290083588578515e-02,-2.301944000279678448e+01
5.406914269310811316e-02,-2.155279292990650930e+01
5.408538455033043424e-02,-1.903377788900558798e+01
5.410162640755275532e-02,-2.237136864283613491e+01
5.411786826477507639e-02,-2.988107913500671486e+01
5.413411012199739747e-02,-2.847179083464633464e+01
5.415035197921971855e-02,-3.006804629683927743e+01
5.416659383644203962e-02,-2.277272300687108952e+01
5.418283569366436070e-02,-2.215001030714151398e+01
5.419907755088668178e-02,-3.306570889127179669e+01
5.421531940810900285e-02,-2.900067624372187680e+01
5.423156126533132393e-02,-2.237796936470744313e+01
5.424780312255364501e-02,-1.985751100366282174e+01
5.426404497977596608e-02,-1.850108018293462209e+01
5.428028683699828716e-02,-1.882829161138228358e+01
5.429652869422060824e-02,-2.117460153057903582e+01
5.431277055144292931e-02,-2.168551668962578560e+01
5.432901240866525039e-02,-2.207402143297706232e+01
5.434525426588757147e-02,-1.912096865742831753e+01
5.436149612310989948e-02,-1.930856843696669856e+01
5.437773798033222056e-02,-2.100485412131537188e+01
5.439397983755454163e-02,-2.246574605279838011e+01
5.441022169477686271e-02,-3.520539286622478414e+01
5.442646355199918379e-02,-2.881116015333058300e+01
5.444270540922150486e-02,-2.994359905704728675e+01
5.445894726644382594e-02,-2.572499821047859569e+01
5.447518912366614702e-02,-3.094996574144019519e+01
5.449143098088846809e-02,-2.624814236756468233e+01
5.450767283811078917e-02,-2.342523779188987376e+01
5.452391469533311025e-02,-2.744040946890910249e+01
5.454015655255543132e-02,-2.562035328350459906e+01
5.455639840977775240e-02,-2.517063108887469980e+01
5.457264026700007348e-02,-3.181327743823931087e+01
5.458888212422239455e-02,-2.155545323450001405e+01
5.460512398144471563e-02,-1.794610123687120762e+01
5.462136583866703671e-02,-1.790760989772935119e+01
5.463760769588935778e-02,-2.005556518728212012e+01
5.465384955311167886e-02,-2.569106748333378221e+01
5.467009141033400688e-02,-2.627559851559297144e+01
5.468633326755632795e-02,-2.930213135307192829e+01
5.470257512477864903e-02,-2.972077315559148758e+01
5.471881698200097011e-02,-2.112836845114182793e+01
5.473505883922329118e-02,-1.990872201737097313e+01
5.475130069644561226e-02,-2.230824756163616485e+01
5.476754255366793334e-02,-3.656097958155127259e+01
5.478378441089025441e-02,-2.263238643106213743e+01
5.480002626811257549e-02,-2.118399427642015098e+01
5.481626812533489657e-02,-3.197884232205699817e+01
5.483250998255721764e-02,-2.857038748205290446e+01
5.484875183977953872e-02,-2.490968365850958577e+01
5.486499369700185980e-02,-2.295532675177169324e+01
5.488123555422418087e-02,-1.970599609011695463e+01
5.489747741144650195e-02,-1.926619691680757285e+01
5.491371926866882303e-02,-2.474655823495160334e+01
5.492996112589114410e-02,-2.141811162753589315e+01
5.494620298311346518e-02,-1.727669624439904794e+01
5.496244484033579319e-02,-1.814603627385526963e+01
5.497868669755811427e-02,-2.253081253230336145e+01
5.499492855478043535e-02,-2.312137852929290460e+01
5.501117041200275642e-02,-2.374870913350772739e+01
5.502741226922507750e-02,-2.209804065294095921e+01
5.504365412644739858e-02,-1.723149604100981946e+01
5.505989598366971965e-02,-1.942391905173904831e+01
5.507613784089204073e-02,-2.902941447558507448e+01
5.509237969811436181e-02,-4.012375841180811875e+01
5.510862155533668288e-02,-4.090665397112573487e+01
5.512486341255900396e-02,-3.412680301123957349e+01
5.514110526978132504e-02,-2.653812863182864490e+01
5.515734712700364611e-02,-2.347198340863108612e+01
5.517358898422596719e-02,-2.480744506470227861e+01
5.518983084144828827e-02,-3.417887879810503904e+01
5.520607269867060934e-02,-2.911984336324756484e+01
5.522231455589293042e-02,-2.203104232546838048e+01
5.523855641311525150e-02,-2.077842165725148504e+01
5.525479827033757257e-02,-2.225074419889836363e+01
5.527104012755990059e-02,-2.349079741725274317e+01
5.528728198478222167e-02,-2.082781248218864079e+01
5.530352384200454274e-02,-1.843971586678032537e+01
5.531976569922686382e-02,-1.857238119867709969e+01
5.533600755644918490e-02,-2.061777173645372585e+01
5.535224941367150597e-02,-2.357862115759705190e+01
5.536849127089382705e-02,-2.990223414219313014e+01
5.538473312811614813e-02,-2.576775029033760944e+01
5.540097498533846920e-02,-2.339042817769006177e+01
5.541721684256079028e-02,-2.559156154473138400e+01
5.543345869978311136e-02,-2.181110120255311813e+01
5.544970055700543243e-02,-1.972799478890539504e+01
5.546594241422775351e-02,-2.130892447833120684e+01
5.548218427145007459e-02,-2.144304574343428271e+01
5.549842612867239566e-02,-2.306516401491617074e+01
5.551466798589471674e-02,-3.359811272802050297e+01
5.553090984311703782e-02,-2.079027926064369325e+01
5.554715170033935889e-02,-2.241650575675505763e+01
5.556339355756168691e-02,-2.538650205684679051e+01
5.557963541478400799e-02,-2.366025485531562822e+01
5.559587727200632906e-02,-2.328906728843087492e+01
5.561211912922865014e-02,-2.441578677788647767e+01
5.562836098645097122e-02,-2.504513740083990214e+01
5.564460284367329229e-02,-3.125253823362996641e+01
5.566084470089561337e-02,-2.855208845044024457e+01
5.567708655811793445e-02,-2.795473339581459626e+01
5.569332841534025552e-02,-3.950563992211903042e+01
5.570957027256257660e-02,-2.990612203692639781e+01
5.572581212978489767e-02,-2.628965154195870824e+01
5.574205398700721875e-02,-2.455090580813815393e+01
5.575829584422953983e-02,-2.354702272745370450e+01
5.577453770145186090e-02,-2.190567860585470683e+01
5.579077955867418198e-02,-2.233326844490238017e+01
5.580702141589650306e-02,-2.007773398668243203e+01
5.582326327311882413e-02,-1.611109397917226005e+01
5.583950513034114521e-02,-1.571207914527138527e+01
5.585574698756346629e-02,-1.931153101879159095e+01
5.587198884478579430e-02,-2.975520862703446312e+01
5.588823070200811538e-02,-2.487573321682844707e+01
5.590447255923043646e-02,-1.923651932712168744e+01
5.592071441645275753e-02,-2.048579010599019767e+01
5.593695627367507861e-02,-3.281088989182217119e+01
5.595319813089739969e-02,-2.264935796179170779e+01
5.596943998811972076e-02,-1.977207441440594948e+01
5.598568184534204184e-02,-2.075497712090704994e+01
5.600192370256436292e-02,-2.554457602527313043e+01
5.601816555978668399e-02,-2.273358425612497058e+01
5.603440741700900507e-02,-2.263207184814505979e+01
5.605064927423132615e-02,-2.690142522701032135e+01
5.606689113145364722e-02,-2.441100179563819239e+01
5.608313298867596830e-02,-2.212065696379060853e+01
5.609937484589828938e-02,-1.945231591792960302e+01
5.611561670312061045e-02,-2.038448994728184260e+01
5.613185856034293153e-02,-2.754995531476218318e+01
5.614810041756525261e-02,-3.365274188105442477e+01
5.616434227478758062e-02,-2.605512230979762123e+01
5.618058413200990170e-02,-2.902581481480164882e+01
5.619682598923222278e-02,-2.774820562280446978e+01
5.621306784645454385e-02,-2.308099684359725501e+01
5.622930970367686493e-02,-2.844178515862466128e+01
5.624555156089918601e-02,-2.451501797295930629e+01
5.626179341812150708e-02,-2.642106723472625163e+01
5.627803527534382816e-02,-3.114329743369854597e+01
5.629427713256614924e-02,-2.525745224256201737e+01
5.631051898978847031e-02,-2.196308331429775507e+01
5.632676084701079139e-02,-2.391072560310813699e+01
5.634300270423311247e-02,-3.011302945868872882e+01
5.635924456145543354e-02,-3.213518953748597795e+01
5.637548641867775462e-02,-2.278858412083081220e+01
5.639172827590007570e-02,-2.059502122589822548e+01
5.640797013312239677e-02,-2.694151472059090224e+01
5.642421199034471785e-02,-3.264431469355330506e+01
5.644045384756703893e-02,-2.876148166754218138e+01
5.645669570478936000e-02,-2.708224717534541170e+01
5.647293756201168802e-02,-2.528209775684620553e+01
5.648917941923400909e-02,-3.706779259582680197e+01
5.650542127645633017e-02,-2.909551980391785264e+01
5.652166313367865125e-02,-3.154038056633068976e+01
5.653790499090097232e-02,-3.516575877068019906e+01
5.655414684812329340e-02,-2.681190108197274569e+01
5.657038870534561448e-02,-2.587290607125672892e+01
5.658663056256793555e-02,-4.143290361083803930e+01
5.660287241979025663e-02,-2.723799186066560907e+01
5.661911427701257771e-02,-2.401310018997339313e+01
5.663535613423489878e-02,-2.770279574753174856e+01
5.665159799145721986e-02,-2.476141374044708243e+01
5.666783984867954094e-02,-1.813527186530733815e+01
5.668408170590186201e-02,-1.547975386161625622e+01
5.670032356312418309e-02,-1.666399629660869763e+01
5.671656542034650417e-02,-2.263736124440661968e+01
5.673280727756882524e-02,-2.895743238920277207e+01
5.674904913479114632e-02,-2.089811559068006730e+01
5.676529099201347434e-02,-1.973377711334616436e+01
5.678153284923579541e-02,-2.111390763934730330e+01
5.679777470645811649e-02,-2.441681187001196207e+01
5.681401656368043757e-02,-3.141838762084939418e+01
5.683025842090275864e-02,-2.970562088173265636e+01
5.684650027812507972e-02,-2.624903330212593744e+01
5.686274213534740080e-02,-2.965629752216927173e+01
5.687898399256972187e-02,-2.790952876983904574e+01
5.689522584979204295e-02,-2.851679230638447748e+01
5.691146770701436403e-02,-2.933746877994263613e+01
5.692770956423668510e-02,-2.145802712801724255e+01
5.694395142145900618e-02,-2.144680086469471547e+01
5.696019327868132726e-02,-2.564506128557614062e+01
5.697643513590364833e-02,-3.441103193980697483e+01
5.699267699312596941e-02,-2.128688133862026888e+01
5.700891885034829049e-02,-2.010892188304109851e+01
5.702516070757061156e-02,-2.395016619835921290e+01
5.704140256479293264e-02,-2.591454275206814017e+01
5.705764442201525372e-02,-2.432097307818630583e+01
5.707388627923758173e-02,-2.262340846283463947e+01
5.709012813645990281e-02,-2.303409400355405623e+01
5.710636999368222388e-02,-2.371484218017723222e+01
5.712261185090454496e-02,-2.254786040446909823e+01
5.713885370812686604e-02,-2.070131212230600681e+01
5.715509556534918711e-02,-2.236229264226196278e+01
5.717133742257150819e-02,-2.790181967400480545e+01
5.718757927979382927e-02,-3.068883742615152244e+01
5.720382113701615034e-02,-2.669398055073244080e+01
5.722006299423847142e-02,-2.704958991988814176e+01
5.723630485146079250e-02,-2.802225792125834758e+01
5.725254670868311357e-02,-3.236494949668945509e+01
5.726878856590543465e-02,-2.812094644562471046e+01
5.728503042312775573e-02,-2.122501739807898602e+01
5.730127228035007680e-02,-1.956396930649668775e+01
5.731751413757239788e-02,-1.952086604914993018e+01
5.733375599479471896e-02,-2.050489601724827438e+01
5.734999785201704003e-02,-2.607590963498387282e+01
5.736623970923936111e-02,-3.147636156623854475e+01
5.738248156646168913e-02,-2.065235880170878247e+01
5.739872342368401020e-02,-1.964765847865346871e+01
5.741496528090633128e-02,-2.341233014064921747e+01
5.743120713812865236e-02,-3.721530385058517254e+01
5.744744899535097343e-02,-3.469576679277566456e+01
5.746369085257329451e-02,-3.125013915650770358e+01
5.747993270979561559e-02,-2.437750477992835130e+01
5.749617456701793666e-02,-2.271300925125885684e+01
5.751241642424025774e-02,-2.731475242994459762e+01
5.752865828146257882e-02,-3.610499194095610420e+01
5.754490013868489989e-02,-2.811681234234358584e+01
5.756114199590722097e-02,-2.711475071186917418e+01
5.757738385312954205e-02,-1.981982067125470337e+01
5.759362571035186312e-02,-2.433564427033690691e+01
5.760986756757418420e-02,-3.600730752270411017e+01
5.762610942479650528e-02,-3.241168125330138849e+01
5.764235128201882635e-02,-2.783669763448131462e+01
5.765859313924114743e-02,-3.020333080842399198e+01
5.767483499646347544e-02,-3.461970995493124548e+01
5.769107685368579652e-02,-3.024208891493276852e+01
5.770731871090811760e-02,-2.855357417431185496e+01
5.772356056813043867e-02,-2.887202779525237872e+01
5.773980242535275975e-02,-2.334196415315089368e+01
5.775604428257508083e-02,-2.199298802212794968e+01
5.777228613979740190e-02,-2.620948250794527112e+01
5.778852799701972298e-02,-2.626014785277043018e+01
5.780476985424204406e-02,-2.068512992210925461e+01
5.782101171146436513e-02,-1.740812485358059547e+01
5.783725356868668621e-02,-1.924835143678211935e+01
5.785349542590900729e-02,-2.465720714038980432e+01
5.786973728313132836e-02,-3.073789375606530783e+01
5.788597914035364944e-02,-3.569153586015945478e+01
5.790222099757597052e-02,-2.275798654035886770e+01
5.791846285479829159e-02,-1.672261292636381214e+01
5.793470471202061267e-02,-1.407790847021122183e+01
5.795094656924293375e-02,-1.548370284756303406e+01
5.796718842646525482e-02,-2.368126170328681468e+01
5.798343028368758284e-02,-2.883031938834892571e+01
5.799967214090990392e-02,-2.427803246474152132e+01
5.801591399813222499e-02,-3.317171937273744220e+01
5.803215585535454607e-02,-2.036031709349233054e+01
5.804839771257686715e-02,-1.744284740057550209e+01
5.806463956979918822e-02,-1.894033931623871325e+01
5.808088142702150930e-02,-2.156571784922377333e+01
5.809712328424383038e-02,-2.308134457596040789e+01
5.811336514146615145e-02,-2.717850128738381699e+01
5.812960699868847253e-02,-3.811181927505740674e+01
5.814584885591079361e-02,-3.023048915746320731e+01
5.816209071313311468e-02,-2.719611366531204055e+01
5.817833257035543576e-02,-2.189767084302395972e+01
5.819457442757775684e-02,-1.773793454000400516e+01
5.821081628480007791e-02,-1.585772989754099349e+01
5.822705814202239899e-02,-1.663592901937268920e+01
5.824329999924472007e-02,-2.142197995698992941e+01
5.825954185646704114e-02,-3.370657139308818984e+01
5.827578371368936916e-02,-3.090496416605612140e+01
5.829202557091169024e-02,-2.910875676457404992e+01
5.830826742813401131e-02,-3.156194695323854660e+01
5.832450928535633239e-02,-3.720347783638520411e+01
5.834075114257865347e-02,-3.293069584044873466e+01
5.835699299980097454e-02,-4.127869024657545083e+01
5.837323485702329562e-02,-3.079740415534086750e+01
5.838947671424561670e-02,-2.853553291705634365e+01
5.840571857146793777e-02,-2.312379910351820556e+01
5.842196042869025885e-02,-2.523268052160983643e+01
5.843820228591257993e-02,-3.648398766078071986e+01
5.845444414313490100e-02,-2.922296200075136241e+01
5.847068600035722208e-02,-2.814207718747985609e+01
5.848692785757954316e-02,-2.968337783984138056e+01
5.850316971480186423e-02,-2.519051960191407957e+01
5.851941157202418531e-02,-2.250918288471181583e+01
5.853565342924650639e-02,-2.176224532356869190e+01
5.855189528646882746e-02,-2.298563598571359634e+01
5.856813714369114854e-02,-3.043284848454687364e+01
5.858437900091347655e-02,-2.938236558378564212e+01
5.860062085813579763e-02,-2.529854708282877596e+01
5.861686271535811871e-02,-2.966703711590223591e+01
5.863310457258043978e-02,-3.026064536538002869e+01
5.864934642980276086e-02,-2.708213094740014526e+01
5.866558828702508194e-02,-2.780619943353289969e+01
5.868183014424740301e-02,-2.879200576610849183e+01
5.869807200146972409e-02,-2.059705713212182587e+01
5.871431385869204517e-02,-1.622458446854586711e+01
5.873055571591436624e-02,-1.523733040228245983e+01
5.874679757313668732e-02,-1.686645932270810633e+01
5.876303943035900840e-02,-2.278191075040680147e+01
5.877928128758132947e-02,-3.415043600233629917e+01
5.879552314480365055e-02,-2.635464856954246216e+01
5.881176500202597163e-02,-2.061347740342926471e+01
5.882800685924829270e-02,-2.232497161263760432e+01
5.884424871647061378e-02,-2.647555638311365556e+01
5.886049057369293486e-02,-2.506974451657955072e+01
5.887673243091526287e-02,-2.118475768468486109e+01
5.889297428813758395e-02,-1.905953201926395124e+01
5.890921614535990503e-02,-2.258094685688063663e+01
5.892545800258222610e-02,-3.595383614227116453e+01
5.894169985980454718e-02,-2.664184364854586562e+01
5.895794171702686826e-02,-2.598179206824768883e+01
5.897418357424918933e-02,-3.164282076125014243e+01
5.899042543147151041e-02,-3.343569933594516641e+01
5.900666728869383149e-02,-2.392522742993575235e+01
5.902290914591615256e-02,-2.077989122697353253e+01
5.903915100313847364e-02,-2.211853480463920363e+01
5.905539286036079472e-02,-2.234174116913465014e+01
5.907163471758311579e-02,-1.908831110497454020e+01
5.908787657480543687e-02,-2.040888563689555468e+01
5.910411843202775795e-02,-3.108369175972176990e+01
5.912036028925007902e-02,-2.281926740228636419e+01
5.913660214647240010e-02,-2.144465496588006914e+01
5.915284400369472118e-02,-2.866960222060786023e+01
5.916908586091704225e-02,-4.412424566420645533e+01
5.918532771813937027e-02,-4.402289211430462501e+01
5.920156957536169134e-02,-3.029444270793913674e+01
5.921781143258401242e-02,-2.478540991164681273e+01
5.923405328980633350e-02,-2.565513520044555662e+01
5.925029514702865457e-02,-2.480638584267166635e+01
5.926653700425097565e-02,-2.280830337410086983e+01
5.928277886147329673e-02,-2.477606293369749935e+01
5.929902071869561780e-02,-2.776895441079763316e+01
5.931526257591793888e-02,-2.511864447701837122e+01
5.933150443314025996e-02,-2.124453694984789820e+01
5.934774629036258103e-02,-1.987660576156105208e+01
5.936398814758490211e-02,-2.118971914862212458e+01
5.938023000480722319e-02,-2.354356905511190590e+01
5.939647186202954426e-02,-2.460361150031723554e+01
5.941271371925186534e-02,-2.126746447010496865e+01
5.942895557647418642e-02,-2.013379663493546801e+01
5.944519743369650749e-02,-2.103993851275870952e+01
5.946143929091882857e-02,-2.256058138209874642e+01
5.947768114814115659e-02,-2.331881961059480446e+01
5.949392300536347766e-02,-2.777359342971351452e+01
5.951016486258579874e-02,-3.419299186050888295e+01
5.952640671980811982e-02,-2.369746103326571429e+01
5.954264857703044089e-02,-2.086638880219123138e+01
5.955889043425276197e-02,-2.214372574731364551e+01
5.957513229147508305e-02,-2.589047393339455283e+01
5.959137414869740412e-02,-2.763456712754899058e+01
5.960761600591972520e-02,-2.267467584714853857e+01
5.962385786314204628e-02,-1.942368997555872312e+01
5.964009972036436735e-02,-2.502315734248127654e+01
5.965634157758668843e-02,-2.320039650042404844e+01
5.967258343480900951e-02,-1.797779590079959888e+01
5.968882529203133058e-02,-2.125929170031092497e+01
5.970506714925365166e-02,-3.340127709688832169e+01
5.972130900647597274e-02,-1.979787815234649528e+01
5.973755086369829381e-02,-1.982869882461615418e+01
5.975379272092061489e-02,-2.418022164580698785e+01
5.977003457814293597e-02,-2.668223644791584093e+01
5.978627643536526398e-02,-3.290534973089434345e+01
5.980251829258758506e-02,-3.820899980273949836e+01
5.981876014980990613e-02,-3.856012649270329007e+01
5.983500200703222721e-02,-2.450251666415239526e+01
5.985124386425454829e-02,-2.243021155305079617e+01
5.986748572147686936e-02,-2.093157644708347220e+01
5.988372757869919044e-02,-2.121812407349661456e+01
5.989996943592151152e-02,-2.432370569585681963e+01
5.991621129314383259e-02,-1.964792765949477626e+01
5.993245315036615367e-02,-1.796393013585414167e+01
5.994869500758847475e-02,-1.734512730540517467e+01
5.996493686481079582e-02,-1.640756301725725663e+01
5.998117872203311690e-02,-1.726590386472458505e+01
5.999742057925543798e-02,-1.734633283922545388e+01
6.001366243647775905e-02,-1.715858962523141074e+01
6.002990429370008013e-02,-1.893040322341590809e+01
6.004614615092240121e-02,-2.427592003413066024e+01
6.006238800814472228e-02,-3.007842988192422240e+01
6.007862986536705030e-02,-3.217575212563582454e+01
6.009487172258937138e-02,-2.535682404329477180e+01
6.011111357981169245e-02,-2.379054470370568453e+01
6.012735543703401353e-02,-3.026908393396254127e+01
6.014359729425633461e-02,-2.039020304047515708e+01
6.015983915147865568e-02,-2.321030061721319626e+01
6.017608100870097676e-02,-2.724064199752157833e+01
6.019232286592329784e-02,-2.920203897770054979e+01
6.020856472314561891e-02,-2.253573065725049318e+01
6.022480658036793999e-02,-1.899713417038735841e+01
6.024104843759026107e-02,-1.977029713639884179e+01
6.025729029481258214e-02,-2.342507865139982925e+01
6.027353215203490322e-02,-2.600459753563479026e+01
6.028977400925722430e-02,-2.731166073989029996e+01
6.030601586647954537e-02,-3.153797098555413214e+01
6.032225772370186645e-02,-4.889300163704134405e+01
6.033849958092418753e-02,-2.769151503581248619e+01
6.035474143814650860e-02,-2.824072806258169521e+01
6.037098329536882968e-02,-3.073493950952298093e+01
6.038722515259115770e-02,-2.466301181487988714e+01
6.040346700981347877e-02,-2.390697306709090242e+01
6.041970886703579985e-02,-2.461404475029461381e+01
6.043595072425812093e-02,-2.115541817566199256e+01
6.045219258148044200e-02,-1.915930097478488037e+01
6.046843443870276308e-02,-2.169047581411478021e+01
6.048467629592508416e-02,-2.515596651962005836e+01
6.050091815314740523e-02,-2.744114869770332277e+01
6.051716001036972631e-02,-2.857006813139883050e+01
6.053340186759204739e-02,-2.672700620536484806e+01
6.054964372481436846e-02,-2.380051792515235576e+01
6.056588558203668954e-02,-2.395217196782583713e+01
6.058212743925901062e-02,-2.567277595040167526e+01
6.059836929648133169e-02,-2.475294956423191550e+01
6.061461115370365277e-02,-2.399578674668433820e+01
6.063085301092597384e-02,-2.033897806146820031e+01
6.064709486814829492e-02,-2.198602373487982220e+01
6.066333672537061600e-02,-2.898864014015188673e+01
6.067957858259294401e-02,-3.471266546940357500e+01
6.069582043981526509e-02,-3.182499187183307043e+01
6.071206229703758617e-02,-2.498556993596146114e+01
6.072830415425990724e-02,-2.796342452447351334e+01
6.074454601148222832e-02,-3.216582816490659980e+01
6.076078786870454940e-02,-2.917025360737712347e+01
6.077702972592687047e-02,-3.035380021219981472e+01
6.079327158314919155e-02,-3.409883050310958907e+01
6.080951344037151263e-02,-2.432867143801257370e+01
6.082575529759383370e-02,-2.319978417943831062e+01
6.084199715481615478e-02,-2.509910235110745091e+01
6.085823901203847586e-02,-2.402989598484612799e+01
6.087448086926079693e-02,-2.729675279667781140e+01
6.089072272648311801e-02,-2.532016186632661459e+01
6.090696458370543909e-02,-2.409858189377018434e+01
6.092320644092776016e-02,-2.502014629085120134e+01
6.093944829815008124e-02,-2.788342092092044666e+01
6.095569015537240232e-02,-2.779497987781859791e+01
6.097193201259472339e-02,-3.506420036388247752e+01
6.098817386981705141e-02,-3.831102119289600694e+01
6.100441572703937249e-02,-2.688143714625324421e+01
6.102065758426169356e-02,-2.319065416941258917e+01
6.103689944148401464e-02,-2.461897164855345821e+01
6.105314129870633572e-02,-2.828135335681427165e+01
6.106938315592865679e-02,-3.300740445784246901e+01
6.108562501315097787e-02,-3.714216300145974969e+01
6.110186687037329895e-02,-3.043690292054966662e+01
6.111810872759562002e-02,-3.269061559453006538e+01
6.113435058481794110e-02,-2.696503790186471861e+01
6.115059244204026218e-02,-2.139477864791043160e+01
6.116683429926258325e-02,-2.237320096226404686e+01
6.118307615648490433e-02,-2.436947605283911145e+01
6.119931801370722541e-02,-2.365277391584142919e+01
6.121555987092954648e-02,-2.223253255494755720e+01
6.123180172815186756e-02,-2.066286043062291355e+01
6.124804358537418864e-02,-2.014082154173909345e+01
6.126428544259650971e-02,-2.300250718618091383e+01
6.128052729981883079e-02,-2.974602876671046658e+01
6.129676915704115880e-02,-2.330027144159394936e+01
6.131301101426347988e-02,-3.434602728755817225e+01
6.132925287148580096e-02,-3.023842936899848866e+01
6.134549472870812203e-02,-3.041918201175073833e+01
6.136173658593044311e-02,-2.168449853678353634e+01
6.137797844315276419e-02,-1.830059063981597944e+01
6.139422030037508526e-02,-1.550680758603333054e+01
6.141046215759740634e-02,-1.569153445497745558e+01
6.142670401481972742e-02,-2.173335366771037869e+01
6.144294587204204849e-02,-3.228875720658156467e+01
6.145918772926436957e-02,-2.462477003981535972e+01
6.147542958648669065e-02,-2.092532300916378674e+01
6.149167144370901172e-02,-2.035461237109461763e+01
6.150791330093133280e-02,-1.962819539272149783e+01
6.152415515815365388e-02,-2.014542210659907795e+01
6.154039701537597495e-02,-2.398449233562300265e+01
6.155663887259829603e-02,-2.846305095505497462e+01
6.157288072982061711e-02,-2.841579462428310876e+01
6.158912258704294512e-02,-2.418216528920350328e+01
6.160536444426526620e-02,-2.080082221177191215e+01
6.162160630148758728e-02,-2.013191151356070208e+01
6.163784815870990835e-02,-2.116934592225151235e+01
6.165409001593222943e-02,-2.400266742698555689e+01
6.167033187315455051e-02,-2.941267980855030117e+01
6.168657373037687158e-02,-3.116635732463956998e+01
6.170281558759919266e-02,-2.540711356752374428e+01
6.171905744482151374e-02,-3.562610876885641176e+01
6.173529930204383481e-02,-2.618749631149671941e+01
6.175154115926615589e-02,-2.099094256492816868e+01
6.176778301648847697e-02,-2.060752007313175937e+01
6.178402487371079804e-02,-2.517119128691899022e+01
6.180026673093311912e-02,-2.718124542148389722e+01
6.181650858815544020e-02,-2.757076141783982948e+01
6.183275044537776127e-02,-2.986555283198089583e+01
6.184899230260008235e-02,-2.063440803560527925e+01
6.186523415982240343e-02,-1.860750854614644112e+01
6.188147601704472450e-02,-2.093966709319657227e+01
6.189771787426705252e-02,-2.905277950702600265e+01
6.191395973148937359e-02,-3.138315715014722684e+01
6.193020158871169467e-02,-2.760803471491749761e+01
6.194644344593401575e-02,-2.479483198333398519e+01
6.196268530315633682e-02,-2.112126450474255535e+01
6.197892716037865790e-02,-1.762758028609777128e+01
6.199516901760097898e-02,-1.886664496497779808e+01
6.201141087482330005e-02,-3.120774232773015200e+01
6.202765273204562113e-02,-1.956655853516124211e+01
6.204389458926794221e-02,-1.676670039563623504e+01
6.206013644649026328e-02,-1.775758431293019513e+01
6.207637830371258436e-02,-1.780197072725979623e+01
6.209262016093490544e-02,-1.701920557619959951e+01
6.210886201815722651e-02,-2.028701504343384698e+01
6.212510387537954759e-02,-2.437666030394820638e+01
6.214134573260186867e-02,-3.516612193193228109e+01
6.215758758982418974e-02,-2.559720911534051169e+01
6.217382944704651082e-02,-2.291844423021110799e+01
6.219007130426883884e-02,-2.587078360150374579e+01
6.220631316149115991e-02,-2.679546006804614677e+01
6.222255501871348099e-02,-2.076371001659902404e+01
6.223879687593580207e-02,-2.119905992212912338e+01
6.225503873315812314e-02,-2.756942609384790543e+01
6.227128059038044422e-02,-3.911505878490685717e+01
6.228752244760276530e-02,-2.864084152397840199e+01
6.230376430482508637e-02,-2.600537800123563414e+01
6.232000616204740745e-02,-2.497644787233607389e+01
6.233624801926972853e-02,-2.571792271017320886e+01
6.235248987649204960e-02,-2.355242714499969736e+01
6.236873173371437068e-02,-2.308515903013616111e+01
6.238497359093669176e-02,-2.843281567956147526e+01
6.240121544815901283e-02,-4.480431686263771240e+01
6.241745730538133391e-02,-2.374055461995377314e+01
6.243369916260365499e-02,-2.118660518292422523e+01
6.244994101982597606e-02,-2.069962145336610249e+01
6.246618287704829714e-02,-1.834583930118797213e+01
6.248242473427061822e-02,-1.984765597966821105e+01
6.249866659149294623e-02,-2.403522807780523607e+01
6.251490844871526731e-02,-2.769444381215399886e+01
6.253115030593758839e-02,-2.940289153986299198e+01
6.254739216315990946e-02,-2.632387437223137994e+01
6.256363402038223054e-02,-2.078855911271652346e+01
6.257987587760455162e-02,-1.824954667797903340e+01
6.259611773482687269e-02,-2.044678783542794065e+01
6.261235959204919377e-02,-2.853166003734722267e+01
6.262860144927151484e-02,-2.616184911655094680e+01
6.264484330649383592e-02,-2.044433641440504346e+01
6.266108516371615700e-02,-2.190542797819140830e+01
6.267732702093847807e-02,-2.224564797966813856e+01
6.269356887816079915e-02,-2.496879944676329188e+01
6.270981073538312023e-02,-2.729262275722563658e+01
6.272605259260544130e-02,-2.266180906429238462e+01
6.274229444982776238e-02,-2.684871858475290551e+01
6.275853630705008346e-02,-3.691968642447941562e+01
6.277477816427240453e-02,-2.789984643986729296e+01
6.279102002149472561e-02,-2.621226622855333233e+01
6.280726187871704669e-02,-2.762794600257553412e+01
6.282350373593936776e-02,-3.142363936267006608e+01
6.283974559316168884e-02,-2.895000171451555815e+01
6.285598745038400992e-02,-2.933661699301315195e+01
6.287222930760633099e-02,-4.598104166548996119e+01
6.288847116482865207e-02,-3.312635574768179225e+01
6.290471302205097315e-02,-2.783712487938625557e+01
6.292095487927329422e-02,-2.280997775783407988e+01
6.293719673649561530e-02,-2.175531226339456836e+01
6.295343859371795026e-02,-2.212191798297262579e+01
6.296968045094027133e-02,-2.700465825589986579e+01
6.298592230816259241e-02,-3.529548388019632199e+01
6.300216416538491349e-02,-2.265076518318845444e+01
6.301840602260723456e-02,-2.339463228877679413e+01
6.303464787982955564e-02,-3.876122534518057705e+01
6.305088973705187672e-02,-2.944192701643660826e+01
6.306713159427419779e-02,-2.871458192259513353e+01
6.308337345149651887e-02,-2.469579576458130177e+01
6.309961530871883995e-02,-2.720908510131022240e+01
6.311585716594116102e-02,-3.102767328528117474e+01
6.313209902316348210e-02,-2.480775378053312963e+01
6.314834088038580318e-02,-2.184721218988604363e+01
6.316458273760812425e-02,-2.374425389633864825e+01
6.318082459483044533e-02,-2.342436584845163239e+01
6.319706645205276641e-02,-2.237361506313017756e+01
6.321330830927508748e-02,-2.161540113436492661e+01
6.322955016649740856e-02,-2.669897700925238127e+01
6.324579202371972964e-02,-3.003661422176229934e+01
6.326203388094205071e-02,-2.825822503768839056e+01
6.327827573816437179e-02,-2.316947372884554213e+01
6.329451759538669287e-02,-1.902935155782467902e+01
6.331075945260901394e-02,-1.933626189364853332e+01
6.332700130983133502e-02,-2.556256859502163437e+01
6.334324316705365610e-02,-4.771005894906905809e+01
6.335948502427597717e-02,-2.871486292564325282e+01
6.337572688149829825e-02,-2.218527544143859132e+01
6.339196873872061933e-02,-2.131328087693487561e+01
6.340821059594294040e-02,-2.446622727459613955e+01
6.342445245316526148e-02,-2.458734265843406774e+01
6.344069431038758256e-02,-2.243355586996484163e+01
6.345693616760990363e-02,-2.078053620415318292e+01
6.347317802483222471e-02,-2.037777355480780983e+01
6.348941988205454579e-02,-2.572451472043717402e+01
6.350566173927686686e-02,-3.023916607933578860e+01
6.352190359649918794e-02,-2.525476235085821841e+01
6.353814545372150902e-02,-3.199845753049028829e+01
6.355438731094384397e-02,-3.425418296768137338e+01
6.357062916816616505e-02,-2.898427836590423823e+01
6.358687102538848612e-02,-2.828165739899730369e+01
6.360311288261080720e-02,-3.547013733320149953e+01
6.361935473983312828e-02,-2.698745065627865003e+01
6.363559659705544935e-02,-2.160772735642829900e+01
6.365183845427777043e-02,-2.520579297640830774e+01
6.366808031150009151e-02,-2.679958008261161240e+01
6.368432216872241258e-02,-2.393409880592255234e+01
6.370056402594473366e-02,-2.870372037754312800e+01
6.371680588316705474e-02,-3.302360771948574580e+01
6.373304774038937581e-02,-2.757881506770752722e+01
6.374928959761169689e-02,-2.880332670126742656e+01
6.376553145483401797e-02,-2.739792322051158635e+01
6.378177331205633904e-02,-3.014318189388964342e+01
6.379801516927866012e-02,-4.798045412077148342e+01
6.381425702650098120e-02,-2.988930732790954892e+01
6.383049888372330227e-02,-2.348039429493969976e+01
6.384674074094562335e-02,-2.346556785862440009e+01
6.386298259816794443e-02,-2.547532824810815555e+01
6.387922445539026550e-02,-2.457564348788588759e+01
6.389546631261258658e-02,-2.512828185871457620e+01
6.391170816983490766e-02,-2.585985332471235054e+01
6.392795002705722873e-02,-2.471086869783108853e+01
6.394419188427954981e-02,-2.569419887124411517e+01
6.396043374150187089e-02,-2.979861182135850584e+01
6.397667559872419196e-02,-2.019603362955471937e+01
6.399291745594651304e-02,-1.626435187082624623e+01
6.400915931316883412e-02,-1.661890289096401574e+01
6.402540117039115519e-02,-2.048274579564844089e+01
6.404164302761347627e-02,-2.491671440050907194e+01
6.405788488483579735e-02,-2.491194926849584235e+01
6.407412674205811842e-02,-2.251579583705763099e+01
6.409036859928043950e-02,-2.155235920155523033e+01
6.410661045650276058e-02,-2.312699162040842538e+01
6.412285231372508165e-02,-2.618417580091030317e+01
6.413909417094740273e-02,-2.722279628511837757e+01
6.415533602816973768e-02,-2.466661608557762619e+01
6.417157788539205876e-02,-2.131079425323298082e+01
6.418781974261437984e-02,-1.838868497930696932e+01
6.420406159983670091e-02,-1.844956218320986352e+01
6.422030345705902199e-02,-2.218097558098360267e+01
6.423654531428134307e-02,-2.431195977417962339e+01
6.425278717150366414e-02,-2.703976352616827583e+01
6.426902902872598522e-02,-2.670079811593143759e+01
6.428527088594830630e-02,-2.840029058719155231e+01
6.430151274317062737e-02,-2.758238941831213964e+01
6.431775460039294845e-02,-2.852496227821309205e+01
6.433399645761526953e-02,-2.463775905254017573e+01
6.435023831483759060e-02,-2.464822001082701775e+01
6.436648017205991168e-02,-2.613126683163903152e+01
6.438272202928223276e-02,-1.898803991065501862e+01
6.439896388650455383e-02,-1.885110498159356140e+01
6.441520574372687491e-02,-1.819338302695404863e+01
6.443144760094919599e-02,-1.776957154839202957e+01
6.444768945817151706e-02,-1.959555012821583375e+01
6.446393131539383814e-02,-2.264842991801670991e+01
6.448017317261615922e-02,-2.391876186434235052e+01
6.449641502983848029e-02,-2.332246313076292665e+01
6.451265688706080137e-02,-2.450572196642698941e+01
6.452889874428312245e-02,-2.732254218802588142e+01
6.454514060150544352e-02,-3.000271631986746002e+01
6.456138245872776460e-02,-2.948489302955707103e+01
6.457762431595008568e-02,-2.804730894945923581e+01
6.459386617317240675e-02,-2.787025668347719431e+01
6.461010803039472783e-02,-2.757599582067910404e+01
6.462634988761704891e-02,-2.834567290708411491e+01
6.464259174483936998e-02,-2.997137779442901007e+01
6.465883360206169106e-02,-2.848289257932398044e+01
6.467507545928401214e-02,-2.466982926890356254e+01
6.469131731650633321e-02,-2.681209349683985721e+01
6.470755917372865429e-02,-2.442882410935655457e+01
6.472380103095097537e-02,-3.126928448793627524e+01
6.474004288817329644e-02,-2.676847083719665221e+01
6.475628474539563140e-02,-2.830754086279446113e+01
6.477252660261795247e-02,-2.546954589895919696e+01
6.478876845984027355e-02,-1.796485833263676923e+01
6.480501031706259463e-02,-1.712128674290418218e+01
6.482125217428491570e-02,-1.836287281341027011e+01
6.483749403150723678e-02,-2.068975137193227809e+01
6.485373588872955786e-02,-2.426150113687585730e+01
6.486997774595187893e-02,-2.875771056251885227e+01
6.488621960317420001e-02,-2.425689330022254708e+01
6.490246146039652109e-02,-2.150160195519321604e+01
6.491870331761884216e-02,-2.437665742051212092e+01
6.493494517484116324e-02,-3.005649282840411729e+01
6.495118703206348432e-02,-2.831087346183799980e+01
6.496742888928580539e-02,-2.557582591183923526e+01
6.498367074650812647e-02,-2.851412948255677549e+01
6.499991260373044755e-02,-2.222526667484751783e+01
6.501615446095276862e-02,-2.197424997858271212e+01
6.503239631817508970e-02,-2.725376930432488365e+01
6.504863817539741078e-02,-2.255823751938329025e+01
6.506488003261973185e-02,-2.080109431615153426e+01
6.508112188984205293e-02,-2.332994639411591464e+01
6.509736374706437401e-02,-2.491115275282539088e+01
6.511360560428669508e-02,-2.532902251838685004e+01
6.512984746150901616e-02,-2.319960072515680949e+01
6.514608931873133724e-02,-2.095264973574090916e+01
6.516233117595365831e-02,-2.548936768013278709e+01
6.517857303317597939e-02,-3.494251226907039154e+01
6.519481489039830047e-02,-3.042475652454835000e+01
6.521105674762062154e-02,-3.679274820296315340e+01
6.522729860484294262e-02,-2.409422464729176028e+01
6.524354046206526370e-02,-1.933112448709190545e+01
6.525978231928758477e-02,-1.907452392029489374e+01
6.527602417650990585e-02,-2.456487544395951872e+01
6.529226603373222693e-02,-2.974948384222875575e+01
6.530850789095454800e-02,-2.832840681240213598e+01
6.532474974817686908e-02,-2.658342791411485706e+01
6.534099160539919016e-02,-2.033905773117520255e+01
6.535723346262152511e-02,-1.843211718212068106e+01
6.537347531984384619e-02,-2.476734541941011969e+01
6.538971717706616726e-02,-3.471513332351588588e+01
6.540595903428848834e-02,-2.643080367064895242e+01
6.542220089151080942e-02,-2.515636812359880992e+01
6.543844274873313049e-02,-3.325902764220029439e+01
6.545468460595545157e-02,-2.634104094523087980e+01
6.547092646317777265e-02,-2.818069179579442007e+01
6.548716832040009372e-02,-3.461767543533283487e+01
6.550341017762241480e-02,-3.236848692525733640e+01
6.551965203484473588e-02,-3.040050503142767724e+01
6.553589389206705695e-02,-2.824946751545755319e+01
6.555213574928937803e-02,-2.782825362001759117e+01
6.556837760651169911e-02,-3.064574237671968859e+01
6.558461946373402018e-02,-2.431776936383888454e+01
6.560086132095634126e-02,-1.931738839431654853e+01
6.561710317817866234e-02,-1.836627878985001416e+01
6.563334503540098341e-02,-2.052097471000800866e+01
6.564958689262330449e-02,-2.399494041437356628e+01
6.566582874984562557e-02,-2.371755085399833618e+01
6.568207060706794664e-02,-2.260850833831591800e+01
6.569831246429026772e-02,-2.706622180813142364e+01
6.571455432151258880e-02,-3.483864959785099558e+01
6.573079617873490987e-02,-2.473120299357480789e+01
6.574703803595723095e-02,-2.809547311928627167e+01
6.576327989317955203e-02,-3.132075811488917694e+01
6.577952175040187310e-02,-2.998037555026110468e+01
6.579576360762419418e-02,-2.172283717782072188e+01
6.581200546484651526e-02,-1.792905023704962986e+01
6.582824732206883633e-02,-2.077374150879006720e+01
6.584448917929115741e-02,-2.071049245815785511e+01
6.586073103651347849e-02,-1.928166035895830888e+01
6.587697289373579956e-02,-2.265326510309827057e+01
6.589321475095812064e-02,-2.286960885906105290e+01
6.590945660818044172e-02,-2.504241935881275438e+01
6.592569846540276279e-02,-3.724286227620464729e+01
6.594194032262508387e-02,-2.558562483427589029e+01
6.595818217984741882e-02,-2.219138658184228419e+01
6.597442403706973990e-02,-2.024969113063084691e+01
6.599066589429206098e-02,-1.937784318717014287e+01
6.600690775151438205e-02,-1.962245329750522416e+01
6.602314960873670313e-02,-2.228871063840071187e+01
6.603939146595902421e-02,-2.551094626745454974e+01
6.605563332318134528e-02,-2.746468515367315177e+01
6.607187518040366636e-02,-2.867328618239104543e+01
6.608811703762598744e-02,-3.465102901266460833e+01
6.610435889484830851e-02,-3.134264814206850502e+01
6.612060075207062959e-02,-2.611925637643176401e+01
6.613684260929295067e-02,-2.766704434197127682e+01
6.615308446651527174e-02,-3.832414572362451821e+01
6.616932632373759282e-02,-3.483505927786785605e+01
6.618556818095991390e-02,-4.141648537139359831e+01
6.620181003818223497e-02,-2.779034005006958807e+01
6.621805189540455605e-02,-2.151084495041365230e+01
6.623429375262687713e-02,-1.980626502668280509e+01
6.625053560984919820e-02,-2.456257371728954553e+01
6.626677746707151928e-02,-2.975462566387085417e+01
6.628301932429384036e-02,-2.465656612314690577e+01
6.629926118151616143e-02,-2.445414632976036984e+01
6.631550303873848251e-02,-1.811856462128427125e+01
6.633174489596080359e-02,-1.795810991269286916e+01
6.634798675318312466e-02,-1.886081838696772195e+01
6.636422861040544574e-02,-1.920595287585697974e+01
6.638047046762776682e-02,-2.261971746479409973e+01
6.639671232485008789e-02,-2.394810311077061016e+01
6.641295418207240897e-02,-2.232418958788565533e+01
6.642919603929473005e-02,-2.506970651799905880e+01
6.644543789651705112e-02,-3.388166657784048397e+01
6.646167975373937220e-02,-3.243259046313880134e+01
6.647792161096169328e-02,-3.260925119161390739e+01
6.649416346818401435e-02,-2.775323852800984170e+01
6.651040532540633543e-02,-3.339897276928073211e+01
6.652664718262865651e-02,-2.576578826747850215e+01
6.654288903985097758e-02,-2.147801643600216082e+01
6.655913089707331254e-02,-2.662133650745111879e+01
6.657537275429563361e-02,-2.537934136413668540e+01
6.659161461151795469e-02,-2.115154626687336048e+01
6.660785646874027577e-02,-2.081827257736360082e+01
6.662409832596259684e-02,-2.133011068002766564e+01
6.664034018318491792e-02,-2.468069213245014737e+01
6.665658204040723900e-02,-3.099650661032689669e+01
6.667282389762956007e-02,-2.837584013133239935e+01
6.668906575485188115e-02,-2.291196589529485905e+01
6.670530761207420223e-02,-2.409821061252791807e+01
6.672154946929652330e-02,-3.288471300954911669e+01
6.673779132651884438e-02,-2.216641864547898777e+01
6.675403318374116546e-02,-2.325510932688338528e+01
6.677027504096348653e-02,-2.888365951933670317e+01
6.678651689818580761e-02,-3.845464178249974907e+01
6.680275875540812869e-02,-2.348084089002048458e+01
6.681900061263044976e-02,-2.062808872399034854e+01
6.683524246985277084e-02,-2.431755930067357596e+01
6.685148432707509192e-02,-2.206280761713560423e+01
6.686772618429741299e-02,-1.879098314483034926e+01
6.688396804151973407e-02,-2.108849255503626097e+01
6.690020989874205515e-02,-2.797240356764184810e+01
6.691645175596437622e-02,-2.430397057481638257e+01
6.693269361318669730e-02,-2.209023168741700971e+01
6.694893547040901838e-02,-2.600149913334382745e+01
6.696517732763133945e-02,-2.863097938358304972e+01
6.698141918485366053e-02,-2.115590707787112734e+01
6.699766104207598161e-02,-2.046384671856386461e+01
6.701390289929830268e-02,-2.167411023825594896e+01
6.703014475652062376e-02,-2.261757086335443034e+01
6.704638661374294484e-02,-2.460629865612695610e+01
6.706262847096526591e-02,-2.532219206138694645e+01
6.707887032818758699e-02,-2.143480851289677958e+01
6.709511218540990807e-02,-2.196776215979454250e+01
6.711135404263222914e-02,-2.475050532464788233e+01
6.712759589985455022e-02,-3.674915031600670545e+01
6.714383775707687130e-02,-2.327837364120904695e+01
6.716007961429920625e-02,-2.113528277991264659e+01
6.717632147152152733e-02,-2.534776025457176729e+01
6.719256332874384841e-02,-2.534834239305025960e+01
6.720880518596616948e-02,-2.088427633956412421e+01
6.722504704318849056e-02,-2.060969390242250654e+01
6.724128890041081164e-02,-2.739450985692620222e+01
6.725753075763313271e-02,-3.139924834501375983e+01
6.727377261485545379e-02,-3.199463933360663148e+01
6.729001447207777487e-02,-2.581212038679553444e+01
6.730625632930009594e-02,-2.133231708297298823e+01
6.732249818652241702e-02,-1.931995511808386112e+01
6.733874004374473810e-02,-2.286474931719327941e+01
6.735498190096705917e-02,-2.351570999690633812e+01
6.737122375818938025e-02,-2.074853445453463152e+01
6.738746561541170133e-02,-2.436482018520010229e+01
6.740370747263402240e-02,-3.258307140792434353e+01
6.741994932985634348e-02,-3.202267147621984122e+01
6.743619118707866456e-02,-3.851508454721119534e+01
6.745243304430098563e-02,-2.738883875885017005e+01
6.746867490152330671e-02,-2.674446256215002649e+01
6.748491675874562779e-02,-3.130888863077490569e+01
6.750115861596794886e-02,-2.910512982847158625e+01
6.751740047319026994e-02,-3.834394814201336743e+01
6.753364233041259101e-02,-4.735632741851573968e+01
6.754988418763491209e-02,-3.693507848457090148e+01
6.756612604485723317e-02,-4.006260621983622627e+01
6.758236790207955424e-02,-3.244875181942419573e+01
6.759860975930187532e-02,-2.656255112821231634e+01
6.761485161652419640e-02,-2.804264994442777947e+01
6.763109347374651747e-02,-2.929255727247167584e+01
6.764733533096883855e-02,-2.690005889239443704e+01
6.766357718819115963e-02,-2.694106934618399762e+01
6.767981904541348070e-02,-4.627970425194278903e+01
6.769606090263580178e-02,-2.872626413529945211e+01
6.771230275985812286e-02,-2.891737261906818190e+01
6.772854461708044393e-02,-2.835873660784428552e+01
6.774478647430276501e-02,-2.840753902361783290e+01
6.776102833152509997e-02,-2.716614416612526028e+01
6.777727018874742104e-02,-2.754959274781602829e+01
6.779351204596974212e-02,-3.360702240509458250e+01
6.780975390319206320e-02,-2.599968095205602481e+01
6.782599576041438427e-02,-2.395005189078301555e+01
6.784223761763670535e-02,-2.803805246477461210e+01
6.785847947485902643e-02,-3.589205126329665774e+01
6.787472133208134750e-02,-2.533982385362893908e+01
6.789096318930366858e-02,-2.545227637436219936e+01
6.790720504652598966e-02,-2.984242769229883763e+01
6.792344690374831073e-02,-2.667993944810333318e+01
6.793968876097063181e-02,-2.717279449317196338e+01
6.795593061819295289e-02,-2.719541324765859969e+01
6.797217247541527396e-02,-2.425676869900741295e+01
6.798841433263759504e-02,-2.363539672019831173e+01
6.800465618985991612e-02,-2.657748075752009953e+01
6.802089804708223719e-02,-3.196546722136557861e+01
6.803713990430455827e-02,-2.714618530666068352e+01
6.805338176152687935e-02,-4.867987746405739813e+01
6.806962361874920042e-02,-3.374189818493290716e+01
6.808586547597152150e-02,-3.399687998015274815e+01
6.810210733319384258e-02,-3.627518585120816397e+01
6.811834919041616365e-02,-2.329914321396638144e+01
6.813459104763848473e-02,-2.293824371632680226e+01
6.815083290486080581e-02,-3.309074502783723659e+01
6.816707476208312688e-02,-3.019694615322750408e+01
6.818331661930544796e-02,-2.745738142709038598e+01
6.819955847652776904e-02,-2.986010477992349621e+01
6.821580033375009011e-02,-2.789136741724938062e+01
6.823204219097241119e-02,-2.342359271474416360e+01
6.824828404819473227e-02,-2.347855185868770178e+01
6.826452590541705334e-02,-2.508728109763399061e+01
6.828076776263937442e-02,-2.680962148292397629e+01
6.829700961986169550e-02,-2.868553628492897190e+01
6.831325147708401657e-02,-2.736047183520962989e+01
6.832949333430633765e-02,-2.695601397805832633e+01
6.834573519152865873e-02,-3.545980270495845588e+01
6.836197704875099368e-02,-3.094755903963694266e+01
6.837821890597331476e-02,-1.970073341527520228e+01
6.839446076319563583e-02,-1.863753254639195589e+01
6.841070262041795691e-02,-2.660579269920646794e+01
6.842694447764027799e-02,-3.372700398961615065e+01
6.844318633486259906e-02,-2.398755832468262739e+01
6.845942819208492014e-02,-2.244982218775966132e+01
6.847567004930724122e-02,-2.662383236876620174e+01
6.849191190652956229e-02,-3.125406610361455506e+01
6.850815376375188337e-02,-4.800431667647665535e+01
6.852439562097420445e-02,-2.583680849417475400e+01
6.854063747819652552e-02,-2.650734593228102653e+01
6.855687933541884660e-02,-3.849621121064806317e+01
6.857312119264116768e-02,-2.501460741280588351e+01
6.858936304986348875e-02,-2.256202020016147358e+01
6.860560490708580983e-02,-2.244642147769052087e+01
6.862184676430813091e-02,-2.774952712401490373e+01
6.863808862153045198e-02,-2.508106634474234298e+01
6.865433047875277306e-02,-2.366354802506823418e+01
6.867057233597509414e-02,-3.358886232335683530e+01
6.868681419319741521e-02,-2.691035803303627816e+01
6.870305605041973629e-02,-2.933870732295675055e+01
6.871929790764205737e-02,-2.904089279184099581e+01
6.873553976486437844e-02,-3.213419813933187186e+01
6.875178162208669952e-02,-2.244054843579615266e+01
6.876802347930902060e-02,-2.066178994810709924e+01
6.878426533653134167e-02,-2.083082120150810823e+01
6.880050719375366275e-02,-2.653106729472501257e+01
6.881674905097598383e-02,-3.300671297645157409e+01
6.883299090819830490e-02,-2.563933705385264261e+01
6.884923276542062598e-02,-2.245042958905736796e+01
6.886547462264294706e-02,-2.262192697252382700e+01
6.888171647986526813e-02,-2.222393296388802142e+01
6.889795833708758921e-02,-2.156873783074737005e+01
6.891420019430991029e-02,-2.311557106260380223e+01
6.893044205153223136e-02,-2.779041574153860950e+01
6.894668390875455244e-02,-2.556303036445090626e+01
6.896292576597688739e-02,-2.559137541707449515e+01
6.897916762319920847e-02,-2.847506125216802886e+01
6.899540948042152955e-02,-2.736194352796409390e+01
6.901165133764385062e-02,-3.175225165399984562e+01
6.902789319486617170e-02,-3.561938787980040644e+01
6.904413505208849278e-02,-2.740790196900282183e+01
6.906037690931081385e-02,-2.885425873969031585e+01
6.907661876653313493e-02,-3.093844748339599349e+01
6.909286062375545601e-02,-2.517160060443946179e+01
6.910910248097777708e-02,-2.473824086472583161e+01
6.912534433820009816e-02,-2.590618901416409869e+01
6.914158619542241924e-02,-2.617850795869706815e+01
6.915782805264474031e-02,-3.931577341700302952e+01
6.917406990986706139e-02,-2.500613901060042110e+01
6.919031176708938247e-02,-2.319976274735759958e+01
6.920655362431170354e-02,-2.501111238152585514e+01
6.922279548153402462e-02,-2.319635129774112769e+01
6.923903733875634570e-02,-2.497107179483934658e+01
6.925527919597866677e-02,-3.080134978957203629e+01
6.927152105320098785e-02,-3.571266617008228650e+01
6.928776291042330893e-02,-3.292332861504490182e+01
6.930400476764563000e-02,-3.007724516295108685e+01
6.932024662486795108e-02,-2.321715592797152539e+01
6.933648848209027216e-02,-2.643276650059383570e+01
6.935273033931259323e-02,-3.239048459305914207e+01
6.936897219653491431e-02,-2.601334817635934371e+01
6.938521405375723539e-02,-3.519981927149855494e+01
6.940145591097955646e-02,-3.399924049156844319e+01
6.941769776820187754e-02,-2.919946756934458421e+01
6.943393962542419862e-02,-3.092580194075501865e+01
6.945018148264651969e-02,-3.228198371708599268e+01
6.946642333986884077e-02,-3.742958868923682303e+01
6.948266519709116185e-02,-2.070870522024819849e+01
6.949890705431348292e-02,-2.036943716638639046e+01
6.951514891153580400e-02,-3.269312232163927945e+01
6.953139076875812508e-02,-2.735175254105422837e+01
6.954763262598044615e-02,-3.015236678100411538e+01
6.956387448320278111e-02,-2.902761230638094858e+01
6.958011634042510218e-02,-2.780993574020718739e+01
6.959635819764742326e-02,-3.402786742648584806e+01
6.961260005486974434e-02,-3.388772675757687125e+01
6.962884191209206541e-02,-2.411492146583463381e+01
6.964508376931438649e-02,-2.185806867775982099e+01
6.966132562653670757e-02,-2.182971890847007757e+01
6.967756748375902864e-02,-2.336165843527404462e+01
6.969380934098134972e-02,-2.691296226054143403e+01
6.971005119820367080e-02,-2.645188518337862504e+01
6.972629305542599187e-02,-2.126414056264138353e+01
6.974253491264831295e-02,-1.845058120104912902e+01
6.975877676987063403e-02,-1.989042542978526384e+01
6.977501862709295510e-02,-2.976028769633860094e+01
6.979126048431527618e-02,-2.716345943323419476e+01
6.980750234153759726e-02,-2.102038562377048692e+01
6.982374419875991833e-02,-1.964984335775181634e+01
6.983998605598223941e-02,-1.902842633884425183e+01
6.985622791320456049e-02,-1.944799063608398626e+01
6.987246977042688156e-02,-2.288603256971495270e+01
6.988871162764920264e-02,-2.757822351531566341e+01
6.990495348487152372e-02,-2.041328247580590727e+01
6.992119534209384479e-02,-1.721683131575084502e+01
6.993743719931616587e-02,-1.800550419828011428e+01
6.995367905653848695e-02,-2.411061155469442951e+01
6.996992091376080802e-02,-3.569179535026589178e+01
6.998616277098312910e-02,-2.721536983133951182e+01
7.000240462820545018e-02,-2.456949120810183018e+01
7.001864648542777125e-02,-2.178542168579778604e+01
7.003488834265009233e-02,-2.793102001109992472e+01
7.005113019987241341e-02,-2.416614434722398030e+01
7.006737205709473448e-02,-1.952178915679339610e+01
7.008361391431705556e-02,-1.830796843770891513e+01
7.009985577153937664e-02,-1.941311795198697610e+01
7.011609762876169771e-02,-2.431411978932377593e+01
7.013233948598401879e-02,-3.113869220759609036e+01
7.014858134320633987e-02,-3.027646918144855093e+01
7.016482320042866094e-02,-2.569330025041105614e+01
7.018106505765099590e-02,-2.270539649118429892e+01
7.019730691487331697e-02,-1.859139330838864979e+01
7.021354877209563805e-02,-1.794919895818951971e+01
7.022979062931795913e-02,-1.814467899351697255e+01
7.024603248654028020e-02,-1.954138559539056530e+01
7.026227434376260128e-02,-2.386919935265017756e+01
7.027851620098492236e-02,-3.226205106750675355e+01
7.029475805820724343e-02,-3.037232106546603561e+01
7.031099991542956451e-02,-2.922731243976433291e+01
7.032724177265188559e-02,-2.854538319179140871e+01
7.034348362987420666e-02,-2.906057409033264705e+01
7.035972548709652774e-02,-2.905064441938679209e+01
7.037596734431884882e-02,-3.769891479903127873e+01
7.039220920154116989e-02,-3.581588459706553351e+01
7.040845105876349097e-02,-2.930149905550917566e+01
7.042469291598581205e-02,-2.850875246891105519e+01
7.044093477320813312e-02,-2.944061983821961803e+01
7.045717663043045420e-02,-2.726040883164765205e+01
7.047341848765277528e-02,-2.683629085970089889e+01
7.048966034487509635e-02,-2.314401101756472912e+01
7.050590220209741743e-02,-1.961022256594361224e+01
7.052214405931973851e-02,-2.161636335263748876e+01
7.053838591654205958e-02,-2.369939219825656096e+01
7.055462777376438066e-02,-2.330559227538422817e+01
7.057086963098670174e-02,-2.558852337340738359e+01
7.058711148820902281e-02,-3.176257016694695778e+01
7.060335334543134389e-02,-2.467108896415146191e+01
7.061959520265366497e-02,-1.981302104297758504e+01
7.063583705987598604e-02,-2.258546614992983237e+01
7.065207891709830712e-02,-1.922715223570008192e+01
7.066832077432062820e-02,-1.754442417685268651e+01
7.068456263154294927e-02,-2.066208670218117049e+01
7.070080448876527035e-02,-2.482232270268933760e+01
7.071704634598759143e-02,-3.113589855319668587e+01
7.073328820320991250e-02,-3.863076756696955982e+01
7.074953006043223358e-02,-2.893876125147283673e+01
7.076577191765455466e-02,-2.395018224359786529e+01
7.078201377487688961e-02,-2.210737563405996298e+01
7.079825563209921069e-02,-2.215977193434097359e+01
7.081449748932153176e-02,-2.554609079082060674e+01
7.083073934654385284e-02,-2.674485968410558101e+01
7.084698120376617392e-02,-2.508834934442148068e+01
7.086322306098849499e-02,-2.273902712190772135e+01
7.087946491821081607e-02,-2.769617259583311508e+01
7.089570677543313715e-02,-2.920501280354447360e+01
7.091194863265545822e-02,-3.059313803123220055e+01
7.092819048987777930e-02,-2.701418142972413250e+01
7.094443234710010038e-02,-2.339296264121083624e+01
7.096067420432242145e-02,-2.414239079219527184e+01
7.097691606154474253e-02,-2.590197030214639540e+01
7.099315791876706361e-02,-2.596243062126049850e+01
7.100939977598938468e-02,-2.110926645797421841e+01
7.102564163321170576e-02,-2.242691558038340105e+01
7.104188349043402684e-02,-2.044805672114439687e+01
7.105812534765634791e-02,-1.821940827398860563e+01
7.107436720487866899e-02,-1.870294217243885626e+01
7.109060906210099007e-02,-2.145033587046187762e+01
7.110685091932331114e-02,-2.541224208184978650e+01
7.112309277654563222e-02,-2.508331223908749052e+01
7.113933463376795330e-02,-2.609487316244362631e+01
7.115557649099027437e-02,-3.433076867959990608e+01
7.117181834821259545e-02,-2.787948983410787918e+01
7.118806020543491653e-02,-2.710502689043964608e+01
7.120430206265723760e-02,-2.469187485185873498e+01
7.122054391987955868e-02,-2.926188448912495943e+01
7.123678577710187976e-02,-3.102093050311903966e+01
7.125302763432420083e-02,-3.007179073843124684e+01
7.126926949154652191e-02,-2.879971808688061330e+01
7.128551134876884299e-02,-2.698335557072107349e+01
7.130175320599116406e-02,-2.666070363115390052e+01
7.131799506321348514e-02,-2.447841388766664039e+01
7.133423692043580622e-02,-2.220093577086842274e+01
7.135047877765812729e-02,-2.369945663371083810e+01
7.136672063488044837e-02,-2.435123524576171761e+01
7.138296249210278333e-02,-2.477189747403274112e+01
7.139920434932510440e-02,-3.072489222441756596e+01
7.141544620654742548e-02,-2.794874285424657856e+01
7.143168806376974656e-02,-2.446603310331295233e+01
7.144792992099206763e-02,-2.100601836712888826e+01
7.146417177821438871e-02,-2.132798073349951551e+01
7.148041363543670978e-02,-2.190412890788511291e+01
7.149665549265903086e-02,-2.188109425049737666e+01
7.151289734988135194e-02,-2.234020596789774515e+01
7.152913920710367301e-02,-2.201726302659339751e+01
7.154538106432599409e-02,-2.416875303250805729e+01
7.156162292154831517e-02,-3.182994238994677616e+01
7.157786477877063624e-02,-3.498027507021008375e+01
7.159410663599295732e-02,-3.246664665575308106e+01
7.161034849321527840e-02,-3.505689640376897387e+01
7.162659035043759947e-02,-2.688505294253336331e+01
7.164283220765992055e-02,-2.591004459048068043e+01
7.165907406488224163e-02,-2.108246454418785021e+01
7.167531592210456270e-02,-2.023047175833804801e+01
7.169155777932688378e-02,-2.201565081970544213e+01
7.170779963654920486e-02,-2.319299047728024021e+01
7.172404149377152593e-02,-2.538516364958167770e+01
7.174028335099384701e-02,-2.377097926551295615e+01
7.175652520821616809e-02,-2.244603232043332142e+01
7.177276706543848916e-02,-2.968962568591463125e+01
7.178900892266081024e-02,-3.325132495661091525e+01
7.180525077988313132e-02,-3.155999734716586147e+01
7.182149263710545239e-02,-2.589515708432609387e+01
7.183773449432777347e-02,-2.371110864410661634e+01
7.185397635155009455e-02,-3.028006825653544354e+01
7.187021820877241562e-02,-3.471855915908635382e+01
7.188646006599473670e-02,-3.366679096136930127e+01
7.190270192321705778e-02,-2.711367959559252583e+01
7.191894378043937885e-02,-3.300403217711209436e+01
7.193518563766169993e-02,-2.329047636937029964e+01
7.195142749488402101e-02,-2.408077058889432109e+01
7.196766935210634208e-02,-2.875327966885030406e+01
7.198391120932867704e-02,-2.530625412983355460e+01
7.200015306655099812e-02,-2.496173701808135093e+01
7.201639492377331919e-02,-3.160173266339101872e+01
7.203263678099564027e-02,-2.661194861647532051e+01
7.204887863821796135e-02,-2.938646988095173995e+01
7.206512049544028242e-02,-3.193801850971130207e+01
7.208136235266260350e-02,-3.394495059293157624e+01
7.209760420988492458e-02,-2.541523188933059885e+01
7.211384606710724565e-02,-1.806239901152807903e+01
7.213008792432956673e-02,-1.758000689851336062e+01
7.214632978155188781e-02,-2.503010638681659827e+01
7.216257163877420888e-02,-2.541886049749535559e+01
7.217881349599652996e-02,-2.211677141362074295e+01
7.219505535321885104e-02,-2.496016090820448596e+01
7.221129721044117211e-02,-2.604014927788832523e+01
7.222753906766349319e-02,-3.303400866221456056e+01
7.224378092488581427e-02,-2.709032887250546651e+01
7.226002278210813534e-02,-2.314745201331166768e+01
7.227626463933045642e-02,-3.174136272053923236e+01
7.229250649655277750e-02,-1.964314563908646250e+01
7.230874835377509857e-02,-1.904142480518061475e+01
7.232499021099741965e-02,-2.461101590384320659e+01
7.234123206821974073e-02,-2.537201743632243733e+01
7.235747392544206180e-02,-2.467195542272564879e+01
7.237371578266438288e-02,-2.533828898099663363e+01
7.238995763988670396e-02,-2.920018399054635339e+01
7.240619949710902503e-02,-2.615570679391288067e+01
7.242244135433134611e-02,-1.862958000800102099e+01
7.243868321155366719e-02,-1.881506312663805858e+01
7.245492506877598826e-02,-2.650427873268320056e+01
7.247116692599830934e-02,-3.418972059249034601e+01
7.248740878322063041e-02,-3.302311584144660372e+01
7.250365064044295149e-02,-4.076982086736801136e+01
7.251989249766527257e-02,-2.622935783511104901e+01
7.253613435488759364e-02,-2.447352863658634448e+01
7.255237621210991472e-02,-3.505304689489784664e+01
7.256861806933223580e-02,-3.057808927029444490e+01
7.258485992655457075e-02,-2.893309995007849977e+01
7.260110178377689183e-02,-2.073984458227144145e+01
7.261734364099921291e-02,-1.663926482419204689e+01
7.263358549822153398e-02,-1.802655507713525296e+01
7.264982735544385506e-02,-1.852170804428874362e+01
7.266606921266617614e-02,-1.663934965193474369e+01
7.268231106988849721e-02,-1.919809622642793911e+01
7.269855292711081829e-02,-2.267831127944478453e+01
7.271479478433313937e-02,-2.783603382148571370e+01
7.273103664155546044e-02,-2.338466433685198353e+01
7.274727849877778152e-02,-2.155550973449765451e+01
7.276352035600010260e-02,-2.576446155394986448e+01
7.277976221322242367e-02,-3.628645929546588889e+01
7.279600407044474475e-02,-3.059903058291365596e+01
7.281224592766706583e-02,-2.404681920841564846e+01
7.282848778488938690e-02,-1.835040033482707500e+01
7.284472964211170798e-02,-1.899565753805070756e+01
7.286097149933402906e-02,-1.909940059991514971e+01
7.287721335655635013e-02,-2.381037070675622402e+01
7.289345521377867121e-02,-3.083920537864819877e+01
7.290969707100099229e-02,-1.993554299888508652e+01
7.292593892822331336e-02,-2.026427059968239064e+01
7.294218078544563444e-02,-3.059262596181896043e+01
7.295842264266795552e-02,-3.267480938964487791e+01
7.297466449989027659e-02,-2.790717245463936180e+01
7.299090635711259767e-02,-2.598718748554539459e+01
7.300714821433491875e-02,-3.396665851808428016e+01
7.302339007155723982e-02,-2.684984892112948884e+01
7.303963192877956090e-02,-2.165838106726660683e+01
7.305587378600188198e-02,-2.324944898849629737e+01
7.307211564322420305e-02,-3.284181640087373921e+01
7.308835750044652413e-02,-3.977799623747532110e+01
7.310459935766884521e-02,-3.289253599739665646e+01
7.312084121489116628e-02,-2.436244660909210324e+01
7.313708307211348736e-02,-1.940216221899284932e+01
7.315332492933580844e-02,-1.885948418970729179e+01
7.316956678655812951e-02,-2.424195245522345132e+01
7.318580864378046447e-02,-3.482391173203091483e+01
7.320205050100278554e-02,-2.668826036357061326e+01
7.321829235822510662e-02,-2.397019222053529930e+01
7.323453421544742770e-02,-2.227697628033508437e+01
7.325077607266974877e-02,-2.057119413333629865e+01
7.326701792989206985e-02,-1.905163346074800046e+01
7.328325978711439093e-02,-1.893042009289834482e+01
7.329950164433671200e-02,-2.145388597559416155e+01
7.331574350155903308e-02,-2.566179781976920893e+01
7.333198535878135416e-02,-3.033801236760157849e+01
7.334822721600367523e-02,-3.237077247809467906e+01
7.336446907322599631e-02,-3.437611463512776311e+01
7.338071093044831739e-02,-2.648607295850185039e+01
7.339695278767063846e-02,-3.238563360409676051e+01
7.341319464489295954e-02,-3.699522447376410383e+01
7.342943650211528062e-02,-2.577926104657780471e+01
7.344567835933760169e-02,-2.005199662449158637e+01
7.346192021655992277e-02,-1.896627991982298056e+01
7.347816207378224385e-02,-2.449715628120365807e+01
7.349440393100456492e-02,-4.701490571352361769e+01
7.351064578822688600e-02,-2.692915319903896432e+01
7.352688764544920708e-02,-2.177574199877234307e+01
7.354312950267152815e-02,-2.128732072913974704e+01
7.355937135989384923e-02,-2.350306412497321418e+01
7.357561321711617031e-02,-2.752278673799532172e+01
7.359185507433849138e-02,-3.931964598834893820e+01
7.360809693156081246e-02,-2.459939224677007630e+01
7.362433878878313354e-02,-2.181895523237490409e+01
7.364058064600545461e-02,-2.309394723391399751e+01
7.365682250322777569e-02,-2.455752064216332542e+01
7.367306436045009677e-02,-2.590139641402448234e+01
7.368930621767241784e-02,-2.741072127246542323e+01
7.370554807489473892e-02,-2.837660471360456071e+01
7.372178993211706000e-02,-3.632805611447216876e+01
7.373803178933938107e-02,-2.597052114527708255e+01
7.375427364656170215e-02,-2.151212886312540462e+01
7.377051550378402323e-02,-2.220508101756553998e+01
7.378675736100635818e-02,-2.211224617237860102e+01
7.380299921822867926e-02,-2.203764816254710723e+01
7.381924107545100033e-02,-2.597168815966158206e+01
7.383548293267332141e-02,-2.183086770940382948e+01
7.385172478989564249e-02,-2.303282050764784827e+01
7.386796664711796356e-02,-2.278274821354827040e+01
7.388420850434028464e-02,-2.253481956410971065e+01
7.390045036156260572e-02,-2.322577080820674666e+01
7.391669221878492679e-02,-2.199842354568074754e+01
7.393293407600724787e-02,-2.358752156615590323e+01
7.394917593322956895e-02,-2.578448845439299930e+01
7.396541779045189002e-02,-2.816395213175445633e+01
7.398165964767421110e-02,-2.384394691218830786e+01
7.399790150489653218e-02,-2.079683103212661877e+01
7.401414336211885325e-02,-2.587279131475818872e+01
7.403038521934117433e-02,-3.377229873026523421e+01
7.404662707656349541e-02,-2.768407763197433979e+01
7.406286893378581648e-02,-2.437388638441026600e+01
7.407911079100813756e-02,-2.651449081265120356e+01
7.409535264823045864e-02,-3.051912838897021274e+01
7.411159450545277971e-02,-3.603785536072236084e+01
7.412783636267510079e-02,-2.673434393759766081e+01
7.414407821989742187e-02,-3.150051240943752617e+01
7.416032007711974294e-02,-2.157112730314135263e+01
7.417656193434206402e-02,-1.638951421125897312e+01
7.419280379156438510e-02,-1.815539147454511593e+01
7.420904564878670617e-02,-2.295203416631130722e+01
7.422528750600902725e-02,-2.445903302290594894e+01
7.424152936323134833e-02,-2.518223775493205352e+01
7.425777122045366940e-02,-2.541751539668606696e+01
7.427401307767599048e-02,-2.348443057865941341e+01
7.429025493489831156e-02,-2.365627053930326795e+01
7.430649679212063263e-02,-2.016179418882652286e+01
7.432273864934295371e-02,-1.724881128125745278e+01
7.433898050656527479e-02,-2.093312842350160707e+01
7.435522236378759586e-02,-2.631474666362204928e+01
7.437146422100991694e-02,-2.610182804330471029e+01
7.438770607823225189e-02,-2.466059382895463870e+01
7.440394793545457297e-02,-1.942964569383157070e+01
7.442018979267689405e-02,-1.749442964220690300e+01
7.443643164989921512e-02,-1.912303183938416495e+01
7.445267350712153620e-02,-2.338669132197357214e+01
7.446891536434385728e-02,-2.667284031345298700e+01
7.448515722156617835e-02,-2.391771898934777596e+01
7.450139907878849943e-02,-3.042712221355938595e+01
7.451764093601082051e-02,-3.977383860365041812e+01
7.453388279323314158e-02,-3.984416567599487280e+01
7.455012465045546266e-02,-4.831246777809358406e+01
7.456636650767778374e-02,-2.655711489642961709e+01
7.458260836490010481e-02,-2.296147937551333484e+01
7.459885022212242589e-02,-2.312965896840276869e+01
7.461509207934474697e-02,-2.130959537122660308e+01
7.463133393656706804e-02,-1.882260575215366316e+01
7.464757579378938912e-02,-1.841048392486997187e+01
7.466381765101171020e-02,-1.992725794809664919e+01
7.468005950823403127e-02,-2.056808806865744188e+01
7.469630136545635235e-02,-2.392134904692533226e+01
7.471254322267867343e-02,-3.496681245375549452e+01
7.472878507990099450e-02,-3.343498957979009134e+01
7.474502693712331558e-02,-2.681014868301101473e+01
7.476126879434563666e-02,-2.517163487594975635e+01
7.477751065156795773e-02,-2.389968507405257725e+01
7.479375250879027881e-02,-2.182909402561843848e+01
7.480999436601259989e-02,-2.141639689302045468e+01
7.482623622323492096e-02,-2.406596912528414478e+01
7.484247808045724204e-02,-2.398376719838866578e+01
7.485871993767956312e-02,-3.648052208434963717e+01
7.487496179490188419e-02,-2.900069166950366295e+01
7.489120365212420527e-02,-2.904643699984651661e+01
7.490744550934652635e-02,-2.249082726848704894e+01
7.492368736656884742e-02,-2.418833456508032498e+01
7.493992922379116850e-02,-2.548775861530474174e+01
7.495617108101348958e-02,-2.222280152397918584e+01
7.497241293823581065e-02,-2.225217096103103032e+01
7.498865479545814561e-02,-2.474950262822107305e+01
7.500489665268046668e-02,-2.783116859001807697e+01
7.502113850990278776e-02,-2.313261166716989692e+01
7.503738036712510884e-02,-2.032035355770431551e+01
7.505362222434742991e-02,-2.129664650487299937e+01
7.506986408156975099e-02,-2.506220754253122607e+01
7.508610593879207207e-02,-3.937202601798108503e+01
7.510234779601439314e-02,-3.257338732138133253e+01
7.511858965323671422e-02,-2.585367778551727014e+01
7.513483151045903530e-02,-2.025820073628723961e+01
7.515107336768135637e-02,-1.824276093767128870e+01
7.516731522490367745e-02,-2.071003860964107446e+01
7.518355708212599853e-02,-2.849883184500966848e+01
7.519979893934831960e-02,-2.605686002224708275e+01
7.521604079657064068e-02,-2.270202637563394177e+01
7.523228265379296176e-02,-2.579208343532284786e+01
7.524852451101528283e-02,-2.667549258445281168e+01
7.526476636823760391e-02,-2.235242058556295319e+01
7.528100822545992499e-02,-2.229462000927922460e+01
7.529725008268224606e-02,-2.381329725787438889e+01
7.531349193990456714e-02,-2.902299331867300225e+01
7.532973379712688822e-02,-3.815738627983284204e+01
7.534597565434920929e-02,-2.386191613506045428e+01
7.536221751157153037e-02,-1.890037609036528821e+01
7.537845936879385145e-02,-1.797780216967471389e+01
7.539470122601617252e-02,-2.097220844394853856e+01
7.541094308323849360e-02,-2.548950378583536747e+01
7.542718494046081468e-02,-2.691241410201588735e+01
7.544342679768313575e-02,-2.937184403723129122e+01
7.545966865490545683e-02,-2.248875097143822899e+01
7.547591051212777791e-02,-2.243841578489089628e+01
7.549215236935009898e-02,-4.299792637827493280e+01
7.550839422657242006e-02,-2.547928294938789406e+01
7.552463608379474114e-02,-2.379976409173577423e+01
7.554087794101706221e-02,-2.447433872898080409e+01
7.555711979823938329e-02,-2.636169931949360645e+01
7.557336165546170437e-02,-2.339555126426908771e+01
7.558960351268403932e-02,-2.122566113671489418e+01
7.560584536990636040e-02,-2.220793997975928491e+01
7.562208722712868147e-02,-2.083758778422106417e+01
7.563832908435100255e-02,-2.114047960437099505e+01
7.565457094157332363e-02,-3.335109137232307575e+01
7.567081279879564470e-02,-2.365677859082326862e+01
7.568705465601796578e-02,-2.209624124511671539e+01
7.570329651324028686e-02,-2.911317622233555369e+01
7.571953837046260793e-02,-3.136167379341042860e+01
7.573578022768492901e-02,-2.428902009642172999e+01
7.575202208490725009e-02,-1.965979686383631986e+01
7.576826394212957116e-02,-1.954136295926479860e+01
7.578450579935189224e-02,-2.386570572749966956e+01
7.580074765657421332e-02,-4.558229401140984294e+01
7.581698951379653439e-02,-2.815230597346614871e+01
7.583323137101885547e-02,-2.582754405248543961e+01
7.584947322824117655e-02,-2.802891531993349616e+01
7.586571508546349762e-02,-2.440665717349290276e+01
7.588195694268581870e-02,-2.015334666128803320e+01
7.589819879990813978e-02,-2.171163904734297034e+01
7.591444065713046085e-02,-3.019602462381053698e+01
7.593068251435278193e-02,-4.456234480754850580e+01
7.594692437157510301e-02,-2.709523778559285034e+01
7.596316622879742408e-02,-2.704403198298210853e+01
7.597940808601974516e-02,-3.104791224826221807e+01
7.599564994324206624e-02,-2.908023724890980333e+01
7.601189180046438731e-02,-3.331198056000327767e+01
7.602813365768670839e-02,-3.846205179493852455e+01
7.604437551490902947e-02,-3.839121624114790876e+01
7.606061737213135054e-02,-2.856820529008762932e+01
7.607685922935367162e-02,-2.548298983908023274e+01
7.609310108657599270e-02,-2.891197544484919035e+01
7.610934294379831377e-02,-3.663540922977442449e+01
7.612558480102063485e-02,-2.411124751863481208e+01
7.614182665824295593e-02,-2.478054657044533826e+01
7.615806851546527700e-02,-3.413426856526557174e+01
7.617431037268759808e-02,-2.283374957477437661e+01
7.619055222990993304e-02,-1.973604665313503403e+01
7.620679408713225411e-02,-2.282647336586176223e+01
7.622303594435457519e-02,-2.768223456426949980e+01
7.623927780157689627e-02,-2.701387026531700286e+01
7.625551965879921734e-02,-2.545664704692820024e+01
7.627176151602153842e-02,-2.312883877320615866e+01
7.628800337324385950e-02,-2.537436551386225503e+01
7.630424523046618057e-02,-3.063504073312557097e+01
7.632048708768850165e-02,-1.984127561079529656e+01
7.633672894491082273e-02,-1.957013150117693101e+01
7.635297080213314380e-02,-2.213038260693227954e+01
7.636921265935546488e-02,-2.251086255706477601e+01
7.638545451657778596e-02,-2.452352968276120748e+01
7.640169637380010703e-02,-2.416215852333492009e+01
7.641793823102242811e-02,-2.232596045695523301e+01
7.643418008824474918e-02,-2.870685927014428529e+01
7.645042194546707026e-02,-2.947311209983074320e+01
7.646666380268939134e-02,-2.348321190548531234e+01
7.648290565991171241e-02,-2.292488962714382694e+01
7.649914751713403349e-02,-3.161569597582085578e+01
7.651538937435635457e-02,-2.988030912898130964e+01
7.653163123157867564e-02,-2.362690144257909708e+01
7.654787308880099672e-02,-2.179700025514861750e+01
7.656411494602331780e-02,-2.085521881062593152e+01
7.658035680324563887e-02,-1.914382542359306072e+01
7.659659866046795995e-02,-1.803020308092006374e+01
7.661284051769028103e-02,-2.141503745593667318e+01
7.662908237491260210e-02,-3.547100292726860715e+01
7.664532423213492318e-02,-3.587522505073543755e+01
7.666156608935724426e-02,-4.084555285665540225e+01
7.667780794657956533e-02,-2.564640055749026715e+01
7.669404980380188641e-02,-2.141821476156965787e+01
7.671029166102420749e-02,-2.212580757340635529e+01
7.672653351824652856e-02,-2.459113714992506061e+01
7.674277537546884964e-02,-2.384672263270831394e+01
7.675901723269117072e-02,-2.414474431168372348e+01
7.677525908991349179e-02,-2.384012501655986682e+01
7.679150094713582675e-02,-2.196171741105548136e+01
7.680774280435814783e-02,-2.265693979076160858e+01
7.682398466158046890e-02,-2.914962178314303998e+01
7.684022651880278998e-02,-4.284269538401530042e+01
7.685646837602511106e-02,-3.223169032773270004e+01
7.687271023324743213e-02,-2.552428107158145565e+01
7.688895209046975321e-02,-2.098186632894870485e+01
7.690519394769207429e-02,-2.118953517215473425e+01
7.692143580491439536e-02,-2.667871872278878698e+01
7.693767766213671644e-02,-3.047658066372063601e+01
7.695391951935903752e-02,-3.292126340026156583e+01
7.697016137658135859e-02,-2.944299597470850216e+01
7.698640323380367967e-02,-3.415845882746889117e+01
7.700264509102600075e-02,-2.823551520660436864e+01
7.701888694824832182e-02,-2.182640978046032743e+01
7.703512880547064290e-02,-2.046091882863172984e+01
7.705137066269296398e-02,-3.291257245825480027e+01
7.706761251991528505e-02,-2.658461305822819298e+01
7.708385437713760613e-02,-3.375097271605720550e+01
7.710009623435992721e-02,-2.716547342293371514e+01
7.711633809158224828e-02,-2.181796322290497869e+01
7.713257994880456936e-02,-2.071534929029090222e+01
7.714882180602689044e-02,-2.449286182490206798e+01
7.716506366324921151e-02,-2.747062045896374727e+01
7.718130552047153259e-02,-2.550441528012591874e+01
7.719754737769385367e-02,-2.282749262294116122e+01
7.721378923491617474e-02,-1.936331500965339814e+01
7.723003109213849582e-02,-2.006101175249470714e+01
7.724627294936081690e-02,-3.078493852325389923e+01
7.726251480658313797e-02,-2.707963418356204244e+01
7.727875666380545905e-02,-2.343827856727764924e+01
7.729499852102778013e-02,-2.621631812479570200e+01
7.731124037825010120e-02,-2.575518047483517137e+01
7.732748223547242228e-02,-2.421844688057290540e+01
7.734372409269474336e-02,-2.295788894597601271e+01
7.735996594991706443e-02,-2.387697019052398062e+01
7.737620780713938551e-02,-3.356974156077764349e+01
7.739244966436170658e-02,-3.266528015581086208e+01
7.740869152158404154e-02,-3.344072970087097474e+01
7.742493337880636262e-02,-3.047519740643465980e+01
7.744117523602868369e-02,-2.659554947600448216e+01
7.745741709325100477e-02,-2.097997094616341229e+01
7.747365895047332585e-02,-2.154062619866116890e+01
7.748990080769564692e-02,-3.180428816665685332e+01
7.750614266491796800e-02,-1.816656278892514109e+01
7.752238452214028908e-02,-2.079029874889873142e+01
7.753862637936261015e-02,-2.522861188502573881e+01
7.755486823658493123e-02,-2.686129290557633809e+01
7.757111009380725231e-02,-2.142337620103238294e+01
7.758735195102957338e-02,-2.022229862717016857e+01
7.760359380825189446e-02,-3.728317260566836921e+01
7.761983566547421554e-02,-2.581952376374320579e+01
7.763607752269653661e-02,-3.321831349936322653e+01
7.765231937991885769e-02,-2.684368416247023248e+01
7.766856123714117877e-02,-2.384676244290654168e+01
7.768480309436349984e-02,-1.940769268460197239e+01
7.770104495158582092e-02,-1.941234955504146242e+01
7.771728680880814200e-02,-2.423785516169285259e+01
7.773352866603046307e-02,-3.160916816818562936e+01
7.774977052325278415e-02,-2.903378412876940118e+01
7.776601238047510523e-02,-2.307228945938993192e+01
7.778225423769742630e-02,-2.398209489367781089e+01
7.779849609491974738e-02,-2.778052899170665668e+01
7.781473795214206846e-02,-2.642017474635017038e+01
7.783097980936438953e-02,-2.484473252662564846e+01
7.784722166658671061e-02,-2.426570269800760116e+01
7.786346352380903169e-02,-2.518361987786020961e+01
7.787970538103135276e-02,-2.521443814627769342e+01
7.789594723825367384e-02,-2.104692764691036189e+01
7.791218909547599492e-02,-2.059982258412549427e+01
7.792843095269831599e-02,-2.340205648542173122e+01
7.794467280992063707e-02,-2.565788914233011297e+01
7.796091466714295815e-02,-2.333036300940319308e+01
7.797715652436527922e-02,-2.750827657101618939e+01
7.799339838158760030e-02,-2.560922043169671625e+01
7.800964023880993525e-02,-2.120956672150175137e+01
7.802588209603225633e-02,-2.104198845620196678e+01
7.804212395325457741e-02,-2.066552954920876672e+01
7.805836581047689848e-02,-2.049196965855404784e+01
7.807460766769921956e-02,-2.411550095160352569e+01
7.809084952492154064e-02,-2.307564334815819507e+01
7.810709138214386171e-02,-1.966609714589209545e+01
7.812333323936618279e-02,-2.146843779675604580e+01
7.813957509658850387e-02,-2.701049342441523748e+01
7.815581695381082494e-02,-2.685168060934559264e+01
7.817205881103314602e-02,-2.707974509886060233e+01
7.818830066825546710e-02,-2.497623101184480632e+01
7.820454252547778817e-02,-2.247061795248471938e+01
7.822078438270010925e-02,-2.433245719585777778e+01
7.823702623992243033e-02,-2.342075908692024555e+01
7.825326809714475140e-02,-2.335126579311694428e+01
7.826950995436707248e-02,-2.522621069881143185e+01
7.828575181158939356e-02,-2.615042374168355366e+01
7.830199366881171463e-02,-2.249242494529941538e+01
7.831823552603403571e-02,-2.242287289471773803e+01
7.833447738325635679e-02,-3.036964892604643396e+01
7.835071924047867786e-02,-3.119236743923510247e+01
7.836696109770099894e-02,-2.086174497074985723e+01
7.838320295492332002e-02,-1.728631307559916763e+01
7.839944481214564109e-02,-1.841356905897950114e+01
7.841568666936796217e-02,-2.287007677988517429e+01
7.843192852659028325e-02,-2.698597507960158381e+01
7.844817038381260432e-02,-2.257763578325334564e+01
7.846441224103492540e-02,-2.418191249075278648e+01
7.848065409825724648e-02,-3.699271587650572712e+01
7.849689595547956755e-02,-2.550847196774849479e+01
7.851313781270188863e-02,-2.315636171580778324e+01
7.852937966992420971e-02,-2.485839033339134829e+01
7.854562152714653078e-02,-2.763498484797784371e+01
7.856186338436885186e-02,-3.159990681549281533e+01
7.857810524159117294e-02,-3.325055432010360335e+01
7.859434709881349401e-02,-3.347389122954088236e+01
7.861058895603582897e-02,-2.288268226874397016e+01
7.862683081325815004e-02,-2.112772041028494030e+01
7.864307267048047112e-02,-2.053174102315053062e+01
7.865931452770279220e-02,-2.154022054275210962e+01
7.867555638492511327e-02,-2.530971057289293213e+01
7.869179824214743435e-02,-2.652455626744892569e+01
7.870804009936975543e-02,-2.862635796928099197e+01
7.872428195659207650e-02,-3.563932212723698001e+01
7.874052381381439758e-02,-3.190761527284271892e+01
7.875676567103671866e-02,-2.624601578664337609e+01
7.877300752825903973e-02,-2.885677352380905347e+01
7.878924938548136081e-02,-3.353205989233378403e+01
7.880549124270368189e-02,-3.279456690899286997e+01
7.882173309992600296e-02,-2.792412917379530768e+01
7.883797495714832404e-02,-2.233865726745356639e+01
7.885421681437064512e-02,-2.087299127719490599e+01
7.887045867159296619e-02,-2.483199515296171711e+01
7.888670052881528727e-02,-3.609240168087223566e+01
7.890294238603760835e-02,-2.952183644796773621e+01
7.891918424325992942e-02,-2.449139681668309265e+01
7.893542610048225050e-02,-3.397149305486191651e+01
7.895166795770457158e-02,-2.586284342758161969e+01
7.896790981492689265e-02,-2.325489674855353428e+01
7.898415167214921373e-02,-2.480131330332972794e+01
7.900039352937153481e-02,-3.684663222956422857e+01
7.901663538659385588e-02,-2.652722912204901107e+01
7.903287724381617696e-02,-2.359867774409076802e+01
7.904911910103849804e-02,-2.458094911729722298e+01
7.906536095826081911e-02,-2.844666805051581093e+01
7.908160281548314019e-02,-2.693626965850128485e+01
7.909784467270546127e-02,-2.610546716569114167e+01
7.911408652992778234e-02,-2.115181077216219308e+01
7.913032838715010342e-02,-1.662985316863389329e+01
7.914657024437242450e-02,-1.479409517451527201e+01
7.916281210159474557e-02,-1.638418513244733887e+01
7.917905395881706665e-02,-1.740251378614292932e+01
7.919529581603938773e-02,-1.669010173460299029e+01
7.921153767326172268e-02,-1.805643539313683732e+01
7.922777953048404376e-02,-2.023522377052628585e+01
7.924402138770636483e-02,-2.050845015122936488e+01
7.926026324492868591e-02,-2.151059964754949050e+01
7.927650510215100699e-02,-2.504335712982602047e+01
7.929274695937332806e-02,-2.499301856469532623e+01
7.930898881659564914e-02,-2.509119217124439416e+01
7.932523067381797022e-02,-3.604584019094455982e+01
7.934147253104029129e-02,-3.033616601612606800e+01
7.935771438826261237e-02,-2.426302507102665729e+01
7.937395624548493345e-02,-2.040885187623902652e+01
7.939019810270725452e-02,-1.887483119618741512e+01
7.940643995992957560e-02,-1.901437016709930816e+01
7.942268181715189668e-02,-1.997406138598661585e+01
7.943892367437421775e-02,-2.261208870387716985e+01
7.945516553159653883e-02,-2.017001701220015875e+01
7.947140738881885991e-02,-2.517942789197405418e+01
7.948764924604118098e-02,-3.061777692752677282e+01
7.950389110326350206e-02,-2.317587167130167458e+01
7.952013296048582314e-02,-2.168216980090939217e+01
7.953637481770814421e-02,-2.279457933026360550e+01
7.955261667493046529e-02,-2.364031874438662939e+01
7.956885853215278637e-02,-2.874173749008815193e+01
7.958510038937510744e-02,-2.271460451681208070e+01
7.960134224659742852e-02,-1.838061389967081283e+01
7.961758410381974960e-02,-2.106473599895503312e+01
7.963382596104207067e-02,-2.953394420185689739e+01
7.965006781826439175e-02,-4.761242678030171760e+01
7.966630967548671283e-02,-3.093953980237392543e+01
7.968255153270903390e-02,-2.703191951529543147e+01
7.969879338993135498e-02,-3.134711614013271230e+01
7.971503524715367606e-02,-3.170928856921587524e+01
7.973127710437599713e-02,-2.921580896104542546e+01
7.974751896159831821e-02,-2.631010359991041980e+01
7.976376081882063929e-02,-2.848989934584985662e+01
7.978000267604296036e-02,-2.518628456754932188e+01
7.979624453326528144e-02,-2.819073447325288839e+01
7.981248639048761639e-02,-2.382606159395065148e+01
7.982872824770993747e-02,-2.331973737590224260e+01
7.984497010493225855e-02,-2.423517752756174204e+01
7.986121196215457962e-02,-2.217733413423917810e+01
7.987745381937690070e-02,-2.423825343062428317e+01
7.989369567659922178e-02,-3.866587559955630837e+01
7.990993753382154285e-02,-2.578436004052285568e+01
7.992617939104386393e-02,-3.790834038275636431e+01
7.994242124826618501e-02,-2.429425988097796107e+01
7.995866310548850608e-02,-2.080320853168183604e+01
7.997490496271082716e-02,-2.346268940221893828e+01
7.999114681993314824e-02,-2.884253749418645896e+01
8.000738867715546931e-02,-2.832539311246323877e+01
8.002363053437779039e-02,-2.556243231931986770e+01
8.003987239160011147e-02,-2.793835594279894607e+01
8.005611424882243254e-02,-3.344214796153232783e+01
8.007235610604475362e-02,-3.190339218808563260e+01
8.008859796326707470e-02,-2.543152091353904609e+01
8.010483982048939577e-02,-1.953295771127312364e+01
8.012108167771171685e-02,-1.948882760681115656e+01
8.013732353493403793e-02,-2.787897147897139050e+01
8.015356539215635900e-02,-5.146651002107270045e+01
8.016980724937868008e-02,-3.525361143575224787e+01
8.018604910660100116e-02,-3.288560059185028450e+01
8.020229096382332223e-02,-3.592296553632373701e+01
8.021853282104564331e-02,-3.211998172853631672e+01
8.023477467826796439e-02,-3.801178683875895814e+01
8.025101653549028546e-02,-2.630789259049178597e+01
8.026725839271260654e-02,-2.131766217237769823e+01
8.028350024993492762e-02,-2.094116772329739362e+01
8.029974210715724869e-02,-2.491556451690718887e+01
8.031598396437956977e-02,-3.064082490335127673e+01
8.033222582160189085e-02,-2.498581932003698114e+01
8.034846767882421192e-02,-2.686765118376861494e+01
8.036470953604653300e-02,-2.937397176086174255e+01
8.038095139326885408e-02,-2.797609540578992338e+01
8.039719325049117515e-02,-2.812799607661827039e+01
8.041343510771351011e-02,-2.765341133091892800e+01
8.042967696493583118e-02,-2.308353460229730558e+01
8.044591882215815226e-02,-2.103526641918167073e+01
8.046216067938047334e-02,-2.063552373783412719e+01
8.047840253660279441e-02,-2.234009237944427184e+01
8.049464439382511549e-02,-2.501864104353213847e+01
8.051088625104743657e-02,-2.281551613075900775e+01
8.052712810826975764e-02,-2.286922495727706917e+01
8.054336996549207872e-02,-2.013791107046806772e+01
8.055961182271439980e-02,-1.842222848415837078e+01
8.057585367993672087e-02,-2.215711171810597335e+01
8.059209553715904195e-02,-2.536146160475587408e+01
8.060833739438136303e-02,-2.060670135156524196e+01
8.062457925160368410e-02,-1.894109313408676698e+01
8.064082110882600518e-02,-2.576033670585549373e+01
8.065706296604832626e-02,-2.596687856260223981e+01
8.067330482327064733e-02,-2.285414682749315318e+01
8.068954668049296841e-02,-2.687580428127268561e+01
8.070578853771528949e-02,-2.109091432435198143e+01
8.072203039493761056e-02,-1.934516087031056131e+01
8.073827225215993164e-02,-2.323988745723370997e+01
8.075451410938225272e-02,-2.403078986672294803e+01
8.077075596660457379e-02,-2.479415043859127721e+01
8.078699782382689487e-02,-2.849375809976960383e+01
8.080323968104921595e-02,-2.299575341979897303e+01
8.081948153827153702e-02,-2.174704616636974919e+01
8.083572339549385810e-02,-2.204224482028821086e+01
8.085196525271617918e-02,-2.872955653632409678e+01
8.086820710993850025e-02,-2.389477048145591809e+01
8.088444896716082133e-02,-2.233602244479035193e+01
8.090069082438314241e-02,-3.755237941518170430e+01
8.091693268160546348e-02,-2.514176013515018937e+01
8.093317453882778456e-02,-2.477364328255624315e+01
8.094941639605010564e-02,-3.165068157259270265e+01
8.096565825327242671e-02,-4.602130586768255682e+01
8.098190011049474779e-02,-3.574589614942157567e+01
8.099814196771706887e-02,-3.220571242321324235e+01
8.101438382493940382e-02,-2.853325611830075914e+01
8.103062568216172490e-02,-2.358246773657151607e+01
8.104686753938404598e-02,-2.449251880254116287e+01
8.106310939660636705e-02,-4.289364064969830537e+01
8.107935125382868813e-02,-2.964022391574701487e+01
8.109559311105100921e-02,-4.785049485877379993e+01
8.111183496827333028e-02,-2.910957787061287050e+01
8.112807682549565136e-02,-2.900983932263985565e+01
8.114431868271797244e-02,-2.514972833869894231e+01
8.116056053994029351e-02,-2.602970090357855781e+01
8.117680239716261459e-02,-3.194954572157393358e+01
8.119304425438493567e-02,-2.548034017126807882e+01
8.120928611160725674e-02,-2.433702875210805772e+01
8.122552796882957782e-02,-2.380624353136422044e+01
8.124176982605189890e-02,-2.601239658440209723e+01
8.125801168327421997e-02,-3.373339547423693574e+01
8.127425354049654105e-02,-2.243731517937462527e+01
8.129049539771886213e-02,-2.874773094649451721e+01
8.130673725494118320e-02,-2.350651990845590689e+01
8.132297911216350428e-02,-2.216048371984380339e+01
8.133922096938582535e-02,-2.462030948650746609e+01
8.135546282660814643e-02,-2.234120750861629290e+01
8.137170468383046751e-02,-2.447846589346440638e+01
8.138794654105278858e-02,-2.389863083212493677e+01
8.140418839827510966e-02,-2.545263291337165867e+01
8.142043025549743074e-02,-2.531907167944404335e+01
8.143667211271975181e-02,-2.741878256514729273e+01
8.145291396994207289e-02,-2.524544162184934493e+01
8.146915582716439397e-02,-2.566519625609835487e+01
8.148539768438671504e-02,-4.964176165280000674e+01
8.150163954160903612e-02,-2.679378816384418371e+01
8.151788139883135720e-02,-2.816477793301270438e+01
8.153412325605367827e-02,-2.960053102433320049e+01
8.155036511327599935e-02,-3.116882625071444224e+01
8.156660697049832043e-02,-2.619013971165486865e+01
8.158284882772064150e-02,-2.535249518951066250e+01
8.159909068494296258e-02,-2.245279606882946410e+01
8.161533254216529754e-02,-2.181420977417312201e+01
8.163157439938761861e-02,-2.524359685610461668e+01
8.164781625660993969e-02,-3.463394759520764410e+01
8.166405811383226077e-02,-2.058052855960869820e+01
8.168029997105458184e-02,-1.862867056912467945e+01
8.169654182827690292e-02,-2.135204782474956886e+01
8.171278368549922400e-02,-2.378322642521852970e+01
8.172902554272154507e-02,-2.271964715467010976e+01
8.174526739994386615e-02,-2.200670147554365386e+01
8.176150925716618723e-02,-2.201167966048168267e+01
8.177775111438850830e-02,-2.301345120485841989e+01
8.179399297161082938e-02,-1.998580495915976485e+01
8.181023482883315046e-02,-1.904349315279808508e+01
8.182647668605547153e-02,-2.194531465252575586e+01
8.184271854327779261e-02,-2.522289588785990588e+01
8.185896040050011369e-02,-2.830405310900280469e+01
8.187520225772243476e-02,-3.226181320480839076e+01
8.189144411494475584e-02,-3.816016795626780578e+01
8.190768597216707692e-02,-3.461400209970923925e+01
8.192392782938939799e-02,-3.747415866716878696e+01
8.194016968661171907e-02,-2.752474461287582130e+01
8.195641154383404015e-02,-2.102257088226863857e+01
8.197265340105636122e-02,-1.876934026677653833e+01
8.198889525827868230e-02,-1.771949930218168845e+01
8.200513711550100338e-02,-1.878888670050316634e+01
8.202137897272332445e-02,-2.349187358612227072e+01
8.203762082994564553e-02,-2.870860185820138000e+01
8.205386268716796661e-02,-2.958856710223075837e+01
8.207010454439028768e-02,-2.441533969248500213e+01
8.208634640161260876e-02,-2.397412178355540746e+01
8.210258825883492984e-02,-2.401736791125302517e+01
8.211883011605725091e-02,-2.303534762274114911e+01
8.213507197327957199e-02,-2.206400146224110870e+01
8.215131383050189307e-02,-2.220000898448402538e+01
8.216755568772421414e-02,-2.314106847468967487e+01
8.218379754494653522e-02,-2.017635653086810521e+01
8.220003940216885630e-02,-2.049364142581916326e+01
8.221628125939119125e-02,-2.696020615445835489e+01
8.223252311661351233e-02,-2.979694472312954190e+01
8.224876497383583340e-02,-2.949702938920244577e+01
8.226500683105815448e-02,-2.728187017493252853e+01
8.228124868828047556e-02,-2.397616829751946810e+01
8.229749054550279663e-02,-2.774843325657469251e+01
8.231373240272511771e-02,-3.440963121368420730e+01
8.232997425994743879e-02,-2.743733226838388717e+01
8.234621611716975986e-02,-2.172137876463035866e+01
8.236245797439208094e-02,-2.247162763706440813e+01
8.237869983161440202e-02,-3.201382731881807331e+01
8.239494168883672309e-02,-3.361140564818767018e+01
8.241118354605904417e-02,-3.336560242164575385e+01
8.242742540328136525e-02,-3.333051982532138879e+01
8.244366726050368632e-02,-3.263251192273440893e+01
8.245990911772600740e-02,-4.579012278310550954e+01
8.247615097494832848e-02,-3.181890813140034879e+01
8.249239283217064955e-02,-2.904268323516771488e+01
8.250863468939297063e-02,-3.086281269416911144e+01
8.252487654661529171e-02,-2.476768689055848682e+01
8.254111840383761278e-02,-2.062339854234018333e+01
8.255736026105993386e-02,-1.874903290459612037e+01
8.257360211828225494e-02,-1.992396507769196390e+01
8.258984397550457601e-02,-2.299382597671658957e+01
8.260608583272689709e-02,-2.326164221511078978e+01
8.262232768994921817e-02,-2.258830557260077754e+01
8.263856954717153924e-02,-2.026230032070367315e+01
8.265481140439386032e-02,-1.755881041780326512e+01
8.267105326161618140e-02,-1.769427804115004577e+01
8.268729511883850247e-02,-1.979484592825937739e+01
8.270353697606082355e-02,-2.127307556413941114e+01
8.271977883328314463e-02,-2.137111595506213746e+01
8.273602069050546570e-02,-2.050596023248722588e+01
8.275226254772778678e-02,-2.115932992323875439e+01
8.276850440495010786e-02,-2.226494563965864870e+01
8.278474626217242893e-02,-2.109616845096405058e+01
8.280098811939475001e-02,-2.370710294328246093e+01
8.281722997661708496e-02,-3.232658684241887670e+01
8.283347183383940604e-02,-3.865753307500424540e+01
8.284971369106172712e-02,-4.136108788371706879e+01
8.286595554828404819e-02,-3.541611350932227253e+01
8.288219740550636927e-02,-3.255059278428864644e+01
8.289843926272869035e-02,-3.054262831321103988e+01
8.291468111995101142e-02,-2.376167965309283758e+01
8.293092297717333250e-02,-1.927226748041766413e+01
8.294716483439565358e-02,-1.848550372312235268e+01
8.296340669161797465e-02,-2.403224071743249723e+01
8.297964854884029573e-02,-2.929832898518117901e+01
8.299589040606261681e-02,-4.568218295465958079e+01
8.301213226328493788e-02,-2.481349707942275984e+01
8.302837412050725896e-02,-2.283454765317047475e+01
8.304461597772958004e-02,-2.450136188015519423e+01
8.306085783495190111e-02,-3.033379924004016814e+01
8.307709969217422219e-02,-2.994969079845301607e+01
8.309334154939654327e-02,-3.179272015703620724e+01
8.310958340661886434e-02,-3.953742496108916527e+01
8.312582526384118542e-02,-4.919316695569948195e+01
8.314206712106350650e-02,-4.340217042563706684e+01
8.315830897828582757e-02,-2.604856516231255270e+01
8.317455083550814865e-02,-2.067362560135784832e+01
8.319079269273046973e-02,-1.997740750860986125e+01
8.320703454995279080e-02,-2.005787177795272669e+01
8.322327640717511188e-02,-2.059273324944637906e+01
8.323951826439743296e-02,-2.483193513046024847e+01
8.325576012161975403e-02,-3.145833697070379742e+01
8.327200197884207511e-02,-2.609296900483416337e+01
8.328824383606439619e-02,-2.770054970967416708e+01
8.330448569328671726e-02,-3.176974386775527037e+01
8.332072755050903834e-02,-3.340850737476900889e+01
8.333696940773135942e-02,-2.549911455389385040e+01
8.335321126495368049e-02,-2.355181400195304775e+01
8.336945312217600157e-02,-2.557786889016065857e+01
8.338569497939832265e-02,-2.734360420904335598e+01
8.340193683662064372e-02,-2.263569375134940032e+01
8.341817869384297868e-02,-2.131688716515446202e+01
8.343442055106529975e-02,-2.255711727385910592e+01
8.345066240828762083e-02,-1.968557300443988112e+01
8.346690426550994191e-02,-2.502134538326303215e+01
8.348314612273226298e-02,-2.659103061425870251e+01
8.349938797995458406e-02,-1.862673574886392913e+01
8.351562983717690514e-02,-1.861806745022247256e+01
8.353187169439922621e-02,-2.633795330628913689e+01
8.354811355162154729e-02,-2.805382521655937467e+01
8.356435540884386837e-02,-2.641332788677200938e+01
8.358059726606618944e-02,-4.558409228013879755e+01
8.359683912328851052e-02,-2.522291234126821280e+01
8.361308098051083160e-02,-2.552602252636576807e+01
8.362932283773315267e-02,-3.332213899578412963e+01
8.364556469495547375e-02,-3.262655774956152754e+01
8.366180655217779483e-02,-3.213276901643941130e+01
8.367804840940011590e-02,-3.661250045822876586e+01
8.369429026662243698e-02,-2.876642023625897693e+01
8.371053212384475806e-02,-2.480389174918602535e+01
8.372677398106707913e-02,-2.363500803190786925e+01
8.374301583828940021e-02,-2.589045212733914170e+01
8.375925769551172129e-02,-2.890562180279454907e+01
8.377549955273404236e-02,-3.232476937199023581e+01
8.379174140995636344e-02,-3.653877845730748675e+01
8.380798326717868452e-02,-3.180321177078327111e+01
8.382422512440100559e-02,-2.266141830510872524e+01
8.384046698162332667e-02,-1.982869494685989409e+01
8.385670883884564775e-02,-2.582407894461043441e+01
8.387295069606796882e-02,-2.187604808899131825e+01
8.388919255329028990e-02,-1.826502653098667039e+01
8.390543441051261098e-02,-1.790977205276652384e+01
8.392167626773493205e-02,-2.107614095828811429e+01
8.393791812495725313e-02,-2.453083718153255433e+01
8.395415998217957421e-02,-2.266074727484675222e+01
8.397040183940189528e-02,-2.892628651339533263e+01
8.398664369662421636e-02,-3.511217454956189954e+01
8.400288555384653744e-02,-2.611936047163945673e+01
8.401912741106887239e-02,-2.580845096262932259e+01
8.403536926829119347e-02,-2.358302996161346243e+01
8.405161112551351454e-02,-1.847704074453073986e+01
8.406785298273583562e-02,-1.929586612258940193e+01
8.408409483995815670e-02,-2.431614060064296723e+01
8.410033669718047777e-02,-2.203548240060904817e+01
8.411657855440279885e-02,-2.529109353111835645e+01
8.413282041162511993e-02,-2.700223161237149228e+01
8.414906226884744100e-02,-2.101476236242966777e+01
8.416530412606976208e-02,-1.903864882230932309e+01
8.418154598329208316e-02,-2.045778077962336283e+01
8.419778784051440423e-02,-2.310657705800328188e+01
8.421402969773672531e-02,-2.273735346024465542e+01
8.423027155495904639e-02,-2.343339650544807995e+01
8.424651341218136746e-02,-2.647642855540074081e+01
8.426275526940368854e-02,-3.243329138072204643e+01
8.427899712662600962e-02,-3.561078503680170826e+01
8.429523898384833069e-02,-2.536688763614892395e+01
8.431148084107065177e-02,-2.483972981650188672e+01
8.432772269829297285e-02,-2.623534353768370408e+01
8.434396455551529392e-02,-2.859870101932016695e+01
8.436020641273761500e-02,-3.030089337922214554e+01
8.437644826995993608e-02,-2.608611873780091983e+01
8.439269012718225715e-02,-2.317884939985423998e+01
8.440893198440457823e-02,-2.359710929996250073e+01
8.442517384162689931e-02,-2.844478604553799173e+01
8.444141569884922038e-02,-2.586205896349062527e+01
8.445765755607154146e-02,-2.402866953003859862e+01
8.447389941329386254e-02,-2.838310085461753118e+01
8.449014127051618361e-02,-2.617167854304788932e+01
8.450638312773850469e-02,-2.768086647536424039e+01
8.452262498496082577e-02,-2.599803821139532900e+01
8.453886684218314684e-02,-2.269283348463220662e+01
8.455510869940546792e-02,-2.894990844290902032e+01
8.457135055662778900e-02,-3.587178168527424305e+01
8.458759241385011007e-02,-3.014642234735563164e+01
8.460383427107243115e-02,-2.606955626404833737e+01
8.462007612829476610e-02,-2.507803128785294078e+01
8.463631798551708718e-02,-2.748146787349704212e+01
8.465255984273940826e-02,-3.448215598255244885e+01
8.466880169996172933e-02,-3.546697664563111374e+01
8.468504355718405041e-02,-2.951330295973937012e+01
8.470128541440637149e-02,-2.994548788347724511e+01
8.471752727162869256e-02,-2.687324089579980324e+01
8.473376912885101364e-02,-2.447949180888196707e+01
8.475001098607333472e-02,-2.381075235905708354e+01
8.476625284329565579e-02,-2.138381298162574140e+01
8.478249470051797687e-02,-2.157093118006626398e+01
8.479873655774029795e-02,-2.368219567755373589e+01
8.481497841496261902e-02,-2.223666585280771812e+01
8.483122027218494010e-02,-1.957160659492814858e+01
8.484746212940726118e-02,-1.948888506547374533e+01
8.486370398662958225e-02,-2.235324046372845785e+01
8.487994584385190333e-02,-2.831364585027744241e+01
8.489618770107422441e-02,-2.877271763027179219e+01
8.491242955829654548e-02,-2.572745752363431038e+01
8.492867141551886656e-02,-2.861210008823027096e+01
8.494491327274118764e-02,-2.721891810038589909e+01
8.496115512996350871e-02,-2.482743452695610031e+01
8.497739698718582979e-02,-3.321473749569656064e+01
8.499363884440815087e-02,-2.274690223593619365e+01
8.500988070163047194e-02,-2.499901795991859998e+01
8.502612255885279302e-02,-4.591485690318787505e+01
8.504236441607511410e-02,-4.127369535019997215e+01
8.505860627329743517e-02,-3.835928768475434936e+01
8.507484813051975625e-02,-2.858330946586315946e+01
8.509108998774207733e-02,-2.640282998276045490e+01
8.510733184496439840e-02,-3.129909654000267949e+01
8.512357370218671948e-02,-2.365928582092708155e+01
8.513981555940904056e-02,-2.280227355297599701e+01
8.515605741663136163e-02,-2.285055146758532629e+01
8.517229927385368271e-02,-2.172879173218885285e+01
8.518854113107600379e-02,-2.301934444392937351e+01
8.520478298829832486e-02,-2.763253921078970521e+01
8.522102484552064594e-02,-3.751898558788148819e+01
8.523726670274298090e-02,-3.849327326300547725e+01
8.525350855996530197e-02,-3.040200215990825683e+01
8.526975041718762305e-02,-2.859020916710670690e+01
8.528599227440994412e-02,-2.671915367944997044e+01
8.530223413163226520e-02,-2.562189678593105313e+01
8.531847598885458628e-02,-2.737926126869851018e+01
8.533471784607690735e-02,-3.021818561107464163e+01
8.535095970329922843e-02,-2.981687299092454779e+01
8.536720156052154951e-02,-3.336441857963656332e+01
8.538344341774387058e-02,-3.220140648875553069e+01
8.539968527496619166e-02,-2.471803880054561375e+01
8.541592713218851274e-02,-2.414917587563978785e+01
8.543216898941083381e-02,-3.710481473149397402e+01
8.544841084663315489e-02,-3.009206699718698275e+01
8.546465270385547597e-02,-2.492387549785716772e+01
8.548089456107779704e-02,-2.371054982647586939e+01
8.549713641830011812e-02,-2.598121915849225871e+01
8.551337827552243920e-02,-2.862245886949306239e+01
8.552962013274476027e-02,-3.655254798405545813e+01
8.554586198996708135e-02,-3.175077176357876141e+01
8.556210384718940243e-02,-3.406120926586572040e+01
8.557834570441172350e-02,-2.652630123278383323e+01
8.559458756163404458e-02,-2.401944643890340458e+01
8.561082941885636566e-02,-2.390457618366158243e+01
8.562707127607868673e-02,-2.430947658956007018e+01
8.564331313330100781e-02,-2.332693805438395174e+01
8.565955499052332889e-02,-2.404704850107123093e+01
8.567579684774564996e-02,-3.282391672295712937e+01
8.569203870496797104e-02,-3.833476692417106335e+01
8.570828056219029212e-02,-2.569240437048422621e+01
8.572452241941261319e-02,-2.621159345797123308e+01
8.574076427663493427e-02,-3.082273754811469502e+01
8.575700613385725535e-02,-2.640682762762080671e+01
8.577324799107957642e-02,-2.274820978924468307e+01
8.578948984830189750e-02,-1.874795370710363329e+01
8.580573170552421858e-02,-1.750753226845854016e+01
8.582197356274653965e-02,-1.983703613185502235e+01
8.583821541996887461e-02,-2.405338267435692501e+01
8.585445727719119569e-02,-2.983831237244962864e+01
8.587069913441351676e-02,-2.612915366987998667e+01
8.588694099163583784e-02,-2.673993248523332866e+01
8.590318284885815892e-02,-2.670476768761755793e+01
8.591942470608047999e-02,-2.945099076537133342e+01
8.593566656330280107e-02,-4.395457487994723067e+01
8.595190842052512215e-02,-3.326652758481947814e+01
8.596815027774744322e-02,-2.702375779632830799e+01
8.598439213496976430e-02,-2.470394233529830785e+01
8.600063399219208538e-02,-1.858486308400083331e+01
8.601687584941440645e-02,-1.824875271532674148e+01
8.603311770663672753e-02,-2.372126417637158369e+01
8.604935956385904861e-02,-2.829464485236101723e+01
8.606560142108136968e-02,-3.134224313630010528e+01
8.608184327830369076e-02,-3.006364703839723518e+01
8.609808513552601184e-02,-2.488196403721921257e+01
8.611432699274833291e-02,-2.136184655036867497e+01
8.613056884997065399e-02,-2.289459935550840797e+01
8.614681070719297507e-02,-2.703903282192832691e+01
8.616305256441529614e-02,-3.500098646344947895e+01
8.617929442163761722e-02,-2.642929096160441560e+01
8.619553627885993830e-02,-2.527337025091382117e+01
8.621177813608225937e-02,-2.383967063832985289e+01
8.622801999330458045e-02,-2.247540653953296186e+01
8.624426185052690152e-02,-2.653405995489637803e+01
8.626050370774922260e-02,-2.601376377140737972e+01
8.627674556497154368e-02,-3.028202040678559825e+01
8.629298742219386475e-02,-3.033505081908145229e+01
8.630922927941618583e-02,-2.690242799984633848e+01
8.632547113663850691e-02,-2.799591862227053696e+01
8.634171299386082798e-02,-2.340097409758405078e+01
8.635795485108314906e-02,-2.227966878717176158e+01
8.637419670830547014e-02,-2.258524824479762216e+01
8.639043856552779121e-02,-2.203686303207530273e+01
8.640668042275011229e-02,-2.168694188187652117e+01
8.642292227997243337e-02,-2.507538180194585919e+01
8.643916413719476832e-02,-2.875654895520787235e+01
8.645540599441708940e-02,-2.551083725438966354e+01
8.647164785163941048e-02,-2.561979352016405187e+01
8.648788970886173155e-02,-2.811494944966688792e+01
8.650413156608405263e-02,-3.510702628286009030e+01
8.652037342330637371e-02,-2.979533180976615014e+01
8.653661528052869478e-02,-2.918347061660327668e+01
8.655285713775101586e-02,-2.880015378207216870e+01
8.656909899497333694e-02,-3.643011823408856031e+01
8.658534085219565801e-02,-3.354377482103522112e+01
8.660158270941797909e-02,-3.183594658503125174e+01
8.661782456664030017e-02,-2.935585863430052811e+01
8.663406642386262124e-02,-2.623782660854366355e+01
8.665030828108494232e-02,-2.436461032037053087e+01
8.666655013830726340e-02,-3.124804050073448636e+01
8.668279199552958447e-02,-4.124197177199005182e+01
8.669903385275190555e-02,-2.997559272153547738e+01
8.671527570997422663e-02,-3.081119025438777825e+01
8.673151756719654770e-02,-2.006998481150635882e+01
8.674775942441886878e-02,-1.541851333651605671e+01
8.676400128164118986e-02,-1.605847080041010244e+01
8.678024313886351093e-02,-1.975620046222972803e+01
8.679648499608583201e-02,-2.052196873015988743e+01
8.681272685330815309e-02,-2.040372042459885549e+01
8.682896871053047416e-02,-2.001851649972670799e+01
8.684521056775279524e-02,-1.729592095760419568e+01
8.686145242497511632e-02,-1.724557079356582889e+01
8.687769428219743739e-02,-2.158862863561001078e+01
8.689393613941975847e-02,-2.553287596629923328e+01
8.691017799664207955e-02,-2.659482412012469155e+01
8.692641985386440062e-02,-2.960093337708829964e+01
8.694266171108672170e-02,-3.670531814426364292e+01
8.695890356830904278e-02,-4.113362708000729384e+01
8.697514542553136385e-02,-2.940832209414957532e+01
8.699138728275368493e-02,-2.745135685800863001e+01
8.700762913997600601e-02,-3.087808805862348294e+01
8.702387099719832708e-02,-2.306168097266235861e+01
8.704011285442066204e-02,-1.786713116936282475e+01
8.705635471164298311e-02,-2.155583988766121095e+01
8.707259656886530419e-02,-2.692311580050233744e+01
8.708883842608762527e-02,-1.871061568660955388e+01
8.710508028330994634e-02,-2.106362968773559885e+01
8.712132214053226742e-02,-2.308860515055283003e+01
8.713756399775458850e-02,-2.364208990253101916e+01
8.715380585497690957e-02,-3.216291230401418488e+01
8.717004771219923065e-02,-3.469936728689896910e+01
8.718628956942155173e-02,-3.357124976029433583e+01
8.720253142664387280e-02,-3.183568261166178814e+01
8.721877328386619388e-02,-3.001650955077501237e+01
8.723501514108851496e-02,-3.028420169015520003e+01
8.725125699831083603e-02,-2.940615816150041439e+01
8.726749885553315711e-02,-2.629791098117999582e+01
8.728374071275547819e-02,-2.339152436599088247e+01
8.729998256997779926e-02,-2.110453707456865757e+01
8.731622442720012034e-02,-2.545479964702150255e+01
8.733246628442244142e-02,-3.216302204475734072e+01
8.734870814164476249e-02,-2.851099604209004568e+01
8.736494999886708357e-02,-3.096979882283815400e+01
8.738119185608940465e-02,-3.485183185441449183e+01
8.739743371331172572e-02,-3.268109931898825948e+01
8.741367557053404680e-02,-2.520230241123333315e+01
8.742991742775636788e-02,-2.166698811462459417e+01
8.744615928497868895e-02,-2.302207890239907684e+01
8.746240114220101003e-02,-3.386265576762829710e+01
8.747864299942333111e-02,-2.821563347449371761e+01
8.749488485664565218e-02,-3.762150910921576497e+01
8.751112671386797326e-02,-2.747041517459099325e+01
8.752736857109029434e-02,-2.676014465925844377e+01
8.754361042831261541e-02,-2.428427048313344017e+01
8.755985228553493649e-02,-2.374373246112045166e+01
8.757609414275725757e-02,-2.798230189547410518e+01
8.759233599997957864e-02,-3.069921124134332047e+01
8.760857785720189972e-02,-2.441321160731809670e+01
8.762481971442422080e-02,-3.395758872607529355e+01
8.764106157164655575e-02,-2.343815012500805395e+01
8.765730342886887683e-02,-1.957704665176942171e+01
8.767354528609119790e-02,-1.993591286610370616e+01
8.768978714331351898e-02,-2.440048402040645215e+01
8.770602900053584006e-02,-3.185206299620253390e+01
8.772227085775816113e-02,-3.348297443665399697e+01
8.773851271498048221e-02,-2.770137583023616656e+01
8.775475457220280329e-02,-2.848778634915751695e+01
8.777099642942512436e-02,-2.964173042067408304e+01
8.778723828664744544e-02,-2.945204306688845008e+01
8.780348014386976652e-02,-3.169340805963414809e+01
8.781972200109208759e-02,-3.332452613184428003e+01
8.783596385831440867e-02,-3.000885174945207012e+01
8.785220571553672975e-02,-2.513274600902414591e+01
8.786844757275905082e-02,-2.682575411451342262e+01
8.788468942998137190e-02,-3.358649208441465106e+01
8.790093128720369298e-02,-3.817339726229698016e+01
8.791717314442601405e-02,-3.404356082420625285e+01
8.793341500164833513e-02,-2.515752808327581391e+01
8.794965685887065621e-02,-2.400206269396312209e+01
8.796589871609297728e-02,-2.462435339930057410e+01
8.798214057331529836e-02,-2.281719179476987591e+01
8.799838243053761944e-02,-2.296487977990830132e+01
8.801462428775994051e-02,-2.530222104926067672e+01
8.803086614498226159e-02,-2.853034217665753047e+01
8.804710800220458267e-02,-3.000555862295860976e+01
8.806334985942690374e-02,-2.846989046166363835e+01
8.807959171664922482e-02,-3.822696842523290428e+01
8.809583357387154590e-02,-2.616165511617575490e+01
8.811207543109386697e-02,-2.042639140288004285e+01
8.812831728831618805e-02,-2.091391927810807161e+01
8.814455914553850913e-02,-2.321166696613064317e+01
8.816080100276083020e-02,-2.797625329250713833e+01
8.817704285998315128e-02,-2.664191384360780290e+01
8.819328471720547236e-02,-2.091016407692629286e+01
8.820952657442779343e-02,-2.047564184889161609e+01
8.822576843165011451e-02,-2.337573184855759933e+01
8.824201028887244946e-02,-2.621998124072736402e+01
8.825825214609477054e-02,-2.589026550167663032e+01
8.827449400331709162e-02,-2.102361419574110357e+01
8.829073586053941269e-02,-1.921718016535006157e+01
8.830697771776173377e-02,-2.300730372491137388e+01
8.832321957498405485e-02,-2.863621141061639008e+01
8.833946143220637592e-02,-3.026383786668604614e+01
8.835570328942869700e-02,-2.737832288059955843e+01
8.837194514665101808e-02,-3.210948782295780290e+01
8.838818700387333915e-02,-3.376196697985121631e+01
8.840442886109566023e-02,-2.707598244407195409e+01
8.842067071831798131e-02,-2.300959565732583911e+01
8.843691257554030238e-02,-2.222025493586993861e+01
8.845315443276262346e-02,-2.480892446997300027e+01
8.846939628998494454e-02,-2.193161834608681460e+01
8.848563814720726561e-02,-1.833159208009517727e+01
8.850188000442958669e-02,-1.845804891678106330e+01
8.851812186165190777e-02,-2.357019568316573555e+01
8.853436371887422884e-02,-3.592813266090256974e+01
8.855060557609654992e-02,-2.566021925261575021e+01
8.856684743331887100e-02,-2.635709325859445329e+01
8.858308929054119207e-02,-2.555931087486117548e+01
8.859933114776351315e-02,-2.570436251078660916e+01
8.861557300498583423e-02,-2.311988058960988823e+01
8.863181486220815530e-02,-2.200489862631916793e+01
8.864805671943047638e-02,-3.260669753607048449e+01
8.866429857665279746e-02,-2.512135067841096614e+01
8.868054043387511853e-02,-2.810318223366154911e+01
8.869678229109743961e-02,-2.924350483890354013e+01
8.871302414831976069e-02,-2.845894446084871987e+01
8.872926600554208176e-02,-3.639691879198105084e+01
8.874550786276440284e-02,-3.321104858373590218e+01
8.876174971998672392e-02,-3.192236189431552518e+01
8.877799157720904499e-02,-2.649303756757397110e+01
8.879423343443136607e-02,-2.442196673207530466e+01
8.881047529165368715e-02,-2.829686533002648829e+01
8.882671714887600822e-02,-3.110882582431127830e+01
8.884295900609834318e-02,-2.968848906080170735e+01
8.885920086332066425e-02,-2.663523664360493015e+01
8.887544272054298533e-02,-2.782844100561145240e+01
8.889168457776530641e-02,-4.344568252741983372e+01
8.890792643498762748e-02,-3.677913563424355914e+01
8.892416829220994856e-02,-3.291872412600181974e+01
8.894041014943226964e-02,-3.248399996451740890e+01
8.895665200665459071e-02,-2.665123469890763985e+01
8.897289386387691179e-02,-2.407739319088191721e+01
8.898913572109923287e-02,-2.667716574506555105e+01
8.900537757832155394e-02,-3.311358999476890119e+01
8.902161943554387502e-02,-2.776861835580902138e+01
8.903786129276619610e-02,-2.655854614834601790e+01
8.905410314998851717e-02,-3.555590280277417037e+01
8.907034500721083825e-02,-2.505852812185237610e+01
8.908658686443315933e-02,-2.903664926175555294e+01
8.910282872165548040e-02,-3.190651706523178177e+01
8.911907057887780148e-02,-3.019307629998216669e+01
8.913531243610012256e-02,-2.884508596829434168e+01
8.915155429332244363e-02,-2.767835556217514892e+01
8.916779615054476471e-02,-2.511147703833421119e+01
8.918403800776708579e-02,-2.128832377403256615e+01
8.920027986498940686e-02,-2.017401936827390685e+01
8.921652172221172794e-02,-2.078787399810354231e+01
8.923276357943404902e-02,-2.606858194894393677e+01
8.924900543665637009e-02,-3.689434358787895718e+01
8.926524729387869117e-02,-2.615901498279553294e+01
8.928148915110101225e-02,-2.923792316143003944e+01
8.929773100832333332e-02,-6.198878439580400368e+01
8.931397286554565440e-02,-3.493597604458022943e+01
8.933021472276797548e-02,-3.468938386652487793e+01
8.934645657999029655e-02,-2.451465002415215011e+01
8.936269843721261763e-02,-2.171331141968413192e+01
8.937894029443493871e-02,-2.561728596113782785e+01
8.939518215165725978e-02,-3.854820084455757723e+01
8.941142400887958086e-02,-2.947803492872094466e+01
8.942766586610190194e-02,-2.554171339007175590e+01
8.944390772332423689e-02,-2.558065617727129037e+01
8.946014958054655797e-02,-2.983956621246974450e+01
8.947639143776887904e-02,-2.795391069028938347e+01
8.949263329499120012e-02,-2.275283700552322586e+01
8.950887515221352120e-02,-2.426573407390449688e+01
8.952511700943584227e-02,-2.591386821957043907e+01
8.954135886665816335e-02,-2.062609416498800385e+01
8.955760072388048443e-02,-2.094970709207401427e+01
8.957384258110280550e-02,-2.893042242641089956e+01
8.959008443832512658e-02,-1.865918949329758902e+01
8.960632629554744766e-02,-1.807653931222338173e+01
8.962256815276976873e-02,-2.486539183724297430e+01
8.963881000999208981e-02,-3.382912019399071113e+01
8.965505186721441089e-02,-2.772522317662419056e+01
8.967129372443673196e-02,-2.523521448860567062e+01
8.968753558165905304e-02,-3.364536369481778166e+01
8.970377743888137412e-02,-2.582018208928414182e+01
8.972001929610369519e-02,-2.346404816605839017e+01
8.973626115332601627e-02,-3.019409048871577284e+01
8.975250301054833735e-02,-2.662001558916954735e+01
8.976874486777065842e-02,-2.140686398434196036e+01
8.978498672499297950e-02,-2.175908248241757548e+01
8.980122858221530058e-02,-2.627574358777515684e+01
8.981747043943762165e-02,-3.075269022530652308e+01
8.983371229665994273e-02,-2.877223284596617958e+01
8.984995415388226381e-02,-2.532998676783273950e+01
8.986619601110458488e-02,-3.406095036681068677e+01
8.988243786832690596e-02,-2.559284796087944613e+01
8.989867972554922704e-02,-2.162657295757176357e+01
8.991492158277154811e-02,-2.082521134928539297e+01
8.993116343999386919e-02,-1.826333465981767645e+01
8.994740529721619027e-02,-2.029908151206127087e+01
8.996364715443851134e-02,-3.408554778997588386e+01
8.997988901166083242e-02,-2.444992710566769745e+01
8.999613086888315350e-02,-2.245938485293322984e+01
9.001237272610547457e-02,-2.337039200755151924e+01
9.002861458332779565e-02,-3.094108318299217331e+01
9.004485644055013061e-02,-2.946503201399851690e+01
9.006109829777245168e-02,-2.232406170981203530e+01
9.007734015499477276e-02,-1.790572059708522801e+01
9.009358201221709384e-02,-1.731139992161574526e+01
9.010982386943941491e-02,-2.202937219388794432e+01
9.012606572666173599e-02,-2.927168835346231646e+01
9.014230758388405707e-02,-3.182071002793276904e+01
9.015854944110637814e-02,-2.593869535950043215e+01
9.017479129832869922e-02,-4.130504382605011671e+01
9.019103315555102029e-02,-2.610348846912140530e+01
9.020727501277334137e-02,-2.426513209112889058e+01
9.022351686999566245e-02,-2.433441707263059328e+01
9.023975872721798352e-02,-2.487924313333472881e+01
9.025600058444030460e-02,-2.857706238872171411e+01
9.027224244166262568e-02,-2.950027443127455129e+01
9.028848429888494675e-02,-2.350982335514551025e+01
9.030472615610726783e-02,-2.282851352529220534e+01
9.032096801332958891e-02,-2.475279642951330317e+01
9.033720987055190998e-02,-2.652263339949762155e+01
9.035345172777423106e-02,-3.114300447824283680e+01
9.036969358499655214e-02,-3.458729672589192461e+01
9.038593544221887321e-02,-2.453815050517826535e+01
9.040217729944119429e-02,-1.916610227954413759e+01
9.041841915666351537e-02,-2.147914087427011154e+01
9.043466101388583644e-02,-2.948816104219344680e+01
9.045090287110815752e-02,-2.160130783417588418e+01
9.046714472833047860e-02,-2.006306243569462566e+01
9.048338658555279967e-02,-2.099600685982991166e+01
9.049962844277512075e-02,-2.329071118406968566e+01
9.051587029999744183e-02,-2.259966335448054764e+01
9.053211215721976290e-02,-2.637061239141828395e+01
9.054835401444208398e-02,-3.226375058549359665e+01
9.056459587166440506e-02,-2.533499375492901962e+01
9.058083772888672613e-02,-2.585457089421159793e+01
9.059707958610904721e-02,-2.738469039063634725e+01
9.061332144333136829e-02,-2.914915097406829148e+01
9.062956330055368936e-02,-4.555355284693920481e+01
9.064580515777602432e-02,-3.500013563877304534e+01
9.066204701499834540e-02,-2.698616707577725649e+01
9.067828887222066647e-02,-2.090147525238164405e+01
9.069453072944298755e-02,-2.226760661195512725e+01
9.071077258666530863e-02,-2.382357290797897065e+01
9.072701444388762970e-02,-2.303688814456841527e+01
9.074325630110995078e-02,-2.182323446523725252e+01
9.075949815833227186e-02,-2.516372609979167763e+01
9.077574001555459293e-02,-2.913821015168739592e+01
9.079198187277691401e-02,-3.000992018682362072e+01
9.080822372999923509e-02,-3.130334080391245166e+01
9.082446558722155616e-02,-3.021000284839802674e+01
9.084070744444387724e-02,-3.868198362674008450e+01
9.085694930166619832e-02,-2.895173962134551360e+01
9.087319115888851939e-02,-2.239685648339472834e+01
9.088943301611084047e-02,-2.117749785872218737e+01
9.090567487333316155e-02,-2.371860974264773958e+01
9.092191673055548262e-02,-2.712195303748691089e+01
9.093815858777780370e-02,-2.848587298143799273e+01
9.095440044500012478e-02,-3.138109263308417241e+01
9.097064230222244585e-02,-3.392460106874695214e+01
9.098688415944476693e-02,-3.066838235177782934e+01
9.100312601666708801e-02,-3.041341335203976115e+01
9.101936787388940908e-02,-2.706037929479620630e+01
9.103560973111173016e-02,-2.303926273302171168e+01
9.105185158833405124e-02,-2.833139923520037939e+01
9.106809344555637231e-02,-2.783210668012182865e+01
9.108433530277869339e-02,-2.925695078851708075e+01
9.110057716000101447e-02,-2.972638675455005597e+01
9.111681901722333554e-02,-2.351603817929833085e+01
9.113306087444565662e-02,-2.236717935698785453e+01
9.114930273166797770e-02,-2.048962291649838363e+01
9.116554458889029877e-02,-2.169817932273014804e+01
9.118178644611261985e-02,-2.592220640168994095e+01
9.119802830333494092e-02,-2.569594066411226407e+01
9.121427016055726200e-02,-3.297323513878020407e+01
9.123051201777958308e-02,-3.106252099954412316e+01
9.124675387500191803e-02,-2.350129273716861533e+01
9.126299573222423911e-02,-2.159652526067628031e+01
9.127923758944656019e-02,-2.218565728779907076e+01
9.129547944666888126e-02,-1.958229462917968533e+01
9.131172130389120234e-02,-1.772531514612813552e+01
9.132796316111352342e-02,-1.762822980235581483e+01
9.134420501833584449e-02,-2.013317570105836651e+01
9.136044687555816557e-02,-2.759887275277208829e+01
9.137668873278048665e-02,-3.051284025853268389e+01
9.139293059000280772e-02,-2.548618323003136510e+01
9.140917244722512880e-02,-2.383122413697406472e+01
9.142541430444744988e-02,-2.065050051161157896e+01
9.144165616166977095e-02,-1.924294736837108744e+01
9.145789801889209203e-02,-2.023734152652631479e+01
9.147413987611441311e-02,-2.152015634732947902e+01
9.149038173333673418e-02,-2.630737144400610106e+01
9.150662359055905526e-02,-2.795095164776703456e+01
9.152286544778137634e-02,-1.953256989490363438e+01
9.153910730500369741e-02,-1.863533967356317333e+01
9.155534916222601849e-02,-2.150961555901302802e+01
9.157159101944833957e-02,-2.467738157807757915e+01
9.158783287667066064e-02,-2.312748428084782759e+01
9.160407473389298172e-02,-2.225286762527536766e+01
9.162031659111530280e-02,-2.147005849775835529e+01
9.163655844833762387e-02,-2.333253863028412312e+01
9.165280030555994495e-02,-3.159361136404578829e+01
9.166904216278226603e-02,-2.461435208175809919e+01
9.168528402000458710e-02,-2.213145472780510659e+01
9.170152587722690818e-02,-2.188331973160007138e+01
9.171776773444922926e-02,-1.966666522678731965e+01
9.173400959167155033e-02,-1.918436334712108504e+01
9.175025144889387141e-02,-2.195762252166243655e+01
9.176649330611619249e-02,-3.173791898863416705e+01
9.178273516333851356e-02,-3.035593674387023455e+01
9.179897702056083464e-02,-2.540989558163884610e+01
9.181521887778315572e-02,-2.357513488240979882e+01
9.183146073500547679e-02,-2.531169249325593285e+01
9.184770259222781175e-02,-3.188281540958041305e+01
9.186394444945013282e-02,-2.398659576905594193e+01
9.188018630667245390e-02,-2.211408778968480249e+01
9.189642816389477498e-02,-2.504664357227430216e+01
9.191267002111709605e-02,-2.969370656350600512e+01
9.192891187833941713e-02,-2.602648823209850093e+01
9.194515373556173821e-02,-2.575024367175294060e+01
9.196139559278405928e-02,-2.740005042840848759e+01
9.197763745000638036e-02,-2.364163795204213159e+01
9.199387930722870144e-02,-2.129556783242254170e+01
9.201012116445102251e-02,-1.953711552192823930e+01
9.202636302167334359e-02,-1.856600919405300942e+01
9.204260487889566467e-02,-1.781839171396541488e+01
9.205884673611798574e-02,-2.016332559283224413e+01
9.207508859334030682e-02,-2.198235255496016549e+01
9.209133045056262790e-02,-2.161416026307592375e+01
9.210757230778494897e-02,-2.918850166445425742e+01
9.212381416500727005e-02,-5.012327274071327565e+01
9.214005602222959113e-02,-4.977190259858691945e+01
9.215629787945191220e-02,-2.647667664372530183e+01
9.217253973667423328e-02,-2.351251563606980710e+01
9.218878159389655436e-02,-2.319894865017596430e+01
9.220502345111887543e-02,-1.935129227706791610e+01
9.222126530834119651e-02,-1.859743256382440890e+01
9.223750716556351759e-02,-1.887406640901463106e+01
9.225374902278583866e-02,-2.039217123060993941e+01
9.226999088000815974e-02,-2.594220736874662236e+01
9.228623273723048082e-02,-2.958231669916141726e+01
9.230247459445280189e-02,-3.096766401478957320e+01
9.231871645167512297e-02,-3.359738076494819836e+01
9.233495830889744405e-02,-3.167601588361540266e+01
9.235120016611976512e-02,-2.542508072129262686e+01
9.236744202334208620e-02,-2.231035460704278606e+01
9.238368388056440728e-02,-2.803844722050273575e+01
9.239992573778672835e-02,-2.528158866472453781e+01
9.241616759500904943e-02,-2.652833711573650533e+01
9.243240945223137051e-02,-3.114852813858274416e+01
9.244865130945369158e-02,-2.974231542379343196e+01
9.246489316667602654e-02,-2.877746519952146542e+01
9.248113502389834761e-02,-2.881964527356359085e+01
9.249737688112066869e-02,-3.350301657846581094e+01
9.251361873834298977e-02,-3.006920589325085302e+01
9.252986059556531084e-02,-2.308208895707927155e+01
9.254610245278763192e-02,-2.221582879015995360e+01
9.256234431000995300e-02,-3.734982603727183914e+01
9.257858616723227407e-02,-2.573130105493171271e+01
9.259482802445459515e-02,-2.065461202951274089e+01
9.261106988167691623e-02,-1.992012532022907934e+01
9.262731173889923730e-02,-2.513542730216363452e+01
9.264355359612155838e-02,-2.606883213981063108e+01
9.265979545334387946e-02,-2.370081584757271287e+01
9.267603731056620053e-02,-2.321044810058722874e+01
9.269227916778852161e-02,-2.601621870677222503e+01
9.270852102501084269e-02,-2.563566164491692234e+01
9.272476288223316376e-02,-2.643524685573549959e+01
9.274100473945548484e-02,-4.883279312341383616e+01
9.275724659667780592e-02,-2.451954555941281200e+01
9.277348845390012699e-02,-1.997097874445405807e+01
9.278973031112244807e-02,-2.038428664174931626e+01
9.280597216834476915e-02,-2.480555453795398435e+01
9.282221402556709022e-02,-3.174428079437608119e+01
9.283845588278941130e-02,-3.154413106501042918e+01
9.285469774001173238e-02,-2.900873363405336747e+01
9.287093959723405345e-02,-3.151878081054403680e+01
9.288718145445637453e-02,-3.348626357869165560e+01
9.290342331167869561e-02,-3.600352001950474801e+01
9.291966516890101668e-02,-2.828604025299399183e+01
9.293590702612333776e-02,-2.238252683813755084e+01
9.295214888334565884e-02,-2.024355366167975490e+01
9.296839074056797991e-02,-2.030860866857151947e+01
9.298463259779030099e-02,-2.056751933016511202e+01
9.300087445501262207e-02,-2.221971930539319828e+01
9.301711631223494314e-02,-4.696368898270606707e+01
9.303335816945726422e-02,-2.144724503611046273e+01
9.304960002667958530e-02,-2.271641359524005921e+01
9.306584188390192025e-02,-2.498746190540282797e+01
9.308208374112424133e-02,-2.107465711339080983e+01
9.309832559834656240e-02,-2.417954380322985841e+01
9.311456745556888348e-02,-2.592456579826635732e+01
9.313080931279120456e-02,-2.535414747958622073e+01
9.314705117001352563e-02,-2.715760999919141128e+01
9.316329302723584671e-02,-2.966602772249163777e+01
9.317953488445816779e-02,-2.958063906370163920e+01
9.319577674168048886e-02,-2.343385116700491011e+01
9.321201859890280994e-02,-2.896079724540936340e+01
9.322826045612513102e-02,-2.852280422070591825e+01
9.324450231334745209e-02,-2.508391640839790426e+01
9.326074417056977317e-02,-3.657943860725491447e+01
9.327698602779209425e-02,-3.238645275892455544e+01
9.329322788501441532e-02,-2.800430291688023487e+01
9.330946974223673640e-02,-2.508567394811311146e+01
9.332571159945905748e-02,-2.344238283013069335e+01
9.334195345668137855e-02,-2.504190000930087479e+01
9.335819531390369963e-02,-3.957905906786450601e+01
9.337443717112602071e-02,-3.114378837813984546e+01
9.339067902834834178e-02,-3.052950161981496535e+01
9.340692088557066286e-02,-2.188277606251029184e+01
9.342316274279298394e-02,-1.720205647364315382e+01
9.343940460001530501e-02,-1.802831260210966491e+01
9.345564645723762609e-02,-2.202181532452602042e+01
9.347188831445994717e-02,-2.233131826992349289e+01
9.348813017168226824e-02,-2.592421164535704747e+01
9.350437202890458932e-02,-2.983269369022858442e+01
9.352061388612691040e-02,-3.094518103512804785e+01
9.353685574334923147e-02,-2.858399747719213124e+01
9.355309760057155255e-02,-2.640203592529986310e+01
9.356933945779387363e-02,-3.738418673237311651e+01
9.358558131501619470e-02,-3.226891556947745698e+01
9.360182317223851578e-02,-3.376677902221129557e+01
9.361806502946083686e-02,-4.422176524967742495e+01
9.363430688668315793e-02,-3.075480385588758026e+01
9.365054874390547901e-02,-2.691244101384940279e+01
9.366679060112781396e-02,-2.170027600051320604e+01
9.368303245835013504e-02,-1.943893753474976904e+01
9.369927431557245612e-02,-2.147404107785119720e+01
9.371551617279477719e-02,-2.935604285324301799e+01
9.373175803001709827e-02,-3.324148322438278313e+01
9.374799988723941935e-02,-2.915125489153765770e+01
9.376424174446174042e-02,-2.562298745150124901e+01
9.378048360168406150e-02,-2.768079764419888988e+01
9.379672545890638258e-02,-4.090635615838978367e+01
9.381296731612870365e-02,-2.594619308336605812e+01
9.382920917335102473e-02,-3.534682119526079447e+01
9.384545103057334581e-02,-2.723966912332112855e+01
9.386169288779566688e-02,-2.978892731519839288e+01
9.387793474501798796e-02,-3.230376946554247297e+01
9.389417660224030904e-02,-2.792193219682036442e+01
9.391041845946263011e-02,-3.434954263363486149e+01
9.392666031668495119e-02,-3.685597870229398865e+01
9.394290217390727227e-02,-3.034994475467247810e+01
9.395914403112959334e-02,-2.461848610040578222e+01
9.397538588835191442e-02,-2.158228338395618451e+01
9.399162774557423550e-02,-2.144199270804708846e+01
9.400786960279655657e-02,-2.996338454471289481e+01
9.402411146001887765e-02,-3.543140132030118394e+01
9.404035331724119873e-02,-2.497127316153668630e+01
9.405659517446351980e-02,-1.940037040817455960e+01
9.407283703168584088e-02,-1.861770222570815392e+01
9.408907888890816196e-02,-1.841862375254376261e+01
9.410532074613048303e-02,-2.086916260623627295e+01
9.412156260335280411e-02,-2.613978799744550585e+01
9.413780446057512519e-02,-2.672497688410029326e+01
9.415404631779744626e-02,-3.079973698659184933e+01
9.417028817501976734e-02,-2.744532376615180169e+01
9.418653003224208842e-02,-2.419998136442158554e+01
9.420277188946440949e-02,-2.229412858430411148e+01
9.421901374668673057e-02,-2.403075908543983985e+01
9.423525560390905165e-02,-2.618287018000676625e+01
9.425149746113137272e-02,-2.768104034695004856e+01
9.426773931835370768e-02,-5.150678148125685141e+01
9.428398117557602875e-02,-2.523463238947677922e+01
9.430022303279834983e-02,-2.176751878768974535e+01
9.431646489002067091e-02,-2.578636240484417286e+01
9.433270674724299198e-02,-2.846451473259947207e+01
9.434894860446531306e-02,-2.351809626856904600e+01
9.436519046168763414e-02,-2.521495330342084884e+01
9.438143231890995521e-02,-3.109946303130445244e+01
9.439767417613227629e-02,-2.696997654488193774e+01
9.441391603335459737e-02,-2.499837189476151877e+01
9.443015789057691844e-02,-3.700561979545172164e+01
9.444639974779923952e-02,-2.985584071967810615e+01
9.446264160502156060e-02,-3.536784622245480136e+01
9.447888346224388167e-02,-3.941433105191843822e+01
9.449512531946620275e-02,-2.819112025889043593e+01
9.451136717668852383e-02,-2.778316671548007122e+01
9.452760903391084490e-02,-2.892573885064950190e+01
9.454385089113316598e-02,-2.265386867171105933e+01
9.456009274835548706e-02,-2.536452153618573391e+01
9.457633460557780813e-02,-3.031616347072316131e+01
9.459257646280012921e-02,-2.742576010316345503e+01
9.460881832002245029e-02,-3.094266822998670108e+01
9.462506017724477136e-02,-2.928445085554497496e+01
9.464130203446709244e-02,-2.284633077365579723e+01
9.465754389168941352e-02,-2.387785068671060884e+01
9.467378574891173459e-02,-2.644442824876362863e+01
9.469002760613405567e-02,-3.269777156388184380e+01
9.470626946335637675e-02,-1.970560697084146184e+01
9.472251132057869782e-02,-1.784923550895049260e+01
9.473875317780101890e-02,-2.145077533855538121e+01
9.475499503502333998e-02,-2.728282858276484291e+01
9.477123689224566105e-02,-3.012481593355521170e+01
9.478747874946798213e-02,-2.792842133508548841e+01
9.480372060669030321e-02,-2.377610830287854071e+01
9.481996246391262428e-02,-2.440173754953168128e+01
9.483620432113494536e-02,-2.575793520020210892e+01
9.485244617835726644e-02,-2.517930804885295970e+01
9.486868803557960139e-02,-2.488281341902277788e+01
9.488492989280192247e-02,-2.504010810210023408e+01
9.490117175002424355e-02,-3.096699196271808319e+01
9.491741360724656462e-02,-2.367108917365797893e+01
9.493365546446888570e-02,-1.976690150207858920e+01
9.494989732169120678e-02,-2.196763286802779191e+01
9.496613917891352785e-02,-2.649269075872469870e+01
9.498238103613584893e-02,-2.529716577793733379e+01
9.499862289335817001e-02,-2.603069693593874234e+01
9.501486475058049108e-02,-3.733614071624305097e+01
9.503110660780281216e-02,-3.057568679289581581e+01
9.504734846502513324e-02,-2.841302995055425384e+01
9.506359032224745431e-02,-3.269642881267471779e+01
9.507983217946977539e-02,-1.976442625821103150e+01
9.509607403669209647e-02,-1.603223682410823869e+01
9.511231589391441754e-02,-1.758265673993712852e+01
9.512855775113673862e-02,-2.168372753826682597e+01
9.514479960835905969e-02,-2.479380358587699362e+01
9.516104146558138077e-02,-2.680528456439046181e+01
9.517728332280370185e-02,-2.922300392274491898e+01
9.519352518002602292e-02,-2.996853897650273524e+01
9.520976703724834400e-02,-2.576684194845215359e+01
9.522600889447066508e-02,-2.258126732680744198e+01
9.524225075169298615e-02,-2.187344854095179869e+01
9.525849260891530723e-02,-2.622474345689312258e+01
9.527473446613762831e-02,-2.836222234128359077e+01
9.529097632335994938e-02,-2.677066923233227058e+01
9.530721818058227046e-02,-3.215092148900468771e+01
9.532346003780459154e-02,-2.714650782158612685e+01
9.533970189502691261e-02,-2.233172303740093767e+01
9.535594375224923369e-02,-3.005567944820233350e+01
9.537218560947155477e-02,-3.297188958010757176e+01
9.538842746669387584e-02,-4.594750794559452345e+01
9.540466932391619692e-02,-2.995996851334263056e+01
9.542091118113851800e-02,-3.110107037106333294e+01
9.543715303836083907e-02,-2.499071464084873995e+01
9.545339489558316015e-02,-2.514418631490665490e+01
9.546963675280549511e-02,-3.207011546250060974e+01
9.548587861002781618e-02,-2.476842316022458945e+01
9.550212046725013726e-02,-1.824789571368137331e+01
9.551836232447245834e-02,-1.718570222654846091e+01
9.553460418169477941e-02,-1.836081685128371177e+01
9.555084603891710049e-02,-2.055109193969812154e+01
9.556708789613942157e-02,-2.436037684807905634e+01
9.558332975336174264e-02,-2.709858100662405178e+01
9.559957161058406372e-02,-3.056697554824128815e+01
9.561581346780638480e-02,-2.864556380740170027e+01
9.563205532502870587e-02,-2.875539572346220041e+01
9.564829718225102695e-02,-3.157102811344248394e+01
9.566453903947334803e-02,-2.533191854553166067e+01
9.568078089669566910e-02,-2.069904547947928464e+01
9.569702275391799018e-02,-2.330818493660317259e+01
9.571326461114031126e-02,-2.997796914777683952e+01
9.572950646836263233e-02,-3.301475307459465824e+01
9.574574832558495341e-02,-3.395278933963832202e+01
9.576199018280727449e-02,-3.108555927581060985e+01
9.577823204002959556e-02,-2.969748479709981837e+01
9.579447389725191664e-02,-3.141083816042764099e+01
9.581071575447423772e-02,-2.349257943327631892e+01
9.582695761169655879e-02,-2.096900866449612977e+01
9.584319946891887987e-02,-2.174646942146723205e+01
9.585944132614120095e-02,-2.582508233421650345e+01
9.587568318336352202e-02,-3.478845621303604219e+01
9.589192504058584310e-02,-2.776368772967049736e+01
9.590816689780816418e-02,-2.360830863357662324e+01
9.592440875503048525e-02,-1.924510787496354425e+01
9.594065061225280633e-02,-1.968746925855437269e+01
9.595689246947512741e-02,-2.746944623949706710e+01
9.597313432669744848e-02,-3.387228112004023473e+01
9.598937618391976956e-02,-2.506473611708770832e+01
9.600561804114209064e-02,-2.339071653682475471e+01
9.602185989836441171e-02,-3.730471424291069127e+01
9.603810175558673279e-02,-2.506141445649017285e+01
9.605434361280905387e-02,-3.188002436084097369e+01
9.607058547003138882e-02,-2.611252304969863047e+01
9.608682732725370990e-02,-2.356627635812222366e+01
9.610306918447603097e-02,-2.501021741780033381e+01
9.611931104169835205e-02,-2.565691712881296382e+01
9.613555289892067313e-02,-3.161083363845490624e+01
9.615179475614299420e-02,-3.798549037975767106e+01
9.616803661336531528e-02,-4.966783150614271847e+01
9.618427847058763636e-02,-3.156285749683956254e+01
9.620052032780995743e-02,-3.748243417846478565e+01
9.621676218503227851e-02,-2.293805249541185987e+01
9.623300404225459959e-02,-2.033548266715704855e+01
9.624924589947692066e-02,-2.059379431427854001e+01
9.626548775669924174e-02,-2.115058917590819476e+01
9.628172961392156282e-02,-2.488458238163198999e+01
9.629797147114388389e-02,-2.908674958840251179e+01
9.631421332836620497e-02,-2.696790008050379583e+01
9.633045518558852605e-02,-3.110174140917095542e+01
9.634669704281084712e-02,-2.909540897527655900e+01
9.636293890003316820e-02,-2.401183515413240599e+01
9.637918075725548928e-02,-2.560055363435980524e+01
9.639542261447781035e-02,-3.078339346403205923e+01
9.641166447170013143e-02,-3.247910388737823695e+01
9.642790632892245251e-02,-3.296434255361235444e+01
9.644414818614477358e-02,-2.510695268092664634e+01
9.646039004336709466e-02,-2.160044191693329196e+01
9.647663190058941574e-02,-2.478261603302047433e+01
9.649287375781173681e-02,-2.405602752529514632e+01
9.650911561503405789e-02,-1.989332618459246760e+01
9.652535747225637897e-02,-2.094859270067849621e+01
9.654159932947870004e-02,-2.874143398858364407e+01
9.655784118670102112e-02,-2.412016528365897727e+01
9.657408304392334220e-02,-1.995415053642235392e+01
9.659032490114566327e-02,-1.752992376449057232e+01
9.660656675836798435e-02,-1.707754907562773639e+01
9.662280861559030543e-02,-1.900414054790121909e+01
9.663905047281262650e-02,-2.541660404164538889e+01
9.665529233003494758e-02,-4.100416645506749092e+01
9.667153418725728253e-02,-3.794968064185706424e+01
9.668777604447960361e-02,-2.693317576822655468e+01
9.670401790170192469e-02,-2.066203193692913942e+01
9.672025975892424576e-02,-2.041838501260585303e+01
9.673650161614656684e-02,-2.127321796158387102e+01
9.675274347336888792e-02,-2.462835309106036874e+01
9.676898533059120899e-02,-3.036383300085578085e+01
9.678522718781353007e-02,-2.822949531488080055e+01
9.680146904503585115e-02,-2.827148639551145948e+01
9.681771090225817222e-02,-3.248808285365011272e+01
9.683395275948049330e-02,-1.869859358865568666e+01
9.685019461670281438e-02,-1.717337911702800923e+01
9.686643647392513545e-02,-2.127507707599351505e+01
9.688267833114745653e-02,-2.537009842826054751e+01
9.689892018836977761e-02,-2.493144915010896767e+01
9.691516204559209868e-02,-2.492576453577765960e+01
9.693140390281441976e-02,-2.762593483294427443e+01
9.694764576003674084e-02,-3.300947017267315431e+01
9.696388761725906191e-02,-2.836701298318100584e+01
9.698012947448138299e-02,-2.382663943607625612e+01
9.699637133170370407e-02,-3.054092985099590862e+01
9.701261318892602514e-02,-2.724489643644567138e+01
9.702885504614834622e-02,-2.715401817489897240e+01
9.704509690337066730e-02,-3.203475492623434207e+01
9.706133876059298837e-02,-3.214480660295448899e+01
9.707758061781530945e-02,-3.544457009923937107e+01
9.709382247503763053e-02,-2.820308745037799625e+01
9.711006433225995160e-02,-2.549233082352676405e+01
9.712630618948227268e-02,-2.603074002341893589e+01
9.714254804670459376e-02,-3.792460496019020866e+01
9.715878990392691483e-02,-2.412442886706999445e+01
9.717503176114923591e-02,-2.150101783254051924e+01
9.719127361837155699e-02,-1.989388970121023803e+01
9.720751547559387806e-02,-1.801637189886773172e+01
9.722375733281619914e-02,-1.868017794176430613e+01
9.723999919003852022e-02,-2.269030421447054380e+01
9.725624104726084129e-02,-2.413882450521972345e+01
9.727248290448317625e-02,-2.416372256584694611e+01
9.728872476170549732e-02,-2.857863612367068384e+01
9.730496661892781840e-02,-3.070940497610342135e+01
9.732120847615013948e-02,-2.190049192489735930e+01
9.733745033337246055e-02,-2.038895021360072235e+01
9.735369219059478163e-02,-2.598508225616179601e+01
9.736993404781710271e-02,-4.179739625920579726e+01
9.738617590503942378e-02,-3.188535968847364543e+01
9.740241776226174486e-02,-2.813760669526181601e+01
9.741865961948406594e-02,-2.519037644986499203e+01
9.743490147670638701e-02,-2.762409328172113732e+01
9.745114333392870809e-02,-3.252611627383484461e+01
9.746738519115102917e-02,-3.195141253878516352e+01
9.748362704837335024e-02,-2.661166843094447643e+01
9.749986890559567132e-02,-2.354104477637330461e+01
9.751611076281799240e-02,-2.326820931892775235e+01
9.753235262004031347e-02,-2.139026252687791896e+01
9.754859447726263455e-02,-2.044647245277648295e+01
9.756483633448495563e-02,-2.482131787991210459e+01
9.758107819170727670e-02,-2.806169296738117680e+01
9.759732004892959778e-02,-2.446166211894652420e+01
9.761356190615191886e-02,-2.193258468023670815e+01
9.762980376337423993e-02,-2.264892049683098918e+01
9.764604562059656101e-02,-2.421892498295818896e+01
9.766228747781888209e-02,-2.121104735019180509e+01
9.767852933504120316e-02,-2.392800560996112935e+01
9.769477119226352424e-02,-3.050620354951485780e+01
9.771101304948584532e-02,-2.284359427043853330e+01
9.772725490670816639e-02,-1.915001698384048368e+01
9.774349676393048747e-02,-2.055805730796242869e+01
9.775973862115280855e-02,-2.640957584413386172e+01
9.777598047837512962e-02,-3.025281663906345386e+01
9.779222233559745070e-02,-3.022259799866379737e+01
9.780846419281977178e-02,-3.310020011845835342e+01
9.782470605004209285e-02,-3.017348339600014029e+01
9.784094790726441393e-02,-2.639797592564529083e+01
9.785718976448673501e-02,-2.547986944842904578e+01
9.787343162170906996e-02,-3.250352753840738274e+01
9.788967347893139104e-02,-3.108396128546589665e+01
9.790591533615371211e-02,-2.083075964055577245e+01
9.792215719337603319e-02,-2.139410997573008189e+01
9.793839905059835427e-02,-2.800150864080519497e+01
9.795464090782067534e-02,-2.329197518040437487e+01
9.797088276504299642e-02,-3.211568439153844423e+01
9.798712462226531750e-02,-3.184515618902622691e+01
9.800336647948763857e-02,-3.810245462431343810e+01
9.801960833670995965e-02,-2.915410855417457014e+01
9.803585019393228073e-02,-3.287843269746400665e+01
9.805209205115460180e-02,-2.452689477859343725e+01
9.806833390837692288e-02,-2.155893252463446430e+01
9.808457576559924396e-02,-2.548560536093560103e+01
9.810081762282156503e-02,-2.650096275493175568e+01
9.811705948004388611e-02,-2.703987516296935212e+01
9.813330133726620719e-02,-2.864406661536362719e+01
9.814954319448852826e-02,-2.943155906898359575e+01
9.816578505171084934e-02,-2.371771655334573836e+01
9.818202690893317042e-02,-2.502162247507066084e+01
9.819826876615549149e-02,-3.538567799983291451e+01
9.821451062337781257e-02,-2.333657919506160994e+01
9.823075248060013365e-02,-2.038827990723149952e+01
9.824699433782245472e-02,-2.159403182985197844e+01
9.826323619504477580e-02,-2.811602321360846091e+01
9.827947805226709688e-02,-4.429072582557402882e+01
9.829571990948941795e-02,-3.802772007733662463e+01
9.831196176671173903e-02,-3.206779408547430421e+01
9.832820362393406011e-02,-2.712406739477923878e+01
9.834444548115638118e-02,-2.328345785956960867e+01
9.836068733837870226e-02,-2.216225197391336366e+01
9.837692919560102334e-02,-2.028265152474077837e+01
9.839317105282334441e-02,-2.148223469464700486e+01
9.840941291004566549e-02,-2.336662865821310220e+01
9.842565476726798657e-02,-2.554802798249130547e+01
9.844189662449030764e-02,-1.985440793289232531e+01
9.845813848171262872e-02,-1.902343549380456977e+01
9.847438033893496367e-02,-2.231897734927569132e+01
9.849062219615728475e-02,-2.392011921219064163e+01
9.850686405337960583e-02,-2.312328750870979022e+01
9.852310591060192690e-02,-2.693277936839773545e+01
9.853934776782424798e-02,-3.296379003846055866e+01
9.855558962504656906e-02,-2.776414515777679526e+01
9.857183148226889013e-02,-2.468558107718960315e+01
9.858807333949121121e-02,-1.970699661634169431e+01
9.860431519671353229e-02,-2.531073576342322440e+01
9.862055705393585336e-02,-2.772197820569528659e+01
9.863679891115817444e-02,-2.216591197952017112e+01
9.865304076838049552e-02,-2.190266660253412212e+01
9.866928262560281659e-02,-2.779961222558051048e+01
9.868552448282513767e-02,-3.088639070745992399e+01
9.870176634004745875e-02,-3.055879760310586946e+01
9.871800819726977982e-02,-2.813204828778996003e+01
9.873425005449210090e-02,-2.122444558593106478e+01
9.875049191171442198e-02,-1.839099437009269522e+01
9.876673376893674305e-02,-1.811936415610925977e+01
9.878297562615906413e-02,-1.888090789639754163e+01
9.879921748338138521e-02,-1.957958366698240482e+01
9.881545934060370628e-02,-2.167452870470166459e+01
9.883170119782602736e-02,-2.695096265218932174e+01
9.884794305504834844e-02,-2.259409166991801499e+01
9.886418491227066951e-02,-2.378074107010943550e+01
9.888042676949299059e-02,-2.992804369858177793e+01
9.889666862671531167e-02,-2.072121372255921301e+01
9.891291048393763274e-02,-2.231296093785060464e+01
9.892915234115995382e-02,-2.829359879492288599e+01
9.894539419838227490e-02,-3.518770138347137788e+01
9.896163605560459597e-02,-3.126004055286443162e+01
9.897787791282691705e-02,-2.615274174686413033e+01
9.899411977004923813e-02,-2.971184293187752701e+01
9.901036162727155920e-02,-3.424883347110461784e+01
9.902660348449388028e-02,-3.048121826742335827e+01
9.904284534171620136e-02,-3.057491096760731608e+01
9.905908719893852243e-02,-3.029484123135155826e+01
9.907532905616085739e-02,-3.305662959774582532e+01
9.909157091338317846e-02,-2.512290859077624106e+01
9.910781277060549954e-02,-2.076743437279972682e+01
9.912405462782782062e-02,-1.993789685881824525e+01
9.914029648505014169e-02,-2.754502809778685446e+01
9.915653834227246277e-02,-2.359639757704580987e+01
9.917278019949478385e-02,-2.224883189310701681e+01
9.918902205671710492e-02,-2.318229482763513261e+01
9.920526391393942600e-02,-2.111495413231590845e+01
9.922150577116174708e-02,-2.101858148595102804e+01
9.923774762838406815e-02,-2.478559150203391326e+01
9.925398948560638923e-02,-3.033422892205702581e+01
9.927023134282871031e-02,-2.549193088513412775e+01
9.928647320005103138e-02,-2.226214595471017788e+01
9.930271505727335246e-02,-2.140423689996490708e+01
9.931895691449567354e-02,-2.413138476673008270e+01
9.933519877171799461e-02,-2.841040914577857279e+01
9.935144062894031569e-02,-2.752321533337396886e+01
9.936768248616263677e-02,-2.826486183102046112e+01
9.938392434338495784e-02,-2.841505043075794745e+01
9.940016620060727892e-02,-2.000114456083906234e+01
9.941640805782960000e-02,-1.709638552766415742e+01
9.943264991505192107e-02,-2.019338759124987703e+01
9.944889177227424215e-02,-3.030764789230177669e+01
9.946513362949656323e-02,-2.949816584143517417e+01
9.948137548671888430e-02,-2.187582945907253773e+01
9.949761734394120538e-02,-1.904543034415267044e+01
9.951385920116352646e-02,-2.020532984289413747e+01
9.953010105838584753e-02,-2.466595399678153200e+01
9.954634291560816861e-02,-2.398654324075083721e+01
9.956258477283048969e-02,-2.417128630037735348e+01
9.957882663005281076e-02,-2.751240904164965784e+01
9.959506848727513184e-02,-2.611677319112218143e+01
9.961131034449745292e-02,-2.820198925732999129e+01
9.962755220171977399e-02,-3.042645663410603163e+01
9.964379405894209507e-02,-3.205182377230549662e+01
9.966003591616441615e-02,-3.300290012384601823e+01
9.967627777338673722e-02,-2.894321928692902901e+01
9.969251963060907218e-02,-2.221407008199022570e+01
9.970876148783139326e-02,-1.966973655757796280e+01
9.972500334505371433e-02,-2.163826785769850858e+01
9.974124520227603541e-02,-2.866002249983372252e+01
9.975748705949835649e-02,-2.611112479574261513e+01
9.977372891672067756e-02,-2.279089616111119199e+01
9.978997077394299864e-02,-2.231987619800999667e+01
9.980621263116531972e-02,-2.494634131282960610e+01
9.982245448838764079e-02,-3.748327408138193562e+01
9.983869634560996187e-02,-2.674503219567743884e+01
9.985493820283228295e-02,-2.123766689692853049e+01
9.987118006005460402e-02,-2.160886727811341146e+01
9.988742191727692510e-02,-2.580521052961944406e+01
9.990366377449924618e-02,-3.235539214935676711e+01
9.991990563172156725e-02,-2.779860474819324878e+01
9.993614748894388833e-02,-2.742367654553866885e+01
9.995238934616620941e-02,-2.712907114303776979e+01
9.996863120338853048e-02,-2.435755430539732558e+01
9.998487306061085156e-02,-2.819455731933587472e+01
