distance_m,amplitude_dB
0.000000000000000000e+00,-3.647641091558976711e+01
1.663294640038631160e-05,-2.860057477129796055e+01
3.326589280077262321e-05,-2.249890375079662874e+01
4.989883920115893143e-05,-2.234607265967996881e+01
6.653178560154524642e-05,-2.785647639176877277e+01
8.316473200193155463e-05,-3.237270527941652887e+01
9.979767840231786285e-05,-3.376523509150091229e+01
1.164306248027041846e-04,-5.186193223315207490e+01
1.330635712030904928e-04,-3.668976860816459862e+01
1.496965176034767875e-04,-3.494246768650523904e+01
1.663294640038631093e-04,-3.025732087071456888e+01
1.829624104042494310e-04,-2.872423795674983893e+01
1.995953568046357257e-04,-2.916918458116954582e+01
2.162283032050220475e-04,-2.873284488031202244e+01
2.328612496054083692e-04,-2.897473511693527115e+01
2.494941960057946639e-04,-3.041336768342698704e+01
2.661271424061809857e-04,-3.248156497525368991e+01
2.827600888065673074e-04,-3.376742989237364156e+01
2.993930352069535750e-04,-3.732451837484352808e+01
3.160259816073398968e-04,-4.460604310096562131e+01
3.326589280077262185e-04,-4.856545781109229409e+01
3.492918744081125403e-04,-5.194444889883477856e+01
3.659248208084988621e-04,-6.857918228853675657e+01
3.825577672088851838e-04,-5.759404593803174777e+01
3.991907136092714514e-04,-6.212771782422598221e+01
4.158236600096577732e-04,-5.549192796582062925e+01
4.324566064100440949e-04,-5.420092536621232426e+01
4.490895528104304167e-04,-5.973477140671563745e+01
4.657224992108167385e-04,-6.335468404849440560e+01
4.823554456112030060e-04,-5.823131793866653538e+01
4.989883920115893278e-04,-5.856572924032172978e+01
5.156213384119755954e-04,-6.613417053916073485e+01
5.322542848123619713e-04,-5.675534182049343457e+01
5.488872312127482389e-04,-5.606093614957445936e+01
5.655201776131346149e-04,-5.784045008334206983e+01
5.821531240135208824e-04,-5.342520628455154963e+01
5.987860704139071500e-04,-5.078698659326957454e+01
6.154190168142935260e-04,-4.827048712892450055e+01
6.320519632146797935e-04,-4.752232686877788126e+01
6.486849096150661695e-04,-4.783817046723608257e+01
6.653178560154524371e-04,-4.810176334522382291e+01
6.819508024158388131e-04,-4.772340527497861729e+01
6.985837488162250806e-04,-4.708139974481767354e+01
7.152166952166113482e-04,-4.698362378774241677e+01
7.318496416169977242e-04,-4.640719746758600195e+01
7.484825880173839917e-04,-4.656434272028772625e+01
7.651155344177703677e-04,-4.810571196612016109e+01
7.817484808181566353e-04,-5.037497121250324028e+01
7.983814272185429028e-04,-5.388054081982826204e+01
8.150143736189292788e-04,-6.060481771130363171e+01
8.316473200193155463e-04,-6.049915846039426981e+01
8.482802664197019223e-04,-5.963699345333887436e+01
8.649132128200881899e-04,-6.395097331480126712e+01
8.815461592204744574e-04,-7.520948287615985350e+01
8.981791056208608334e-04,-6.112261613530731097e+01
9.148120520212471010e-04,-5.672821204643766180e+01
9.314449984216334770e-04,-5.931766100516554729e+01
9.480779448220197445e-04,-6.259162512371341336e+01
9.647108912224060121e-04,-6.407299462620180464e+01
9.813438376227922796e-04,-7.273899861168244740e+01
9.979767840231786556e-04,-6.669965002494295447e+01
1.014609730423565032e-03,-5.932259491702568255e+01
1.031242676823951191e-03,-5.614163979961867312e+01
1.047875623224337567e-03,-5.751360931108314389e+01
1.064508569624723943e-03,-5.489096352322241756e+01
1.081141516025110319e-03,-5.008880821835206376e+01
1.097774462425496478e-03,-4.814123825194097606e+01
1.114407408825882854e-03,-4.911611811439107811e+01
1.131040355226269230e-03,-5.259223785211263191e+01
1.147673301626655389e-03,-5.840277695431657889e+01
1.164306248027041765e-03,-5.771559372301019408e+01
1.180939194427428141e-03,-5.565449199624337950e+01
1.197572140827814300e-03,-5.862867715921743184e+01
1.214205087228200676e-03,-6.061326335137902532e+01
1.230838033628587052e-03,-5.864411865874362917e+01
1.247470980028973428e-03,-6.207735886754191768e+01
1.264103926429359587e-03,-5.703762259955014002e+01
1.280736872829745963e-03,-5.169548993567006789e+01
1.297369819230132339e-03,-5.030919396022799361e+01
1.314002765630518498e-03,-5.250567934693979311e+01
1.330635712030904874e-03,-5.692256645816102889e+01
1.347268658431291250e-03,-5.979069535194285123e+01
1.363901604831677626e-03,-5.991932295268122033e+01
1.380534551232063785e-03,-6.203114933331548286e+01
1.397167497632450161e-03,-8.438154911956864623e+01
1.413800444032836537e-03,-6.135465462583616159e+01
1.430433390433222696e-03,-6.064058145916976628e+01
1.447066336833609072e-03,-6.024905326068099498e+01
1.463699283233995448e-03,-5.837492256884007702e+01
1.480332229634381607e-03,-5.876372358079375857e+01
1.496965176034767983e-03,-6.108207154804568972e+01
1.513598122435154359e-03,-5.968259875847032703e+01
1.530231068835540735e-03,-5.803118507181989116e+01
1.546864015235926895e-03,-5.754384655231718426e+01
1.563496961636313271e-03,-6.071345662301273194e+01
1.580129908036699646e-03,-7.199377629514043520e+01
1.596762854437085806e-03,-6.209174127232927276e+01
1.613395800837472182e-03,-6.262127954516227391e+01
1.630028747237858558e-03,-5.861341074553693886e+01
1.646661693638244717e-03,-5.733907563281977104e+01
1.663294640038631093e-03,-6.327269133415238400e+01
1.679927586439017469e-03,-6.831659039463271199e+01
1.696560532839403845e-03,-8.117236442381343409e+01
1.713193479239790004e-03,-6.827760238883202248e+01
1.729826425640176380e-03,-6.369986935045663046e+01
1.746459372040562756e-03,-6.129581391857599471e+01
1.763092318440948915e-03,-5.892087364139041483e+01
1.779725264841335291e-03,-5.645299703896385068e+01
1.796358211241721667e-03,-5.809148782249599918e+01
1.812991157642107826e-03,-6.386120464522978324e+01
1.829624104042494202e-03,-6.474630740908077087e+01
1.846257050442880578e-03,-6.408570171620935696e+01
1.862889996843266954e-03,-6.039276971369798730e+01
1.879522943243653113e-03,-6.034723833992732978e+01
1.896155889644039489e-03,-6.304451272016949304e+01
1.912788836044425865e-03,-6.200999469929033836e+01
1.929421782444812024e-03,-5.930904603158431598e+01
1.946054728845198400e-03,-5.944857667766626008e+01
1.962687675245584559e-03,-6.304441688381984932e+01
1.979320621645970935e-03,-6.602680594736577291e+01
1.995953568046357311e-03,-5.828333542908787734e+01
2.012586514446743687e-03,-5.822559387946646581e+01
2.029219460847130063e-03,-6.448475583676955125e+01
2.045852407247516439e-03,-6.608767679180063226e+01
2.062485353647902381e-03,-5.833179764295343972e+01
2.079118300048288757e-03,-5.487230584751270612e+01
2.095751246448675133e-03,-5.585169810150853209e+01
2.112384192849061509e-03,-5.660855734362706926e+01
2.129017139249447885e-03,-5.724067692124699391e+01
2.145650085649834261e-03,-6.061381047383622445e+01
2.162283032050220637e-03,-7.910212068952932896e+01
2.178915978450606580e-03,-6.295980906556334133e+01
2.195548924850992956e-03,-6.394831165573944531e+01
2.212181871251379332e-03,-7.315105786971528801e+01
2.228814817651765708e-03,-6.886723278110105184e+01
2.245447764052152084e-03,-7.566308442689366132e+01
2.262080710452538460e-03,-6.997986665488515712e+01
2.278713656852924836e-03,-6.765007712786302818e+01
2.295346603253310778e-03,-9.344822997861822955e+01
2.311979549653697154e-03,-6.034027783799007949e+01
2.328612496054083530e-03,-5.620896270763222446e+01
2.345245442454469906e-03,-5.845481012067151028e+01
2.361878388854856282e-03,-6.625656175814523863e+01
2.378511335255242658e-03,-6.378673562718667966e+01
2.395144281655628600e-03,-5.832902408884304890e+01
2.411777228056014976e-03,-5.741706258062456669e+01
2.428410174456401352e-03,-6.040099150805367145e+01
2.445043120856787728e-03,-6.357904824921192954e+01
2.461676067257174104e-03,-6.526436915844128350e+01
2.478309013657560480e-03,-5.950114839174012360e+01
2.494941960057946856e-03,-5.656797517552637089e+01
2.511574906458332798e-03,-5.558371468355774425e+01
2.528207852858719174e-03,-5.971031939050349280e+01
2.544840799259105550e-03,-6.288209787131550854e+01
2.561473745659491926e-03,-6.188420811771365493e+01
2.578106692059878302e-03,-6.030618953301261342e+01
2.594739638460264678e-03,-6.236656058380626177e+01
2.611372584860651054e-03,-6.353419822372018899e+01
2.628005531261036996e-03,-6.116658859546078730e+01
2.644638477661423372e-03,-5.987528557737930868e+01
2.661271424061809748e-03,-5.757511930176309534e+01
2.677904370462196124e-03,-5.728494794305010629e+01
2.694537316862582500e-03,-5.738354527601092769e+01
2.711170263262968876e-03,-5.740231655317953141e+01
2.727803209663355252e-03,-5.728960491165774727e+01
2.744436156063741195e-03,-5.690088625138618283e+01
2.761069102464127571e-03,-4.945733998478719684e+01
2.777702048864513946e-03,-4.202159438989979634e+01
2.794334995264900322e-03,-4.018981896129052700e+01
2.810967941665286698e-03,-4.484950665656665336e+01
2.827600888065673074e-03,-6.060366388747215893e+01
2.844233834466059017e-03,-6.251967834270246271e+01
2.860866780866445393e-03,-5.439164942693917482e+01
2.877499727266831769e-03,-4.895948116884939338e+01
2.894132673667218145e-03,-4.781692712339495444e+01
2.910765620067604521e-03,-5.092541382839027619e+01
2.927398566467990897e-03,-5.560258236577433877e+01
2.944031512868377273e-03,-5.676811504839756140e+01
2.960664459268763215e-03,-5.579087250744930770e+01
2.977297405669149591e-03,-5.606444089842014478e+01
2.993930352069535967e-03,-5.907116279804733949e+01
3.010563298469922343e-03,-6.066037285622690689e+01
3.027196244870308719e-03,-6.117964468229264696e+01
3.043829191270695095e-03,-6.202843397125329261e+01
3.060462137671081471e-03,-6.550324602710203692e+01
3.077095084071467413e-03,-5.812142345781317943e+01
3.093728030471853789e-03,-5.716490609997165251e+01
3.110360976872240165e-03,-6.240667803223622201e+01
3.126993923272626541e-03,-6.742505590731252596e+01
3.143626869673012917e-03,-6.347197795613047333e+01
3.160259816073399293e-03,-5.423466869374451704e+01
3.176892762473785235e-03,-5.026823390087268706e+01
3.193525708874171611e-03,-5.318873588488813908e+01
3.210158655274557987e-03,-6.074171238384840876e+01
3.226791601674944363e-03,-5.891826174353280265e+01
3.243424548075330739e-03,-6.119556151794291310e+01
3.260057494475717115e-03,-7.325010035440554645e+01
3.276690440876103491e-03,-6.245395064179449207e+01
3.293323387276489433e-03,-6.903653723633470918e+01
3.309956333676875809e-03,-6.978557063466146815e+01
3.326589280077262185e-03,-7.055691244301917209e+01
3.343222226477648561e-03,-7.312309232686408222e+01
3.359855172878034937e-03,-8.693100089857067303e+01
3.376488119278421313e-03,-6.607830425655291151e+01
3.393121065678807689e-03,-5.942558563403086680e+01
3.409754012079193632e-03,-5.705918930661469091e+01
3.426386958479580008e-03,-5.965565767204132896e+01
3.443019904879966384e-03,-6.131040828787433128e+01
3.459652851280352760e-03,-5.841100914650638742e+01
3.476285797680739136e-03,-5.774079153848036583e+01
3.492918744081125512e-03,-6.092903878508398208e+01
3.509551690481511454e-03,-6.707362636203941975e+01
3.526184636881897830e-03,-6.209234154666552996e+01
3.542817583282284206e-03,-5.833426598061815582e+01
3.559450529682670582e-03,-5.960557159157120566e+01
3.576083476083056958e-03,-6.021754406227584866e+01
3.592716422483443334e-03,-5.529672933870338625e+01
3.609349368883829710e-03,-5.472525898142359324e+01
3.625982315284215652e-03,-5.780137742049451077e+01
3.642615261684602028e-03,-6.306809182276457193e+01
3.659248208084988404e-03,-5.918582097796608110e+01
3.675881154485374780e-03,-5.694517424249183790e+01
3.692514100885761156e-03,-5.735206995744653824e+01
3.709147047286147532e-03,-5.934352072710753134e+01
3.725779993686533908e-03,-6.168976151846159439e+01
3.742412940086919850e-03,-6.223747908454620870e+01
3.759045886487306226e-03,-6.205016870300446641e+01
3.775678832887692602e-03,-5.871843117127428968e+01
3.792311779288078978e-03,-5.723801753863365605e+01
3.808944725688465354e-03,-5.545385638078715829e+01
3.825577672088851730e-03,-5.530973342259748904e+01
3.842210618489238106e-03,-5.814544881749093719e+01
3.858843564889624048e-03,-6.691189144311519499e+01
3.875476511290010424e-03,-6.663823920562295200e+01
3.892109457690396800e-03,-6.451791481051289168e+01
3.908742404090783176e-03,-6.190441370891544892e+01
3.925375350491169119e-03,-5.828237104912723510e+01
3.942008296891555928e-03,-6.002387302801975011e+01
3.958641243291941871e-03,-8.236263247514733621e+01
3.975274189692328680e-03,-6.893366326209449824e+01
3.991907136092714622e-03,-7.273261832552110207e+01
4.008540082493101432e-03,-7.974507856306618692e+01
4.025173028893487374e-03,-6.780521556436870867e+01
4.041805975293873317e-03,-6.229983569567597357e+01
4.058438921694260126e-03,-6.441845925639096038e+01
4.075071868094646069e-03,-7.418022890598979302e+01
4.091704814495032878e-03,-7.487806623394364181e+01
4.108337760895418821e-03,-7.104258615689343515e+01
4.124970707295804763e-03,-6.557126802589900194e+01
4.141603653696191573e-03,-7.846453591228873847e+01
4.158236600096577515e-03,-6.084359783725341231e+01
4.174869546496964325e-03,-5.679537679325954969e+01
4.191502492897350267e-03,-5.549410759271048477e+01
4.208135439297737077e-03,-5.443923473414244540e+01
4.224768385698123019e-03,-5.541522514853782155e+01
4.241401332098508961e-03,-5.833176814686651568e+01
4.258034278498895771e-03,-6.654816466857161572e+01
4.274667224899281713e-03,-6.436542874939360104e+01
4.291300171299668523e-03,-5.775020804270670283e+01
4.307933117700054465e-03,-5.422930139186292564e+01
4.324566064100441275e-03,-5.416450800595018933e+01
4.341199010500827217e-03,-5.821380562505169109e+01
4.357831956901213159e-03,-6.722113312867878676e+01
4.374464903301599969e-03,-7.172755065743943703e+01
4.391097849701985911e-03,-6.053980900601850124e+01
4.407730796102372721e-03,-5.908791186956788977e+01
4.424363742502758663e-03,-6.333764924667455887e+01
4.440996688903145473e-03,-6.952063842304983154e+01
4.457629635303531415e-03,-6.007771843620297858e+01
4.474262581703917357e-03,-5.750975250334203537e+01
4.490895528104304167e-03,-5.875747299077767138e+01
4.507528474504690109e-03,-6.261757669408541460e+01
4.524161420905076919e-03,-6.980676170986899365e+01
4.540794367305462861e-03,-5.924352484072947078e+01
4.557427313705849671e-03,-6.327827297555229791e+01
4.574060260106235613e-03,-6.507525593550874987e+01
4.590693206506621556e-03,-5.925916845137456335e+01
4.607326152907008365e-03,-5.912636787401466165e+01
4.623959099307394308e-03,-5.883066619835815203e+01
4.640592045707781117e-03,-6.287237942679747960e+01
4.657224992108167060e-03,-1.031905396289294288e+02
4.673857938508553869e-03,-8.424546844077977426e+01
4.690490884908939812e-03,-6.889903246414392868e+01
4.707123831309325754e-03,-6.653090717367837215e+01
4.723756777709712563e-03,-7.786451825654908987e+01
4.740389724110098506e-03,-6.542704634296192978e+01
4.757022670510485315e-03,-6.379700819567533188e+01
4.773655616910871258e-03,-6.529158314182689082e+01
4.790288563311257200e-03,-6.500684256873518052e+01
4.806921509711644010e-03,-6.364318749753886095e+01
4.823554456112029952e-03,-6.142587398365656526e+01
4.840187402512416762e-03,-5.812383051963969649e+01
4.856820348912802704e-03,-6.148130896177284654e+01
4.873453295313189514e-03,-8.370610851735395386e+01
4.890086241713575456e-03,-6.228356279077377877e+01
4.906719188113961398e-03,-5.939748193305032942e+01
4.923352134514348208e-03,-5.863396056822594460e+01
4.939985080914734150e-03,-6.261190159955710755e+01
4.956618027315120960e-03,-6.357065332401341351e+01
4.973250973715506902e-03,-6.242699725912420661e+01
4.989883920115893712e-03,-6.319478217200131809e+01
5.006516866516279654e-03,-7.002759268802903136e+01
5.023149812916665596e-03,-7.235484402055945452e+01
5.039782759317052406e-03,-6.497587771932253986e+01
5.056415705717438348e-03,-6.284900344694973739e+01
5.073048652117825158e-03,-6.132155202233108326e+01
5.089681598518211100e-03,-6.200809415597703378e+01
5.106314544918597910e-03,-5.945062043945937802e+01
5.122947491318983852e-03,-6.048366277693762783e+01
5.139580437719369795e-03,-6.800683809543515679e+01
5.156213384119756604e-03,-6.033452570859596165e+01
5.172846330520142547e-03,-5.751972209987172135e+01
5.189479276920529356e-03,-5.655388581057400188e+01
5.206112223320915298e-03,-6.063119906650977953e+01
5.222745169721302108e-03,-7.157124358802123254e+01
5.239378116121688050e-03,-6.632605720645689473e+01
5.256011062522073993e-03,-6.175886088356313763e+01
5.272644008922460802e-03,-6.196132367432996091e+01
5.289276955322846745e-03,-6.230491361635045422e+01
5.305909901723233554e-03,-6.193396854188623735e+01
5.322542848123619497e-03,-6.518047683897700040e+01
5.339175794524006306e-03,-6.064508479726224977e+01
5.355808740924392249e-03,-5.724789737071710505e+01
5.372441687324778191e-03,-5.493959013745381270e+01
5.389074633725165001e-03,-5.417516619770290731e+01
5.405707580125550943e-03,-5.867782966387960641e+01
5.422340526525937753e-03,-6.800264684653689073e+01
5.438973472926323695e-03,-6.040602105795074550e+01
5.455606419326710504e-03,-5.612564761848532413e+01
5.472239365727096447e-03,-5.371042859611790021e+01
5.488872312127482389e-03,-5.690208790337979394e+01
5.505505258527869199e-03,-5.979869566067846876e+01
5.522138204928255141e-03,-5.683425007292175479e+01
5.538771151328641951e-03,-5.492613058630497846e+01
5.555404097729027893e-03,-5.513329442108474865e+01
5.572037044129413835e-03,-5.660972143849504334e+01
5.588669990529800645e-03,-5.924126204687801334e+01
5.605302936930186587e-03,-6.421080824654612229e+01
5.621935883330573397e-03,-7.417506760750021044e+01
5.638568829730959339e-03,-6.453492321332115012e+01
5.655201776131346149e-03,-6.097083975205041639e+01
5.671834722531732091e-03,-6.168801515239103139e+01
5.688467668932118033e-03,-6.552657517164070100e+01
5.705100615332504843e-03,-6.574018369938626449e+01
5.721733561732890785e-03,-6.150575574304684778e+01
5.738366508133277595e-03,-5.971642242265610889e+01
5.754999454533663537e-03,-6.145895111258666788e+01
5.771632400934050347e-03,-6.038933776593734137e+01
5.788265347334436289e-03,-6.194929133677867839e+01
5.804898293734822232e-03,-7.600500557867640339e+01
5.821531240135209041e-03,-6.665518580883988875e+01
5.838164186535594984e-03,-6.187258444346015551e+01
5.854797132935981793e-03,-6.086314813184824146e+01
5.871430079336367736e-03,-5.921764614240223779e+01
5.888063025736754545e-03,-5.564077250146758047e+01
5.904695972137140488e-03,-5.725518874654742518e+01
5.921328918537526430e-03,-6.526279556994384734e+01
5.937961864937913239e-03,-6.933873399346151700e+01
5.954594811338299182e-03,-7.930858703194229520e+01
5.971227757738685991e-03,-6.916412032645868635e+01
5.987860704139071934e-03,-6.431021624128307224e+01
6.004493650539458743e-03,-6.483366242765335130e+01
6.021126596939844686e-03,-6.494233731524229825e+01
6.037759543340230628e-03,-6.169869857312556860e+01
6.054392489740617438e-03,-5.794866868915043057e+01
6.071025436141003380e-03,-5.628458463274127155e+01
6.087658382541390190e-03,-5.765268638157522219e+01
6.104291328941776132e-03,-5.977302222969804291e+01
6.120924275342162942e-03,-6.906526161400412889e+01
6.137557221742548884e-03,-6.236153945108704733e+01
6.154190168142934826e-03,-5.970976606148030896e+01
6.170823114543321636e-03,-6.846900751505407356e+01
6.187456060943707578e-03,-6.583180905372792324e+01
6.204089007344094388e-03,-6.807097531614905961e+01
6.220721953744480330e-03,-6.392073963125347547e+01
6.237354900144866272e-03,-6.639680148579166996e+01
6.253987846545253082e-03,-6.731019198880613885e+01
6.270620792945639024e-03,-5.927777154507396062e+01
6.287253739346025834e-03,-5.651737654978194314e+01
6.303886685746411776e-03,-5.639866745124197678e+01
6.320519632146798586e-03,-5.747828414070598058e+01
6.337152578547184528e-03,-6.110810101423070506e+01
6.353785524947570471e-03,-7.840676516268965202e+01
6.370418471347957280e-03,-6.132555822541646506e+01
6.387051417748343222e-03,-6.240385408367898634e+01
6.403684364148730032e-03,-5.986858252104308065e+01
6.420317310549115974e-03,-5.997313621523054650e+01
6.436950256949502784e-03,-7.025282948323778953e+01
6.453583203349888726e-03,-6.711032208884215322e+01
6.470216149750274669e-03,-6.501205968071450059e+01
6.486849096150661478e-03,-6.766377513469565486e+01
6.503482042551047421e-03,-7.248053540157170005e+01
6.520114988951434230e-03,-6.842582853396831410e+01
6.536747935351820173e-03,-6.788571638789579765e+01
6.553380881752206982e-03,-6.847559091885099747e+01
6.570013828152592925e-03,-6.559618539640764823e+01
6.586646774552978867e-03,-5.977219778710954756e+01
6.603279720953365677e-03,-5.667018561905273089e+01
6.619912667353751619e-03,-5.658681362897109324e+01
6.636545613754138428e-03,-5.849783744313877776e+01
6.653178560154524371e-03,-5.878416550642875649e+01
6.669811506554911180e-03,-5.664003532399227936e+01
6.686444452955297123e-03,-5.710468905582698085e+01
6.703077399355683065e-03,-6.179052559267673672e+01
6.719710345756069875e-03,-6.539669964344317066e+01
6.736343292156455817e-03,-6.662570561043706618e+01
6.752976238556842627e-03,-6.260046561179131430e+01
6.769609184957228569e-03,-5.583160393012384048e+01
6.786242131357615379e-03,-5.436334067571024775e+01
6.802875077758001321e-03,-5.632645254830215720e+01
6.819508024158387263e-03,-6.353953426245837477e+01
6.836140970558774073e-03,-7.322597875355083374e+01
6.852773916959160015e-03,-6.585817020180370207e+01
6.869406863359546825e-03,-6.496702147562785967e+01
6.886039809759932767e-03,-6.009127382903690773e+01
6.902672756160319577e-03,-5.913501456026936864e+01
6.919305702560705519e-03,-6.167662908488453866e+01
6.935938648961091461e-03,-6.771010173667809795e+01
6.952571595361478271e-03,-1.125066569265818117e+02
6.969204541761864213e-03,-6.428337723805077530e+01
6.985837488162251023e-03,-6.011162320210082299e+01
7.002470434562636965e-03,-6.177956112882735340e+01
7.019103380963022908e-03,-6.548260591580550738e+01
7.035736327363409717e-03,-7.647501382421641836e+01
7.052369273763795660e-03,-6.405624771123224548e+01
7.069002220164182469e-03,-5.721763782391314379e+01
7.085635166564568412e-03,-5.636171314195258475e+01
7.102268112964955221e-03,-6.058471375996292352e+01
7.118901059365341163e-03,-6.571765961242684284e+01
7.135534005765727106e-03,-7.226495889597521227e+01
7.152166952166113915e-03,-6.086412484531063427e+01
7.168799898566499858e-03,-5.839033393472917055e+01
7.185432844966886667e-03,-6.141790185158798465e+01
7.202065791367272610e-03,-6.247065946529778557e+01
7.218698737767659419e-03,-6.235151565017079633e+01
7.235331684168045362e-03,-6.227777712975300517e+01
7.251964630568431304e-03,-6.204985493145801456e+01
7.268597576968818114e-03,-5.957662750365646076e+01
7.285230523369204056e-03,-6.084199631515403439e+01
7.301863469769590866e-03,-6.533668971720670982e+01
7.318496416169976808e-03,-6.447499069712344522e+01
7.335129362570363618e-03,-6.183026946854933215e+01
7.351762308970749560e-03,-6.668294118852455199e+01
7.368395255371135502e-03,-6.994501098690217589e+01
7.385028201771522312e-03,-6.519599043672228333e+01
7.401661148171908254e-03,-6.403889454153920724e+01
7.418294094572295064e-03,-6.147474028244068478e+01
7.434927040972681006e-03,-6.186697662829357114e+01
7.451559987373067816e-03,-6.286868179583230187e+01
7.468192933773453758e-03,-5.913448776501734727e+01
7.484825880173839700e-03,-5.999902770393794071e+01
7.501458826574226510e-03,-6.378390410636782804e+01
7.518091772974612452e-03,-6.341679023136643423e+01
7.534724719374999262e-03,-6.073741321546461336e+01
7.551357665775385204e-03,-6.083870036590322172e+01
7.567990612175772014e-03,-6.058936563071875270e+01
7.584623558576157956e-03,-6.033530409219110169e+01
7.601256504976543898e-03,-6.028659602484647451e+01
7.617889451376930708e-03,-6.212665829947965079e+01
7.634522397777316650e-03,-6.535152476482659267e+01
7.651155344177703460e-03,-6.993771072099153230e+01
7.667788290578089402e-03,-7.133507998672310180e+01
7.684421236978476212e-03,-6.848736893535121339e+01
7.701054183378862154e-03,-6.388652547956780126e+01
7.717687129779248097e-03,-6.359895433530672904e+01
7.734320076179634906e-03,-6.558984274055680430e+01
7.750953022580020849e-03,-6.348914843398981134e+01
7.767585968980407658e-03,-6.514032085298235586e+01
7.784218915380793601e-03,-7.169517027817090593e+01
7.800851861781179543e-03,-6.178325121767819894e+01
7.817484808181566353e-03,-5.700510407944026525e+01
7.834117754581952295e-03,-5.653709383540858369e+01
7.850750700982338237e-03,-5.996740566446847254e+01
7.867383647382725914e-03,-6.217993901389849043e+01
7.884016593783111856e-03,-5.936095422352338602e+01
7.900649540183497799e-03,-5.926930647054018664e+01
7.917282486583883741e-03,-6.145747873578287823e+01
7.933915432984269683e-03,-6.618011208051500205e+01
7.950548379384657360e-03,-8.116151878807868059e+01
7.967181325785043303e-03,-6.803587489627533103e+01
7.983814272185429245e-03,-6.590394996310054410e+01
8.000447218585815187e-03,-6.986278054549654826e+01
8.017080164986202864e-03,-6.915042983548420352e+01
8.033713111386588807e-03,-6.581842069659639094e+01
8.050346057786974749e-03,-6.695054692031550303e+01
8.066979004187360691e-03,-6.527073295219547333e+01
8.083611950587746633e-03,-6.234855189037524070e+01
8.100244896988134310e-03,-6.308093528426158514e+01
8.116877843388520253e-03,-6.781788095916284931e+01
8.133510789788906195e-03,-6.184035784127402025e+01
8.150143736189292137e-03,-6.124990505958897558e+01
8.166776682589678080e-03,-6.449243111605358081e+01
8.183409628990065757e-03,-7.407212323444709057e+01
8.200042575390451699e-03,-6.573055592230473110e+01
8.216675521790837641e-03,-6.105202267762150825e+01
8.233308468191223584e-03,-6.564414501932667179e+01
8.249941414591609526e-03,-7.338529503044168223e+01
8.266574360991997203e-03,-6.487554585847631472e+01
8.283207307392383145e-03,-5.915143869858720649e+01
8.299840253792769088e-03,-5.774783075211227867e+01
8.316473200193155030e-03,-5.800824199765987288e+01
8.333106146593542707e-03,-5.972577951504501215e+01
8.349739092993928649e-03,-6.707235526347147925e+01
8.366372039394314591e-03,-6.442312455554794326e+01
8.383004985794700534e-03,-6.285471535367917539e+01
8.399637932195086476e-03,-6.397029405925017898e+01
8.416270878595474153e-03,-6.667984310529232062e+01
8.432903824995860095e-03,-6.449296962271584732e+01
8.449536771396246038e-03,-6.207962964709534504e+01
8.466169717796631980e-03,-6.326180711757972119e+01
8.482802664197017922e-03,-7.489886428315935518e+01
8.499435610597405599e-03,-6.525900358132096812e+01
8.516068556997791542e-03,-7.324728121454189989e+01
8.532701503398177484e-03,-6.903250648211594864e+01
8.549334449798563426e-03,-6.493471406667896417e+01
8.565967396198951103e-03,-5.806753054108813217e+01
8.582600342599337045e-03,-5.386861991844615005e+01
8.599233288999722988e-03,-5.458787991294181552e+01
8.615866235400108930e-03,-6.156846714374299268e+01
8.632499181800494872e-03,-6.469829895462272873e+01
8.649132128200882549e-03,-5.945546248915448473e+01
8.665765074601268492e-03,-6.171338381029282516e+01
8.682398021001654434e-03,-6.722081047789306751e+01
8.699030967402040376e-03,-6.555029048098433009e+01
8.715663913802426319e-03,-6.572497157985814908e+01
8.732296860202813996e-03,-6.087449436325502461e+01
8.748929806603199938e-03,-5.911180556617221526e+01
8.765562753003585880e-03,-6.322197559217211449e+01
8.782195699403971823e-03,-6.336102151228970314e+01
8.798828645804357765e-03,-6.218195486044830744e+01
8.815461592204745442e-03,-6.638121932947738912e+01
8.832094538605131384e-03,-6.763138072659762656e+01
8.848727485005517326e-03,-6.445024275568647454e+01
8.865360431405903269e-03,-6.021611352778818116e+01
8.881993377806290946e-03,-6.050510444953665967e+01
8.898626324206676888e-03,-6.476362652913917373e+01
8.915259270607062830e-03,-7.114403831583454973e+01
8.931892217007448773e-03,-7.188986359716822960e+01
8.948525163407834715e-03,-6.787123277150850242e+01
8.965158109808222392e-03,-6.590845117369735817e+01
8.981791056208608334e-03,-6.312735709488494251e+01
8.998424002608994277e-03,-5.910288010013643145e+01
9.015056949009380219e-03,-5.528070126645559412e+01
9.031689895409766161e-03,-5.461378567165982645e+01
9.048322841810153838e-03,-5.956803239647062753e+01
9.064955788210539780e-03,-7.045878730010005597e+01
9.081588734610925723e-03,-7.490614262030435100e+01
9.098221681011311665e-03,-6.604212504808296558e+01
9.114854627411699342e-03,-5.986604758410776128e+01
9.131487573812085284e-03,-6.061018671796590240e+01
9.148120520212471227e-03,-6.908956259005991285e+01
9.164753466612857169e-03,-6.638204969572410619e+01
9.181386413013243111e-03,-5.900048345695197582e+01
9.198019359413630788e-03,-6.103162917309411029e+01
9.214652305814016731e-03,-7.233175033803473752e+01
9.231285252214402673e-03,-6.548287932087784213e+01
9.247918198614788615e-03,-5.837060131536566843e+01
9.264551145015174557e-03,-5.632875464999301585e+01
9.281184091415562235e-03,-5.645656017416740013e+01
9.297817037815948177e-03,-5.663832777869890833e+01
9.314449984216334119e-03,-5.603269063939825401e+01
9.331082930616720061e-03,-5.786642826654690452e+01
9.347715877017107738e-03,-6.720529927605767284e+01
9.364348823417493681e-03,-6.997657249798615453e+01
9.380981769817879623e-03,-7.202971292539957915e+01
9.397614716218265565e-03,-6.884639665102740480e+01
9.414247662618651508e-03,-6.746049006361440092e+01
9.430880609019039185e-03,-6.640222960934373475e+01
9.447513555419425127e-03,-6.851999629899898991e+01
9.464146501819811069e-03,-7.003629639094243942e+01
9.480779448220197012e-03,-6.369016419302697329e+01
9.497412394620582954e-03,-5.953457175754985542e+01
9.514045341020970631e-03,-6.262740896111350253e+01
9.530678287421356573e-03,-7.409217735999112620e+01
9.547311233821742515e-03,-9.097167546838394969e+01
9.563944180222128458e-03,-6.874888414335529774e+01
9.580577126622514400e-03,-6.023624369205103335e+01
9.597210073022902077e-03,-5.547183966602845118e+01
9.613843019423288019e-03,-5.421401327009625959e+01
9.630475965823673962e-03,-5.550892840902739778e+01
9.647108912224059904e-03,-5.836894462481944856e+01
9.663741858624447581e-03,-6.827007300722293337e+01
9.680374805024833523e-03,-6.347401907102491236e+01
9.697007751425219466e-03,-5.752839105952533316e+01
9.713640697825605408e-03,-5.610148006899130735e+01
9.730273644225991350e-03,-5.782245989705569400e+01
9.746906590626379027e-03,-6.019808586628748515e+01
9.763539537026764970e-03,-6.250242610366126428e+01
9.780172483427150912e-03,-6.961428015566622207e+01
9.796805429827536854e-03,-6.547379589497838026e+01
9.813438376227922796e-03,-6.656730188136789650e+01
9.830071322628310473e-03,-7.315547763609239951e+01
9.846704269028696416e-03,-6.757458669947303065e+01
9.863337215429082358e-03,-5.952435215564847937e+01
9.879970161829468300e-03,-5.535453123505392625e+01
9.896603108229855977e-03,-5.548752031949927499e+01
9.913236054630241920e-03,-5.915017689895204711e+01
9.929869001030627862e-03,-6.685117582143033133e+01
9.946501947431013804e-03,-7.806131032899000388e+01
9.963134893831399747e-03,-6.559198908773792880e+01
9.979767840231787424e-03,-6.467626641756307038e+01
9.996400786632173366e-03,-6.908550320354302698e+01
1.001303373303255931e-02,-7.030382878624378407e+01
1.002966667943294525e-02,-6.433416841925236440e+01
1.004629962583333119e-02,-6.104020846414545787e+01
1.006293257223371887e-02,-6.622830563417907968e+01
1.007956551863410481e-02,-7.550053939916514878e+01
1.009619846503449075e-02,-6.825998020839563196e+01
1.011283141143487670e-02,-7.296222595086562990e+01
1.012946435783526437e-02,-6.689373463506464645e+01
1.014609730423565032e-02,-6.054657322629304161e+01
1.016273025063603626e-02,-5.802157146869467397e+01
1.017936319703642220e-02,-6.014620142469794928e+01
1.019599614343680814e-02,-6.342835107727685795e+01
1.021262908983719582e-02,-6.054710303757457268e+01
1.022926203623758176e-02,-6.111477961715792162e+01
1.024589498263796770e-02,-6.510621140632652271e+01
1.026252792903835365e-02,-6.571716738103185662e+01
1.027916087543873959e-02,-6.048639340520927732e+01
1.029579382183912727e-02,-5.821443121682256105e+01
1.031242676823951321e-02,-6.016926517178855960e+01
1.032905971463989915e-02,-6.471377835208608076e+01
1.034569266104028509e-02,-6.149846383879197731e+01
1.036232560744067104e-02,-5.958923155094364432e+01
1.037895855384105871e-02,-5.981234124527028939e+01
1.039559150024144465e-02,-5.942933911210177200e+01
1.041222444664183060e-02,-5.855570323996818871e+01
1.042885739304221654e-02,-6.046450682253276909e+01
1.044549033944260422e-02,-6.609196436014458698e+01
1.046212328584299016e-02,-7.227576862570914784e+01
1.047875623224337610e-02,-6.960382743577160625e+01
1.049538917864376204e-02,-6.753097899678235194e+01
1.051202212504414799e-02,-6.708660853914867062e+01
1.052865507144453566e-02,-6.722345904798919491e+01
1.054528801784492160e-02,-6.124829387180358253e+01
1.056192096424530755e-02,-5.815097610650995108e+01
1.057855391064569349e-02,-5.667665226735721973e+01
1.059518685704607943e-02,-5.674322927801188143e+01
1.061181980344646711e-02,-6.000551637216051404e+01
1.062845274984685305e-02,-6.300379664649048550e+01
1.064508569624723899e-02,-6.415336677257118936e+01
1.066171864264762494e-02,-7.254096761154245598e+01
1.067835158904801261e-02,-6.184765297331796319e+01
1.069498453544839855e-02,-5.897262452087954188e+01
1.071161748184878450e-02,-5.995999621403734636e+01
1.072825042824917044e-02,-6.681687332896419207e+01
1.074488337464955638e-02,-5.996746520298336947e+01
1.076151632104994406e-02,-5.811038838043355526e+01
1.077814926745033000e-02,-6.296518554511856536e+01
1.079478221385071594e-02,-7.013378662100451777e+01
1.081141516025110189e-02,-6.180678983936517312e+01
1.082804810665148783e-02,-6.073287293583774016e+01
1.084468105305187551e-02,-6.547177707020328796e+01
1.086131399945226145e-02,-6.505291377119095841e+01
1.087794694585264739e-02,-6.120196866758870158e+01
1.089457989225303333e-02,-6.061395418969604520e+01
1.091121283865342101e-02,-6.385887333035385893e+01
1.092784578505380695e-02,-6.294657354892927259e+01
1.094447873145419289e-02,-5.995315317850491965e+01
1.096111167785457884e-02,-5.992086614465480920e+01
1.097774462425496478e-02,-6.736781960207838438e+01
1.099437757065535246e-02,-7.904322163041865679e+01
1.101101051705573840e-02,-7.326115245971254808e+01
1.102764346345612434e-02,-6.571340006407072565e+01
1.104427640985651028e-02,-6.141630191138669659e+01
1.106090935625689622e-02,-6.163606741812153444e+01
1.107754230265728390e-02,-6.357574543122652244e+01
1.109417524905766984e-02,-6.647946558218690427e+01
1.111080819545805579e-02,-7.062376304068456534e+01
1.112744114185844173e-02,-7.450364015815092955e+01
1.114407408825882767e-02,-7.105479631682673869e+01
1.116070703465921535e-02,-6.219919912289262243e+01
1.117733998105960129e-02,-6.074101472045256855e+01
1.119397292745998723e-02,-6.421885554478448910e+01
1.121060587386037317e-02,-8.409339048047780807e+01
1.122723882026076085e-02,-6.525415622599747678e+01
1.124387176666114679e-02,-5.866777440699426904e+01
1.126050471306153274e-02,-5.418470036454230865e+01
1.127713765946191868e-02,-5.299782425430953481e+01
1.129377060586230462e-02,-5.525063747404723102e+01
1.131040355226269230e-02,-6.001213600860376118e+01
1.132703649866307824e-02,-6.553285522966390886e+01
1.134366944506346418e-02,-7.604283705626490075e+01
1.136030239146385012e-02,-7.258962624376800932e+01
1.137693533786423607e-02,-6.928114001007818956e+01
1.139356828426462374e-02,-6.791721678341086488e+01
1.141020123066500969e-02,-6.953937369905763433e+01
1.142683417706539563e-02,-6.877656069750941015e+01
1.144346712346578157e-02,-6.479102749293956265e+01
1.146010006986616925e-02,-6.596695129439909522e+01
1.147673301626655519e-02,-6.640268771593599695e+01
1.149336596266694113e-02,-5.900410714136587131e+01
1.150999890906732707e-02,-5.613095919994226790e+01
1.152663185546771302e-02,-5.897326888979009141e+01
1.154326480186810069e-02,-6.444012869768944540e+01
1.155989774826848664e-02,-6.427397447573683564e+01
1.157653069466887258e-02,-7.037800506544928680e+01
1.159316364106925852e-02,-6.740722610558778172e+01
1.160979658746964446e-02,-6.470630837505019883e+01
1.162642953387003214e-02,-6.581675701490080144e+01
1.164306248027041808e-02,-6.473525499754602208e+01
1.165969542667080402e-02,-6.318488449120992811e+01
1.167632837307118997e-02,-6.563424851181005693e+01
1.169296131947157764e-02,-6.359822852903241142e+01
1.170959426587196359e-02,-6.233448548581382198e+01
1.172622721227234953e-02,-6.218161727353987800e+01
1.174286015867273547e-02,-6.122985505977077736e+01
1.175949310507312141e-02,-6.036350643476065159e+01
1.177612605147350909e-02,-5.968303858662408601e+01
1.179275899787389503e-02,-5.710461848172082000e+01
1.180939194427428098e-02,-5.647747923247748503e+01
1.182602489067466692e-02,-6.080176021472816217e+01
1.184265783707505286e-02,-7.619430963891718989e+01
1.185929078347544054e-02,-7.175315005858936956e+01
1.187592372987582648e-02,-6.380497595560039770e+01
1.189255667627621242e-02,-6.054650365341449003e+01
1.190918962267659836e-02,-6.422518890106358924e+01
1.192582256907698431e-02,-7.290316592089274650e+01
1.194245551547737198e-02,-6.781793487627669492e+01
1.195908846187775793e-02,-6.741991615288908690e+01
1.197572140827814387e-02,-6.473958203392034250e+01
1.199235435467852981e-02,-6.512412346271717922e+01
1.200898730107891749e-02,-6.273911083645116094e+01
1.202562024747930343e-02,-5.802308068924819651e+01
1.204225319387968937e-02,-5.545023515271032721e+01
1.205888614028007531e-02,-5.500448466301070027e+01
1.207551908668046126e-02,-5.488564264101967893e+01
1.209215203308084893e-02,-5.469078446375039704e+01
1.210878497948123488e-02,-5.530409905857834474e+01
1.212541792588162082e-02,-5.737448224416383624e+01
1.214205087228200676e-02,-6.510291169840914449e+01
1.215868381868239270e-02,-6.859134282000933069e+01
1.217531676508278038e-02,-6.666228744271394646e+01
1.219194971148316632e-02,-6.829044851751481815e+01
1.220858265788355226e-02,-7.757467896899406412e+01
1.222521560428393821e-02,-6.521983030147052318e+01
1.224184855068432588e-02,-6.134267994026007642e+01
1.225848149708471183e-02,-6.534808158429974867e+01
1.227511444348509777e-02,-6.485954286672749447e+01
1.229174738988548371e-02,-5.887863500352578683e+01
1.230838033628586965e-02,-6.110654580690681570e+01
1.232501328268625733e-02,-5.993522163620945520e+01
1.234164622908664327e-02,-6.207167607527581055e+01
1.235827917548702921e-02,-6.782071080167060018e+01
1.237491212188741516e-02,-6.381124453865257351e+01
1.239154506828780110e-02,-6.167259304293709476e+01
1.240817801468818878e-02,-6.179509421092764399e+01
1.242481096108857472e-02,-6.547836896371529747e+01
1.244144390748896066e-02,-6.823248372689636199e+01
1.245807685388934660e-02,-5.990978175749766876e+01
1.247470980028973254e-02,-5.771592966400930891e+01
1.249134274669012022e-02,-6.030978062221581126e+01
1.250797569309050616e-02,-6.493944849841304290e+01
1.252460863949089211e-02,-6.949701711146479965e+01
1.254124158589127805e-02,-6.966019758634585912e+01
1.255787453229166573e-02,-6.620875655583355979e+01
1.257450747869205167e-02,-6.072063099908661599e+01
1.259114042509243761e-02,-5.970078403443967119e+01
1.260777337149282355e-02,-6.029011347680302890e+01
1.262440631789320949e-02,-6.865015300329342551e+01
1.264103926429359717e-02,-6.983911281759810663e+01
1.265767221069398311e-02,-6.479423100229512045e+01
1.267430515709436906e-02,-6.471701864841477914e+01
1.269093810349475500e-02,-7.089355775445416441e+01
1.270757104989514094e-02,-6.429575983749812451e+01
1.272420399629552862e-02,-6.049373514379499994e+01
1.274083694269591456e-02,-6.117865892953393114e+01
1.275746988909630050e-02,-6.277560893648188767e+01
1.277410283549668644e-02,-7.041983554317555161e+01
1.279073578189707412e-02,-7.132162282977284917e+01
1.280736872829746006e-02,-6.740340505087604583e+01
1.282400167469784601e-02,-6.730418808958160071e+01
1.284063462109823195e-02,-6.202789587263189475e+01
1.285726756749861789e-02,-6.104199867926192269e+01
1.287390051389900557e-02,-6.061993212240803786e+01
1.289053346029939151e-02,-5.964546515083345923e+01
1.290716640669977745e-02,-6.269706648979129682e+01
1.292379935310016340e-02,-6.977433393483265434e+01
1.294043229950054934e-02,-6.252640017044068088e+01
1.295706524590093701e-02,-5.759757340931904679e+01
1.297369819230132296e-02,-5.393003078121098781e+01
1.299033113870170890e-02,-5.484184130135290047e+01
1.300696408510209484e-02,-6.089044126345324770e+01
1.302359703150248252e-02,-7.399511091173147292e+01
1.304022997790286846e-02,-6.384571704807247272e+01
1.305686292430325440e-02,-6.188513669735796441e+01
1.307349587070364035e-02,-6.788012545423092092e+01
1.309012881710402629e-02,-7.188735272409408594e+01
1.310676176350441396e-02,-6.296627020046827283e+01
1.312339470990479991e-02,-5.662162791873736722e+01
1.314002765630518585e-02,-5.387819573324901512e+01
1.315666060270557179e-02,-5.564060121485719890e+01
1.317329354910595773e-02,-6.785235231478735329e+01
1.318992649550634541e-02,-6.281291843354780724e+01
1.320655944190673135e-02,-6.164212546144086957e+01
1.322319238830711730e-02,-8.017290051565238684e+01
1.323982533470750324e-02,-6.819705452033315396e+01
1.325645828110788918e-02,-6.696317582596081763e+01
1.327309122750827686e-02,-6.406458437581332532e+01
1.328972417390866280e-02,-5.951374730064583218e+01
1.330635712030904874e-02,-5.990703246285585237e+01
1.332299006670943468e-02,-7.196091604402619168e+01
1.333962301310982236e-02,-6.872425270121713936e+01
1.335625595951020830e-02,-7.074201520395493503e+01
1.337288890591059425e-02,-6.197561625839662725e+01
1.338952185231098019e-02,-6.140782786229644330e+01
1.340615479871136613e-02,-6.227675043481668382e+01
1.342278774511175381e-02,-6.397734188126332810e+01
1.343942069151213975e-02,-6.751659991732071830e+01
1.345605363791252569e-02,-6.561238232070425624e+01
1.347268658431291163e-02,-6.993027287125963198e+01
1.348931953071329758e-02,-6.698906784926305136e+01
1.350595247711368525e-02,-6.000722027163598682e+01
1.352258542351407120e-02,-6.043721368733728383e+01
1.353921836991445714e-02,-6.399202944834431150e+01
1.355585131631484308e-02,-6.709399707431333582e+01
1.357248426271523076e-02,-6.402315382034275615e+01
1.358911720911561670e-02,-6.414190489074680102e+01
1.360575015551600264e-02,-8.365576103320783830e+01
1.362238310191638858e-02,-6.899384581648541825e+01
1.363901604831677453e-02,-6.552608443599139321e+01
1.365564899471716220e-02,-6.862703557104386221e+01
1.367228194111754815e-02,-6.965097857784203939e+01
1.368891488751793409e-02,-6.490003988389722167e+01
1.370554783391832003e-02,-6.563407991030396715e+01
1.372218078031870597e-02,-6.949405417878467972e+01
1.373881372671909365e-02,-6.424359382476782798e+01
1.375544667311947959e-02,-6.023813235882737871e+01
1.377207961951986553e-02,-5.991105074931176944e+01
1.378871256592025148e-02,-5.649120957819128819e+01
1.380534551232063915e-02,-5.714701923848460297e+01
1.382197845872102510e-02,-6.270734384577999521e+01
1.383861140512141104e-02,-6.028977287313339417e+01
1.385524435152179698e-02,-5.833681717896980956e+01
1.387187729792218292e-02,-6.000189791798916161e+01
1.388851024432257060e-02,-5.917280422126882655e+01
1.390514319072295654e-02,-6.094837434559341460e+01
1.392177613712334248e-02,-7.038995824879430074e+01
1.393840908352372843e-02,-7.170252378750038247e+01
1.395504202992411437e-02,-6.423417598943649409e+01
1.397167497632450205e-02,-6.895858597782839183e+01
1.398830792272488799e-02,-6.089042202539524595e+01
1.400494086912527393e-02,-5.605612843258790434e+01
1.402157381552565987e-02,-5.598079444502495505e+01
1.403820676192604582e-02,-5.900305133442718386e+01
1.405483970832643349e-02,-6.102855916312673656e+01
1.407147265472681943e-02,-5.975169665257966045e+01
1.408810560112720538e-02,-5.925146428641252072e+01
1.410473854752759132e-02,-6.112780780944939352e+01
1.412137149392797900e-02,-6.427281436809528259e+01
1.413800444032836494e-02,-6.151287991436061020e+01
1.415463738672875088e-02,-5.815974113999685358e+01
1.417127033312913682e-02,-5.924983496601828392e+01
1.418790327952952277e-02,-6.463814890941638680e+01
1.420453622592991044e-02,-7.381075044465468693e+01
1.422116917233029638e-02,-7.065993131406432326e+01
1.423780211873068233e-02,-7.298633868856819618e+01
1.425443506513106827e-02,-7.948211830553007928e+01
1.427106801153145421e-02,-6.563710374596755059e+01
1.428770095793184189e-02,-6.041855067436246429e+01
1.430433390433222783e-02,-6.083970359928094496e+01
1.432096685073261377e-02,-5.959147963802813308e+01
1.433759979713299972e-02,-5.786237835279317210e+01
1.435423274353338739e-02,-5.796765542667433380e+01
1.437086568993377333e-02,-5.991301352525959345e+01
1.438749863633415928e-02,-6.536484894451763239e+01
1.440413158273454522e-02,-8.575335530049241584e+01
1.442076452913493116e-02,-7.005985854713013339e+01
1.443739747553531884e-02,-6.539799556514284973e+01
1.445403042193570478e-02,-6.236224358407210389e+01
1.447066336833609072e-02,-6.118360736184346393e+01
1.448729631473647667e-02,-5.573234005803035984e+01
1.450392926113686261e-02,-5.406192801505142853e+01
1.452056220753725028e-02,-5.673649859598817358e+01
1.453719515393763623e-02,-6.248859252417985033e+01
1.455382810033802217e-02,-6.556264492449582804e+01
1.457046104673840811e-02,-6.358133831265172375e+01
1.458709399313879579e-02,-6.140820345719070872e+01
1.460372693953918173e-02,-6.084800337952099625e+01
1.462035988593956767e-02,-5.965268390215239691e+01
1.463699283233995362e-02,-6.093881624887085025e+01
1.465362577874033956e-02,-6.144653110828606657e+01
1.467025872514072724e-02,-5.961649177818225098e+01
1.468689167154111318e-02,-5.884068396208754592e+01
1.470352461794149912e-02,-6.620343601139622081e+01
1.472015756434188506e-02,-6.248854042867327507e+01
1.473679051074227100e-02,-5.819410943138719716e+01
1.475342345714265868e-02,-6.005874181955411473e+01
1.477005640354304462e-02,-6.297124459653133499e+01
1.478668934994343057e-02,-6.677717437908314935e+01
1.480332229634381651e-02,-6.986141889390377457e+01
1.481995524274420245e-02,-5.988067105807702717e+01
1.483658818914459013e-02,-5.722842983020747454e+01
1.485322113554497607e-02,-5.799206518055791548e+01
1.486985408194536201e-02,-5.902892869393873809e+01
1.488648702834574795e-02,-6.499996205415027362e+01
1.490311997474613563e-02,-7.616637306505859328e+01
1.491975292114652157e-02,-6.519472012153832452e+01
1.493638586754690752e-02,-6.211005255787445378e+01
1.495301881394729346e-02,-6.188984294227793725e+01
1.496965176034767940e-02,-6.627361231945306486e+01
1.498628470674806708e-02,-7.457129139161818898e+01
1.500291765314845302e-02,-6.916218911258948765e+01
1.501955059954883896e-02,-6.201352019934222426e+01
1.503618354594922490e-02,-5.932602511006626855e+01
1.505281649234961085e-02,-6.144636284941405791e+01
1.506944943874999852e-02,-6.839766647385329179e+01
1.508608238515038447e-02,-6.722689174135764745e+01
1.510271533155077041e-02,-6.385907141880915106e+01
1.511934827795115635e-02,-5.841089551919807832e+01
1.513598122435154403e-02,-5.561574575272296528e+01
1.515261417075192997e-02,-5.680908548046690498e+01
1.516924711715231591e-02,-5.909892138998180400e+01
1.518588006355270185e-02,-5.968629011291696429e+01
1.520251300995308780e-02,-6.117433865791249303e+01
1.521914595635347547e-02,-6.510506067025787047e+01
1.523577890275386142e-02,-6.105901707990987859e+01
1.525241184915424736e-02,-6.034938521875800888e+01
1.526904479555463330e-02,-7.414495264911624872e+01
1.528567774195501924e-02,-6.126304018562008480e+01
1.530231068835540692e-02,-5.809525873226056092e+01
1.531894363475579286e-02,-5.934495692821340640e+01
1.533557658115617880e-02,-6.344391912857504678e+01
1.535220952755656475e-02,-7.464157682106569780e+01
1.536884247395695242e-02,-8.728629697435694368e+01
1.538547542035733837e-02,-6.500011838263647235e+01
1.540210836675772431e-02,-6.337964940223802301e+01
1.541874131315811025e-02,-6.636916159931530501e+01
1.543537425955849619e-02,-6.549786455572484556e+01
1.545200720595888387e-02,-6.481107094356836740e+01
1.546864015235926981e-02,-6.110454824092857962e+01
1.548527309875965575e-02,-5.753879002755893168e+01
1.550190604516004170e-02,-5.784692733109514506e+01
1.551853899156042764e-02,-6.340746471275344476e+01
1.553517193796081532e-02,-6.790105581914619393e+01
1.555180488436120126e-02,-5.787424048593531722e+01
1.556843783076158720e-02,-5.530660935580101523e+01
1.558507077716197314e-02,-5.425511599796785589e+01
1.560170372356235909e-02,-5.406500611596964490e+01
1.561833666996274676e-02,-5.593956554092144984e+01
1.563496961636313271e-02,-5.985738401329442837e+01
1.565160256276352038e-02,-6.316470880298630419e+01
1.566823550916390459e-02,-6.784838746750374128e+01
1.568486845556429227e-02,-6.635776497637382931e+01
1.570150140196467647e-02,-5.795394128304725001e+01
1.571813434836506415e-02,-5.714979801543586291e+01
1.573476729476545183e-02,-6.685010865421374149e+01
1.575140024116583604e-02,-6.452426621295708742e+01
1.576803318756622371e-02,-6.016177370017859971e+01
1.578466613396660792e-02,-6.038662612500476712e+01
1.580129908036699560e-02,-6.267785524673754338e+01
1.581793202676738327e-02,-6.341565124505742546e+01
1.583456497316776748e-02,-5.772551726859152410e+01
1.585119791956815516e-02,-5.590373792957427668e+01
1.586783086596853937e-02,-5.912964657475942687e+01
1.588446381236892704e-02,-7.100813738283466137e+01
1.590109675876931472e-02,-6.353438186259735687e+01
1.591772970516969893e-02,-6.359158402268617749e+01
1.593436265157008661e-02,-6.645531748110482795e+01
1.595099559797047081e-02,-6.029049087012353425e+01
1.596762854437085849e-02,-6.024157171682190182e+01
1.598426149077124617e-02,-6.491139872300234970e+01
1.600089443717163037e-02,-6.287435902527640508e+01
1.601752738357201805e-02,-5.771389347268609527e+01
1.603416032997240573e-02,-5.627335397381067850e+01
1.605079327637278994e-02,-5.589731633301237679e+01
1.606742622277317761e-02,-5.532025143016787894e+01
1.608405916917356182e-02,-5.588300618382261575e+01
1.610069211557394950e-02,-6.057072520768655011e+01
1.611732506197433717e-02,-6.431912708992514638e+01
1.613395800837472138e-02,-6.264623589957270866e+01
1.615059095477510906e-02,-6.485861244593245090e+01
1.616722390117549327e-02,-6.484591228185988143e+01
1.618385684757588094e-02,-6.222834616129333085e+01
1.620048979397626862e-02,-6.112871263930511390e+01
1.621712274037665283e-02,-6.447392220752132630e+01
1.623375568677704051e-02,-7.388398547927192794e+01
1.625038863317742471e-02,-7.181758798934311017e+01
1.626702157957781239e-02,-9.465810287547273560e+01
1.628365452597820007e-02,-7.405379473624597608e+01
1.630028747237858427e-02,-6.084115026467213738e+01
1.631692041877897195e-02,-5.697584759888322736e+01
1.633355336517935616e-02,-5.820803578223984687e+01
1.635018631157974384e-02,-6.407282211524423587e+01
1.636681925798013151e-02,-6.590818438179124428e+01
1.638345220438051572e-02,-5.925706425024137047e+01
1.640008515078090340e-02,-6.046843679652588577e+01
1.641671809718128761e-02,-6.734036323362357734e+01
1.643335104358167528e-02,-6.077770457300997009e+01
1.644998398998206296e-02,-5.682772972303447290e+01
1.646661693638244717e-02,-5.878594367558455502e+01
1.648324988278283484e-02,-6.365810843777612149e+01
1.649988282918321905e-02,-6.834958459675971199e+01
1.651651577558360673e-02,-6.869102785871528738e+01
1.653314872198399441e-02,-7.037512105706228738e+01
1.654978166838437861e-02,-6.372835738762788793e+01
1.656641461478476629e-02,-6.057761856549538493e+01
1.658304756118515397e-02,-6.250593105420321649e+01
1.659968050758553818e-02,-6.713961460254297720e+01
1.661631345398592585e-02,-7.043133840263288903e+01
1.663294640038631006e-02,-6.409761625673580454e+01
1.664957934678669774e-02,-6.664338037730865949e+01
1.666621229318708541e-02,-7.565168895527031623e+01
1.668284523958746962e-02,-6.953351576766704056e+01
1.669947818598785730e-02,-6.797668500072714437e+01
1.671611113238824151e-02,-6.785130271905023847e+01
1.673274407878862918e-02,-6.714803434485429534e+01
1.674937702518901686e-02,-6.710937422992131474e+01
1.676600997158940107e-02,-6.096973243402852916e+01
1.678264291798978874e-02,-6.078101937348219508e+01
1.679927586439017295e-02,-7.040398467027608831e+01
1.681590881079056063e-02,-6.813580916362609230e+01
1.683254175719094831e-02,-6.637857589092327260e+01
1.684917470359133251e-02,-7.573187891509159897e+01
1.686580764999172019e-02,-5.970811515298312599e+01
1.688244059639210440e-02,-5.626707932952393065e+01
1.689907354279249208e-02,-5.937513995625223373e+01
1.691570648919287975e-02,-6.853409336190264867e+01
1.693233943559326396e-02,-7.255534881066689934e+01
1.694897238199365164e-02,-6.799952613213882557e+01
1.696560532839403584e-02,-6.453227423378639571e+01
1.698223827479442352e-02,-6.500799425287874556e+01
1.699887122119481120e-02,-5.850227916369537695e+01
1.701550416759519541e-02,-5.554527016651110216e+01
1.703213711399558308e-02,-5.745963703459060667e+01
1.704877006039596729e-02,-6.136125059801280912e+01
1.706540300679635497e-02,-6.641731705968491895e+01
1.708203595319674264e-02,-6.578327021838137512e+01
1.709866889959712685e-02,-6.103509283829300358e+01
1.711530184599751453e-02,-5.881737279210834402e+01
1.713193479239790221e-02,-5.797295012098573608e+01
1.714856773879828641e-02,-5.688473986351575462e+01
1.716520068519867409e-02,-5.796232616312550334e+01
1.718183363159905830e-02,-6.439560021565321790e+01
1.719846657799944598e-02,-6.359929890741067027e+01
1.721509952439983365e-02,-6.004714242770373289e+01
1.723173247080021786e-02,-6.024913908149964925e+01
1.724836541720060554e-02,-6.419857034174016519e+01
1.726499836360098974e-02,-6.434297847962756123e+01
1.728163131000137742e-02,-5.915880760068112920e+01
1.729826425640176510e-02,-5.885042199243363825e+01
1.731489720280214931e-02,-6.136561863150809870e+01
1.733153014920253698e-02,-7.226144715706904265e+01
1.734816309560292119e-02,-6.821255023830602227e+01
1.736479604200330887e-02,-6.402925584156672301e+01
1.738142898840369655e-02,-6.403076110458249559e+01
1.739806193480408075e-02,-6.531447119737752871e+01
1.741469488120446843e-02,-6.786921467095153560e+01
1.743132782760485264e-02,-7.074680258265983923e+01
1.744796077400524031e-02,-7.289486512686023900e+01
1.746459372040562799e-02,-7.211973104068198381e+01
1.748122666680601220e-02,-6.391838199282461375e+01
1.749785961320639988e-02,-5.929459763725403576e+01
1.751449255960678408e-02,-5.887387826657371193e+01
1.753112550600717176e-02,-6.176272162994449388e+01
1.754775845240755944e-02,-6.383105479205292454e+01
1.756439139880794365e-02,-6.543539181988437292e+01
1.758102434520833132e-02,-6.819880744574089704e+01
1.759765729160871553e-02,-6.835261166847821812e+01
1.761429023800910321e-02,-6.278811306552669436e+01
1.763092318440949088e-02,-5.860085183943589726e+01
1.764755613080987509e-02,-5.655768033182746279e+01
1.766418907721026277e-02,-5.716031095967366582e+01
1.768082202361065045e-02,-5.835403645712101905e+01
1.769745497001103465e-02,-5.782647660550480140e+01
1.771408791641142233e-02,-5.954403954792337572e+01
1.773072086281180654e-02,-6.530246573046437675e+01
1.774735380921219421e-02,-7.878038211681339931e+01
1.776398675561258189e-02,-6.239296673174131769e+01
1.778061970201296610e-02,-5.806587242303046992e+01
1.779725264841335378e-02,-5.947783842429125656e+01
1.781388559481373798e-02,-6.217079240789609429e+01
1.783051854121412566e-02,-5.983534353356760960e+01
1.784715148761451334e-02,-5.831843355675108143e+01
1.786378443401489755e-02,-5.827714868871382237e+01
1.788041738041528522e-02,-6.113619834232287786e+01
1.789705032681566943e-02,-6.398636474080141312e+01
1.791368327321605711e-02,-6.273682590676256154e+01
1.793031621961644478e-02,-6.420660969479065727e+01
1.794694916601682899e-02,-6.769110254263088677e+01
1.796358211241721667e-02,-6.297703828118815750e+01
1.798021505881760088e-02,-5.735415103794308322e+01
1.799684800521798855e-02,-5.718754762113973555e+01
1.801348095161837623e-02,-6.274714807579108111e+01
1.803011389801876044e-02,-7.491641430265396195e+01
1.804674684441914811e-02,-6.225845753417755191e+01
1.806337979081953232e-02,-5.757665005585670315e+01
1.808001273721992000e-02,-5.639070461667338208e+01
1.809664568362030768e-02,-5.805516489431860805e+01
1.811327863002069188e-02,-6.268768206044423152e+01
1.812991157642107956e-02,-7.519609183280493880e+01
1.814654452282146724e-02,-8.397973009039267822e+01
1.816317746922185145e-02,-7.237310754502826171e+01
1.817981041562223912e-02,-6.606486026810217993e+01
1.819644336202262333e-02,-6.690420243009769763e+01
1.821307630842301101e-02,-6.760758257416340200e+01
1.822970925482339868e-02,-6.585600468903186311e+01
1.824634220122378289e-02,-7.074333469664351526e+01
1.826297514762417057e-02,-7.464045760467222124e+01
1.827960809402455478e-02,-7.244297043710170669e+01
1.829624104042494245e-02,-7.305339099478462117e+01
1.831287398682533013e-02,-5.978344538952565301e+01
1.832950693322571434e-02,-5.867536895008582576e+01
1.834613987962610201e-02,-6.127217972642618093e+01
1.836277282602648622e-02,-6.457514297051422147e+01
1.837940577242687390e-02,-6.531358098029900816e+01
1.839603871882726158e-02,-6.134442400074907198e+01
1.841267166522764578e-02,-6.071893887854627536e+01
1.842930461162803346e-02,-6.399121815099703525e+01
1.844593755802841767e-02,-6.331984169029817622e+01
1.846257050442880535e-02,-6.052310203900132990e+01
1.847920345082919302e-02,-6.695949800100825655e+01
1.849583639722957723e-02,-6.975488482393245704e+01
1.851246934362996491e-02,-6.995639017650462677e+01
1.852910229003034911e-02,-6.330235432830637166e+01
1.854573523643073679e-02,-6.008233925991735447e+01
1.856236818283112447e-02,-6.002784852132349869e+01
1.857900112923150868e-02,-5.927376248679111370e+01
1.859563407563189635e-02,-5.660634303501975495e+01
1.861226702203228056e-02,-5.631076474888015326e+01
1.862889996843266824e-02,-5.779107094539894973e+01
1.864553291483305592e-02,-5.858425103016244151e+01
1.866216586123344012e-02,-6.041071231633873140e+01
1.867879880763382780e-02,-6.599387075063555130e+01
1.869543175403421548e-02,-8.046764494467322493e+01
1.871206470043459968e-02,-6.504441319590897308e+01
1.872869764683498736e-02,-5.970033355954613086e+01
1.874533059323537157e-02,-6.198299844395450720e+01
1.876196353963575925e-02,-7.571959266401266575e+01
1.877859648603614692e-02,-6.282267872047412283e+01
1.879522943243653113e-02,-5.939121545275456526e+01
1.881186237883691881e-02,-5.760942232587649414e+01
1.882849532523730302e-02,-5.563143226245935580e+01
1.884512827163769069e-02,-5.509360555867197462e+01
1.886176121803807837e-02,-5.596583009345384596e+01
1.887839416443846258e-02,-5.980338328656303304e+01
1.889502711083885025e-02,-6.166890794775238049e+01
1.891166005723923446e-02,-6.433099380654370236e+01
1.892829300363962214e-02,-6.266710356403318372e+01
1.894492595004000982e-02,-6.095500580717157391e+01
1.896155889644039402e-02,-6.259919507775754255e+01
1.897819184284078170e-02,-5.942594938953023131e+01
1.899482478924116591e-02,-6.004488296036083028e+01
1.901145773564155358e-02,-5.941502371623830925e+01
1.902809068204194126e-02,-5.853459793266728894e+01
1.904472362844232547e-02,-6.368054412269498243e+01
1.906135657484271315e-02,-6.539039996104749264e+01
1.907798952124309735e-02,-5.949206397770580423e+01
1.909462246764348503e-02,-5.747244223938469077e+01
1.911125541404387271e-02,-5.790346402403413606e+01
1.912788836044425692e-02,-5.779646083707689996e+01
1.914452130684464459e-02,-5.827709177301204591e+01
1.916115425324502880e-02,-6.140977757088458588e+01
1.917778719964541648e-02,-6.332910533229387084e+01
1.919442014604580415e-02,-6.033363629441304710e+01
1.921105309244618836e-02,-6.106271393438469630e+01
1.922768603884657604e-02,-6.259464653598107731e+01
1.924431898524696372e-02,-6.349485163045801528e+01
1.926095193164734792e-02,-6.202107211190332237e+01
1.927758487804773560e-02,-5.992509851950995881e+01
1.929421782444811981e-02,-6.150192615027991394e+01
1.931085077084850748e-02,-6.314982987188753327e+01
1.932748371724889516e-02,-6.339240318903799221e+01
1.934411666364927937e-02,-6.652786127718067632e+01
1.936074961004966705e-02,-6.295779788377871711e+01
1.937738255645005125e-02,-5.990211318275471086e+01
1.939401550285043893e-02,-5.956184312426645988e+01
1.941064844925082661e-02,-5.897437299747161887e+01
1.942728139565121082e-02,-5.872176521770401791e+01
1.944391434205159849e-02,-6.049849799826869656e+01
1.946054728845198270e-02,-6.148292489429297802e+01
1.947718023485237038e-02,-6.005548161246431249e+01
1.949381318125275805e-02,-6.195404991369216674e+01
1.951044612765314226e-02,-6.882352620552082101e+01
1.952707907405352994e-02,-6.714509328061843974e+01
1.954371202045391415e-02,-6.213484788505414969e+01
1.956034496685430182e-02,-5.892706260248822048e+01
1.957697791325468950e-02,-5.836718310260045683e+01
1.959361085965507371e-02,-6.050196073493849980e+01
1.961024380605546139e-02,-6.419476186981781041e+01
1.962687675245584559e-02,-6.965574747636861730e+01
1.964350969885623327e-02,-6.600615324600723000e+01
1.966014264525662095e-02,-5.959269376203592827e+01
1.967677559165700515e-02,-5.883062900562037356e+01
1.969340853805739283e-02,-6.018202213531783684e+01
1.971004148445778051e-02,-6.145987313127169216e+01
1.972667443085816472e-02,-6.088322113868011343e+01
1.974330737725855239e-02,-6.031643321948497061e+01
1.975994032365893660e-02,-6.115435663808160172e+01
1.977657327005932428e-02,-6.468781186966970154e+01
1.979320621645971195e-02,-7.348318883697659487e+01
1.980983916286009616e-02,-6.073282589570106182e+01
1.982647210926048384e-02,-5.590809601913021254e+01
1.984310505566086805e-02,-5.614612775050385807e+01
1.985973800206125572e-02,-6.190611552878942803e+01
1.987637094846164340e-02,-7.237255837848250906e+01
1.989300389486202761e-02,-6.587168277987940712e+01
1.990963684126241529e-02,-6.218211584612389942e+01
1.992626978766279949e-02,-6.309728824568094296e+01
1.994290273406318717e-02,-6.045406397341515259e+01
1.995953568046357485e-02,-5.919611937977634142e+01
1.997616862686395905e-02,-6.128058313334285856e+01
1.999280157326434673e-02,-6.097259544718578184e+01
2.000943451966473094e-02,-5.900175212871520358e+01
2.002606746606511862e-02,-6.177983279919939008e+01
2.004270041246550629e-02,-6.340807645057870445e+01
2.005933335886589050e-02,-6.330674279964495099e+01
2.007596630526627818e-02,-6.442433588177019033e+01
2.009259925166666239e-02,-6.297898017066064824e+01
2.010923219806705006e-02,-6.195998882840795829e+01
2.012586514446743774e-02,-6.277029163782021470e+01
2.014249809086782195e-02,-6.264956451942120452e+01
2.015913103726820962e-02,-5.821515055214469214e+01
2.017576398366859383e-02,-5.709886346559649439e+01
2.019239693006898151e-02,-5.826732031890529129e+01
2.020902987646936919e-02,-6.247463043899139734e+01
2.022566282286975339e-02,-7.304108424847279935e+01
2.024229576927014107e-02,-6.940455933824698320e+01
2.025892871567052875e-02,-6.363396723921198372e+01
2.027556166207091295e-02,-6.485441590619166163e+01
2.029219460847130063e-02,-6.426122941806140432e+01
2.030882755487168484e-02,-6.114643241453654809e+01
2.032546050127207252e-02,-5.932060094743849277e+01
2.034209344767246019e-02,-6.237682123617918251e+01
2.035872639407284440e-02,-5.982682342396071817e+01
2.037535934047323208e-02,-5.636829683117066736e+01
2.039199228687361629e-02,-5.632238709855439396e+01
2.040862523327400396e-02,-5.927538749632610404e+01
2.042525817967439164e-02,-6.978895457929307611e+01
2.044189112607477585e-02,-6.376401189416209547e+01
2.045852407247516352e-02,-5.937160130550285686e+01
2.047515701887554773e-02,-6.012720181459742719e+01
2.049178996527593541e-02,-6.170506975536945049e+01
2.050842291167632309e-02,-5.963704317950276845e+01
2.052505585807670729e-02,-6.130604842607742455e+01
2.054168880447709497e-02,-6.621993448362755430e+01
2.055832175087747918e-02,-7.051418251730137854e+01
2.057495469727786686e-02,-6.545018889498761894e+01
2.059158764367825453e-02,-5.903469903435667732e+01
2.060822059007863874e-02,-5.658397608560338909e+01
2.062485353647902642e-02,-5.682191695520135255e+01
2.064148648287941062e-02,-5.833037366619943498e+01
2.065811942927979830e-02,-5.722453005902403333e+01
2.067475237568018598e-02,-5.544986529060696512e+01
2.069138532208057019e-02,-5.568563118984076965e+01
2.070801826848095786e-02,-5.797476947843962591e+01
2.072465121488134207e-02,-6.053371538019104037e+01
2.074128416128172975e-02,-6.240436996983120821e+01
2.075791710768211742e-02,-6.047987864545898873e+01
2.077455005408250163e-02,-5.824017274560367952e+01
2.079118300048288931e-02,-5.864208514746505330e+01
2.080781594688327699e-02,-6.126755461570407135e+01
2.082444889328366119e-02,-6.131827404145495564e+01
2.084108183968404887e-02,-6.229400546282622742e+01
2.085771478608443308e-02,-6.526075822622026124e+01
2.087434773248482076e-02,-6.308222204310646219e+01
2.089098067888520843e-02,-6.351375020687564188e+01
2.090761362528559264e-02,-6.590186180321607878e+01
2.092424657168598032e-02,-7.202986598367186843e+01
2.094087951808636452e-02,-6.441638630918652098e+01
2.095751246448675220e-02,-5.942012928531055849e+01
2.097414541088713988e-02,-5.667053337184821515e+01
2.099077835728752409e-02,-5.845831124142944191e+01
2.100741130368791176e-02,-6.598701663963194619e+01
2.102404425008829597e-02,-6.985945785362193305e+01
2.104067719648868365e-02,-6.692633427171793414e+01
2.105731014288907132e-02,-8.036555789124200544e+01
2.107394308928945553e-02,-6.318705703715511390e+01
2.109057603568984321e-02,-6.082442543600340201e+01
2.110720898209022742e-02,-5.847666185753742241e+01
2.112384192849061509e-02,-5.872400366136031380e+01
2.114047487489100277e-02,-5.906851550979161658e+01
2.115710782129138698e-02,-5.724333688597727843e+01
2.117374076769177466e-02,-5.983727654518408201e+01
2.119037371409215886e-02,-6.761547006484350675e+01
2.120700666049254654e-02,-6.721877033282474656e+01
2.122363960689293422e-02,-6.474785333230011020e+01
2.124027255329331842e-02,-6.688999876217889096e+01
2.125690549969370610e-02,-6.668077972692044852e+01
2.127353844609409031e-02,-6.657040390354468684e+01
2.129017139249447799e-02,-6.697794000689529526e+01
2.130680433889486566e-02,-6.008548837313610846e+01
2.132343728529524987e-02,-5.872488582167715521e+01
2.134007023169563755e-02,-6.043688778566544073e+01
2.135670317809602523e-02,-6.375724919716510897e+01
2.137333612449640943e-02,-6.489271612342929529e+01
2.138996907089679711e-02,-6.488962080208877126e+01
2.140660201729718132e-02,-6.198591491815683696e+01
2.142323496369756899e-02,-6.247395002901320993e+01
2.143986791009795667e-02,-5.972512209276185047e+01
2.145650085649834088e-02,-5.831733318907909336e+01
2.147313380289872856e-02,-6.033145842109328072e+01
2.148976674929911276e-02,-6.238701402021445119e+01
2.150639969569950044e-02,-6.005409611273108084e+01
2.152303264209988812e-02,-5.777501417802654515e+01
2.153966558850027233e-02,-5.981175742774367876e+01
2.155629853490066000e-02,-6.052767315466904563e+01
2.157293148130104421e-02,-6.151925925941543483e+01
2.158956442770143189e-02,-6.604144844967969163e+01
2.160619737410181956e-02,-6.945563236216838732e+01
2.162283032050220377e-02,-7.623222876184205177e+01
2.163946326690259145e-02,-6.868310107874287951e+01
2.165609621330297566e-02,-6.199596221323442791e+01
2.167272915970336333e-02,-6.676622668832467866e+01
2.168936210610375101e-02,-6.786022740349059745e+01
2.170599505250413522e-02,-5.723410995485622976e+01
2.172262799890452289e-02,-5.493057676814832035e+01
2.173926094530490710e-02,-5.697047074246508203e+01
2.175589389170529478e-02,-6.050136252092215017e+01
2.177252683810568246e-02,-6.290439675074769355e+01
2.178915978450606666e-02,-6.297400955955240676e+01
2.180579273090645434e-02,-6.533123292240729540e+01
2.182242567730684202e-02,-8.186216854594663062e+01
2.183905862370722623e-02,-6.685728460595312583e+01
2.185569157010761390e-02,-6.341906073714962133e+01
2.187232451650799811e-02,-6.579774694712374128e+01
2.188895746290838579e-02,-7.639881059341958291e+01
2.190559040930877346e-02,-6.925439701267973192e+01
2.192222335570915767e-02,-7.203075651707210625e+01
2.193885630210954535e-02,-6.840417661528890392e+01
2.195548924850992956e-02,-6.541008824172685365e+01
2.197212219491031723e-02,-7.192427231310345803e+01
2.198875514131070491e-02,-6.023638043990640512e+01
2.200538808771108912e-02,-6.074160048153040492e+01
2.202202103411147679e-02,-6.179135975837234440e+01
2.203865398051186100e-02,-5.985619830695181776e+01
2.205528692691224868e-02,-5.928599538837212890e+01
2.207191987331263636e-02,-6.169685917183382173e+01
2.208855281971302056e-02,-6.976107154196431281e+01
2.210518576611340824e-02,-6.955870693130660243e+01
2.212181871251379245e-02,-6.931713672876328758e+01
2.213845165891418013e-02,-6.339815640301554822e+01
2.215508460531456780e-02,-6.786621235659819718e+01
2.217171755171495201e-02,-6.925453899204038066e+01
2.218835049811533969e-02,-6.006600381710133263e+01
2.220498344451572389e-02,-6.117741817943208815e+01
2.222161639091611157e-02,-6.687565617575089050e+01
2.223824933731649925e-02,-6.151883562046174347e+01
2.225488228371688346e-02,-5.870738829553496885e+01
2.227151523011727113e-02,-5.781448355537449402e+01
2.228814817651765534e-02,-5.700662941372562642e+01
2.230478112291804302e-02,-5.646717452902081646e+01
2.232141406931843070e-02,-5.636776960226342226e+01
2.233804701571881490e-02,-5.716916641479512862e+01
2.235467996211920258e-02,-5.773743757416087874e+01
2.237131290851959026e-02,-5.586557508371635095e+01
2.238794585491997446e-02,-5.381062441998366097e+01
2.240457880132036214e-02,-5.469661035367763446e+01
2.242121174772074635e-02,-5.653057269188813194e+01
2.243784469412113403e-02,-5.416432981555210802e+01
2.245447764052152170e-02,-5.497796826331273223e+01
2.247111058692190591e-02,-5.994281178011235767e+01
2.248774353332229359e-02,-6.609167379805852249e+01
2.250437647972267780e-02,-6.005215543227949127e+01
2.252100942612306547e-02,-5.794258782730517510e+01
2.253764237252345315e-02,-5.853899421068098263e+01
2.255427531892383736e-02,-6.083265949600799871e+01
2.257090826532422503e-02,-6.736493057317886723e+01
2.258754121172460924e-02,-7.775738050375478849e+01
2.260417415812499692e-02,-6.742010132928781729e+01
2.262080710452538460e-02,-6.751130618757370883e+01
2.263744005092576880e-02,-7.032593935992468914e+01
2.265407299732615648e-02,-7.408947685146544870e+01
2.267070594372654069e-02,-6.783991337813104394e+01
2.268733889012692836e-02,-6.002382136197554274e+01
2.270397183652731604e-02,-5.964675068338058850e+01
2.272060478292770025e-02,-6.298206835621724053e+01
2.273723772932808793e-02,-6.443827966377376981e+01
2.275387067572847213e-02,-6.490710069144111571e+01
2.277050362212885981e-02,-6.973774001854150129e+01
2.278713656852924749e-02,-6.494611594951804534e+01
2.280376951492963170e-02,-5.835332878792993228e+01
2.282040246133001937e-02,-6.075317847918323366e+01
2.283703540773040358e-02,-6.949192047544043760e+01
2.285366835413079126e-02,-6.420565433055550386e+01
2.287030130053117893e-02,-7.556787539189532765e+01
2.288693424693156314e-02,-6.467134299437996958e+01
2.290356719333195082e-02,-6.035690505624786795e+01
2.292020013973233850e-02,-6.241623814102815260e+01
2.293683308613272270e-02,-6.419458466822801768e+01
2.295346603253311038e-02,-6.290453380022002250e+01
2.297009897893349459e-02,-6.167551546398973983e+01
2.298673192533388226e-02,-6.046423286097416394e+01
2.300336487173426994e-02,-5.963633426672580384e+01
2.301999781813465415e-02,-5.992555203461990487e+01
2.303663076453504183e-02,-6.689605492341451054e+01
2.305326371093542603e-02,-7.322950673043563086e+01
2.306989665733581371e-02,-7.168432447061539392e+01
2.308652960373620139e-02,-7.881072689848208768e+01
2.310316255013658560e-02,-7.415834500528951878e+01
2.311979549653697327e-02,-6.826259761719870767e+01
2.313642844293735748e-02,-6.206655794849933727e+01
2.315306138933774516e-02,-6.031673044509902581e+01
2.316969433573813283e-02,-5.990792382152321238e+01
2.318632728213851704e-02,-6.211776271826898466e+01
2.320296022853890472e-02,-7.334286618812487291e+01
2.321959317493928893e-02,-6.336970378386453007e+01
2.323622612133967660e-02,-6.232073656044341448e+01
2.325285906774006428e-02,-6.565013731871817981e+01
2.326949201414044849e-02,-6.779904363368599718e+01
2.328612496054083617e-02,-6.347242003552159417e+01
2.330275790694122037e-02,-6.320063951783907896e+01
2.331939085334160805e-02,-7.068904277345011167e+01
2.333602379974199573e-02,-6.630827422250516179e+01
2.335265674614237993e-02,-5.905976283969270213e+01
2.336928969254276761e-02,-5.866478485864230663e+01
2.338592263894315529e-02,-6.239480584387042938e+01
2.340255558534353950e-02,-7.273573363950076498e+01
2.341918853174392717e-02,-6.731707668339265638e+01
2.343582147814431138e-02,-6.077157459131398554e+01
2.345245442454469906e-02,-6.057222744901494593e+01
2.346908737094508673e-02,-6.559724086156688827e+01
2.348572031734547094e-02,-7.156986239840600206e+01
2.350235326374585862e-02,-6.449985636302064052e+01
2.351898621014624283e-02,-6.622175377358243509e+01
2.353561915654663050e-02,-7.801953568087080271e+01
2.355225210294701818e-02,-7.404330519942173794e+01
2.356888504934740239e-02,-6.842684346960089670e+01
2.358551799574779007e-02,-6.489571171109540160e+01
2.360215094214817427e-02,-6.215783773359665076e+01
2.361878388854856195e-02,-6.072840271906466114e+01
2.363541683494894963e-02,-6.004545168161111235e+01
2.365204978134933383e-02,-6.450022634024308843e+01
2.366868272774972151e-02,-6.835266189616994836e+01
2.368531567415010572e-02,-6.924684642053988171e+01
2.370194862055049340e-02,-6.529645335660757155e+01
2.371858156695088107e-02,-6.330857975973343343e+01
2.373521451335126528e-02,-6.865370376280517917e+01
2.375184745975165296e-02,-7.907289684870751501e+01
2.376848040615203717e-02,-7.253664312130372593e+01
2.378511335255242484e-02,-7.086347211219583642e+01
2.380174629895281252e-02,-7.595506309305996240e+01
2.381837924535319673e-02,-7.427002051383514925e+01
2.383501219175358440e-02,-6.896405639927371567e+01
2.385164513815396861e-02,-6.533516503315159696e+01
2.386827808455435629e-02,-6.243925524718658693e+01
2.388491103095474397e-02,-6.189458992441110752e+01
2.390154397735512817e-02,-5.823089697465757553e+01
2.391817692375551585e-02,-5.629591716346398300e+01
2.393480987015590353e-02,-5.606856618732714281e+01
2.395144281655628773e-02,-5.927784380611956294e+01
2.396807576295667541e-02,-6.738382276672288640e+01
2.398470870935705962e-02,-7.316249475001335156e+01
2.400134165575744730e-02,-6.493459886690844485e+01
2.401797460215783497e-02,-6.549802268590001120e+01
2.403460754855821918e-02,-6.195913221781948721e+01
2.405124049495860686e-02,-5.951682485007617629e+01
2.406787344135899107e-02,-5.716247268485486188e+01
2.408450638775937874e-02,-5.625100961965862467e+01
2.410113933415976642e-02,-5.812192888191340501e+01
2.411777228056015063e-02,-6.279263591602830985e+01
2.413440522696053830e-02,-6.341216095744078984e+01
2.415103817336092251e-02,-5.978244705260200931e+01
2.416767111976131019e-02,-5.695235810764248896e+01
2.418430406616169787e-02,-5.504433126859754566e+01
2.420093701256208207e-02,-5.524484276423665108e+01
2.421756995896246975e-02,-5.789692077364940559e+01
2.423420290536285396e-02,-6.362247467652181854e+01
2.425083585176324164e-02,-6.739079989368475765e+01
2.426746879816362931e-02,-6.771096177568733765e+01
2.428410174456401352e-02,-6.926109531195118052e+01
2.430073469096440120e-02,-6.308464992544707428e+01
2.431736763736478540e-02,-6.136839021394432336e+01
2.433400058376517308e-02,-6.485489376628217428e+01
2.435063353016556076e-02,-8.285225465398774247e+01
2.436726647656594497e-02,-6.377909947826766768e+01
2.438389942296633264e-02,-5.968974876674990782e+01
2.440053236936671685e-02,-6.213021445574803181e+01
2.441716531576710453e-02,-7.111853295758679394e+01
2.443379826216749220e-02,-6.351048750088104811e+01
2.445043120856787641e-02,-5.847400159106996398e+01
2.446706415496826409e-02,-5.914597880743896496e+01
2.448369710136865177e-02,-6.626434446877468076e+01
2.450033004776903597e-02,-7.317139556169016146e+01
2.451696299416942365e-02,-6.913932445120914849e+01
2.453359594056980786e-02,-6.672412088969328181e+01
2.455022888697019554e-02,-6.509650670841777753e+01
2.456686183337058321e-02,-6.385079534206022345e+01
2.458349477977096742e-02,-6.210862158921499088e+01
2.460012772617135510e-02,-6.291202582264239851e+01
2.461676067257173930e-02,-6.809373338092443362e+01
2.463339361897212698e-02,-6.972380998384322481e+01
2.465002656537251466e-02,-7.090283423719604627e+01
2.466665951177289887e-02,-7.718500700519267355e+01
2.468329245817328654e-02,-8.202178168509621514e+01
2.469992540457367075e-02,-6.879511472901702973e+01
2.471655835097405843e-02,-6.643453557539386622e+01
2.473319129737444610e-02,-7.237337024651128559e+01
2.474982424377483031e-02,-7.617654334973263985e+01
2.476645719017521799e-02,-6.783511478106446191e+01
2.478309013657560220e-02,-6.957645025685634721e+01
2.479972308297598987e-02,-6.801475800165550822e+01
2.481635602937637755e-02,-7.073610426252326988e+01
2.483298897577676176e-02,-5.920305111314206670e+01
2.484962192217714944e-02,-5.675596457901696112e+01
2.486625486857753364e-02,-5.761522284743811184e+01
2.488288781497792132e-02,-5.911485909261444505e+01
2.489952076137830900e-02,-6.052180216097369936e+01
2.491615370777869320e-02,-5.962064348323864493e+01
2.493278665417908088e-02,-5.842756000430362917e+01
2.494941960057946509e-02,-6.076506374988105819e+01
2.496605254697985277e-02,-6.626486112744726142e+01
2.498268549338024044e-02,-6.476758986156708886e+01
2.499931843978062465e-02,-6.816394463562184569e+01
2.501595138618101233e-02,-6.968096134514615869e+01
2.503258433258140001e-02,-6.682817855939768492e+01
2.504921727898178421e-02,-6.335933101296941317e+01
2.506585022538217189e-02,-5.895825238512506417e+01
2.508248317178255610e-02,-6.087240149461325700e+01
2.509911611818294377e-02,-6.998419610463585627e+01
2.511574906458333145e-02,-7.711255346487914153e+01
2.513238201098371566e-02,-7.066056122149564089e+01
2.514901495738410334e-02,-6.752054656604778415e+01
2.516564790378448754e-02,-6.641189855280589427e+01
2.518228085018487522e-02,-6.541752429886821574e+01
2.519891379658526290e-02,-6.678291283731981309e+01
2.521554674298564711e-02,-6.930180108248406157e+01
2.523217968938603478e-02,-6.731057534243208806e+01
2.524881263578641899e-02,-6.306459379804245202e+01
2.526544558218680667e-02,-6.105755715081377843e+01
2.528207852858719434e-02,-5.973726322204111483e+01
2.529871147498757855e-02,-5.763925992980284008e+01
2.531534442138796623e-02,-5.423741925545986931e+01
2.533197736778835044e-02,-5.296497179408372347e+01
2.534861031418873811e-02,-5.475208599490424888e+01
2.536524326058912579e-02,-6.074273074009612117e+01
2.538187620698951000e-02,-7.862738696555092588e+01
2.539850915338989767e-02,-6.274006510927164015e+01
2.541514209979028188e-02,-6.130163167840706961e+01
2.543177504619066956e-02,-6.145062522981512387e+01
2.544840799259105724e-02,-6.393443139632283589e+01
2.546504093899144144e-02,-6.455673453350014768e+01
2.548167388539182912e-02,-6.201294019114552469e+01
2.549830683179221680e-02,-6.371130247467664987e+01
2.551493977819260101e-02,-6.439862120155781611e+01
2.553157272459298868e-02,-5.841200537723863562e+01
2.554820567099337289e-02,-5.683127070620748356e+01
2.556483861739376057e-02,-6.011008231766513177e+01
2.558147156379414824e-02,-7.700276872724032273e+01
2.559810451019453245e-02,-6.459721884762902278e+01
2.561473745659492013e-02,-7.170731554711471745e+01
2.563137040299530434e-02,-6.536979210783563587e+01
2.564800334939569201e-02,-6.188173876896657077e+01
2.566463629579607969e-02,-6.752611769102432504e+01
2.568126924219646390e-02,-7.682808620898491370e+01
2.569790218859685157e-02,-6.882840684506980722e+01
2.571453513499723578e-02,-6.758033505527156137e+01
2.573116808139762346e-02,-6.741394036596352635e+01
2.574780102779801114e-02,-6.165499199444444400e+01
2.576443397419839534e-02,-6.058677186607076237e+01
2.578106692059878302e-02,-6.394102042641016226e+01
2.579769986699916723e-02,-6.128313653684038798e+01
2.581433281339955491e-02,-6.088903480229332388e+01
2.583096575979994258e-02,-6.585632985933791872e+01
2.584759870620032679e-02,-7.511925276525919060e+01
2.586423165260071447e-02,-6.921352242385148656e+01
2.588086459900109867e-02,-6.621667739937643660e+01
2.589749754540148635e-02,-6.615793143530532916e+01
2.591413049180187403e-02,-6.154504699609753970e+01
2.593076343820225824e-02,-5.826539659416515349e+01
2.594739638460264591e-02,-5.576244973655186499e+01
2.596402933100303012e-02,-5.578087875863739953e+01
2.598066227740341780e-02,-5.938572596993155628e+01
2.599729522380380548e-02,-6.768200741636232465e+01
2.601392817020418968e-02,-6.433762737108581575e+01
2.603056111660457736e-02,-5.897690037420409936e+01
2.604719406300496504e-02,-5.864254705410844082e+01
2.606382700940534924e-02,-5.613832964589829544e+01
2.608045995580573692e-02,-5.531616173619929100e+01
2.609709290220612113e-02,-5.787277193787109297e+01
2.611372584860650881e-02,-6.048288769907468065e+01
2.613035879500689648e-02,-6.485151350691032235e+01
2.614699174140728069e-02,-6.435064169733109907e+01
2.616362468780766837e-02,-6.084251369026003431e+01
2.618025763420805258e-02,-6.463790693644783403e+01
2.619689058060844025e-02,-6.135921465719506074e+01
2.621352352700882793e-02,-5.952048332744990233e+01
2.623015647340921214e-02,-6.220498590507268943e+01
2.624678941980959981e-02,-6.530923837847608127e+01
2.626342236620998402e-02,-7.365059695473773616e+01
2.628005531261037170e-02,-7.092680659636306473e+01
2.629668825901075938e-02,-6.550505119975275647e+01
2.631332120541114358e-02,-6.418086353350781792e+01
2.632995415181153126e-02,-5.839053286483333238e+01
2.634658709821191547e-02,-5.599478199896186936e+01
2.636322004461230314e-02,-6.071562791341737153e+01
2.637985299101269082e-02,-7.234767163379082433e+01
2.639648593741307503e-02,-6.111208383406749078e+01
2.641311888381346271e-02,-6.342354331845364612e+01
2.642975183021384691e-02,-6.633587796378819235e+01
2.644638477661423459e-02,-5.620048751352793914e+01
2.646301772301462227e-02,-5.364590093182204100e+01
2.647965066941500648e-02,-5.420784763983441934e+01
2.649628361581539415e-02,-5.750197484971088357e+01
2.651291656221577836e-02,-6.165596773781592788e+01
2.652954950861616604e-02,-6.176012141464849492e+01
2.654618245501655371e-02,-6.077785853187088350e+01
2.656281540141693792e-02,-5.934707818646901956e+01
2.657944834781732560e-02,-6.049391770688350789e+01
2.659608129421771328e-02,-6.056940208674240012e+01
2.661271424061809748e-02,-5.937075208802119874e+01
2.662934718701848516e-02,-5.874733979153057817e+01
2.664598013341886937e-02,-5.950382945459367789e+01
2.666261307981925704e-02,-6.091029456997272717e+01
2.667924602621964472e-02,-6.328991718412758871e+01
2.669587897262002893e-02,-6.100685991436713351e+01
2.671251191902041661e-02,-5.654269920462607502e+01
2.672914486542080081e-02,-5.951033221124671968e+01
2.674577781182118849e-02,-6.993436870829287955e+01
2.676241075822157617e-02,-6.552134258450865900e+01
2.677904370462196038e-02,-6.449271320801153706e+01
2.679567665102234805e-02,-6.162858750284453180e+01
2.681230959742273226e-02,-6.301051203100741560e+01
2.682894254382311994e-02,-6.371555712971500185e+01
2.684557549022350761e-02,-6.564331899320947628e+01
2.686220843662389182e-02,-6.608090557692329980e+01
2.687884138302427950e-02,-5.621391007701255660e+01
2.689547432942466371e-02,-5.459455407650310832e+01
2.691210727582505138e-02,-5.575682059096103416e+01
2.692874022222543906e-02,-5.755100068917117540e+01
2.694537316862582327e-02,-5.846094228408483673e+01
2.696200611502621095e-02,-5.757248590920894316e+01
2.697863906142659515e-02,-5.758291370352164762e+01
2.699527200782698283e-02,-6.118109553817458846e+01
2.701190495422737051e-02,-6.350554734140828828e+01
2.702853790062775471e-02,-6.406501642097798310e+01
2.704517084702814239e-02,-6.726909659600354985e+01
2.706180379342853007e-02,-6.469257741475820467e+01
2.707843673982891428e-02,-6.302985165328598782e+01
2.709506968622930195e-02,-6.374827300365404170e+01
2.711170263262968616e-02,-6.409774737932725941e+01
2.712833557903007384e-02,-6.035377578523034003e+01
2.714496852543046151e-02,-5.817078876784768937e+01
2.716160147183084572e-02,-6.106426690778696553e+01
2.717823441823123340e-02,-6.467558369196999024e+01
2.719486736463161761e-02,-6.294686449798988548e+01
2.721150031103200528e-02,-6.094745987378179564e+01
2.722813325743239296e-02,-6.498890166900075371e+01
2.724476620383277717e-02,-6.469497738711511658e+01
2.726139915023316485e-02,-5.602092647011873794e+01
2.727803209663354905e-02,-5.371957404084700016e+01
2.729466504303393673e-02,-5.471327911846155700e+01
2.731129798943432441e-02,-5.699065512511473486e+01
2.732793093583470861e-02,-5.641311896800694115e+01
2.734456388223509629e-02,-5.577071489040275765e+01
2.736119682863548050e-02,-5.943946176108237012e+01
2.737782977503586818e-02,-6.153971917351586285e+01
2.739446272143625585e-02,-6.041572570034194456e+01
2.741109566783664006e-02,-6.879418651886948055e+01
2.742772861423702774e-02,-7.088010075930691301e+01
2.744436156063741195e-02,-7.995421631553415409e+01
2.746099450703779962e-02,-6.293069198134298148e+01
2.747762745343818730e-02,-5.600065035109322764e+01
2.749426039983857151e-02,-5.518539785223811123e+01
2.751089334623895918e-02,-5.710677243208358789e+01
2.752752629263934339e-02,-5.944177437107882866e+01
2.754415923903973107e-02,-6.081990853296674970e+01
2.756079218544011875e-02,-6.431404942061018915e+01
2.757742513184050295e-02,-7.165119092559579883e+01
2.759405807824089063e-02,-6.964131000159595430e+01
2.761069102464127831e-02,-6.303092152280405713e+01
2.762732397104166251e-02,-6.213058463557634070e+01
2.764395691744205019e-02,-6.557992612414639666e+01
2.766058986384243440e-02,-7.186978718858617299e+01
2.767722281024282208e-02,-6.377942885533364858e+01
2.769385575664320975e-02,-5.718595777093118215e+01
2.771048870304359396e-02,-5.595348885523626592e+01
2.772712164944398164e-02,-5.905483863408464629e+01
2.774375459584436585e-02,-6.598468713466269264e+01
2.776038754224475352e-02,-7.679894023684278181e+01
2.777702048864514120e-02,-6.030687744182791477e+01
2.779365343504552541e-02,-5.751639673699930455e+01
2.781028638144591308e-02,-6.162993661276644275e+01
2.782691932784629729e-02,-6.181894316591143479e+01
2.784355227424668497e-02,-5.713328097037211251e+01
2.786018522064707265e-02,-5.524177169189006520e+01
2.787681816704745685e-02,-5.476982621736566870e+01
2.789345111344784453e-02,-5.790084210727827951e+01
2.791008405984822874e-02,-6.190874637088512600e+01
2.792671700624861642e-02,-5.889321916437583582e+01
2.794334995264900409e-02,-5.691840741855408936e+01
2.795998289904938830e-02,-5.747365992911311139e+01
2.797661584544977598e-02,-6.040233568571400724e+01
2.799324879185016018e-02,-6.084711397199643557e+01
2.800988173825054786e-02,-5.795754347849707244e+01
2.802651468465093554e-02,-5.848200527291716355e+01
2.804314763105131975e-02,-6.466627915185112840e+01
2.805978057745170742e-02,-8.132053181306011425e+01
2.807641352385209163e-02,-8.438399663410955043e+01
2.809304647025247931e-02,-6.913539661406080938e+01
2.810967941665286698e-02,-6.001481964129241931e+01
2.812631236305325119e-02,-5.752826325347076164e+01
2.814294530945363887e-02,-5.923317346929835026e+01
2.815957825585402655e-02,-6.021544965470039301e+01
2.817621120225441075e-02,-5.799953145709656610e+01
2.819284414865479843e-02,-5.581920581990434727e+01
2.820947709505518264e-02,-5.612305931485781940e+01
2.822611004145557032e-02,-5.644374211397133934e+01
2.824274298785595799e-02,-5.596356304478809562e+01
2.825937593425634220e-02,-5.619409835304414003e+01
2.827600888065672988e-02,-5.847642351930002746e+01
2.829264182705711408e-02,-5.994931039539623896e+01
2.830927477345750176e-02,-5.991553399507458977e+01
2.832590771985788944e-02,-5.870433609543377429e+01
2.834254066625827365e-02,-5.602701543151540164e+01
2.835917361265866132e-02,-5.581079501197557846e+01
2.837580655905904553e-02,-5.642830456841680586e+01
2.839243950545943321e-02,-5.661389458334467406e+01
2.840907245185982088e-02,-5.720958183915256967e+01
2.842570539826020509e-02,-5.868551260470573538e+01
2.844233834466059277e-02,-6.203204473244862527e+01
2.845897129106097698e-02,-6.137862717893622744e+01
2.847560423746136465e-02,-5.982002097465417023e+01
2.849223718386175233e-02,-5.771334813131409902e+01
2.850887013026213654e-02,-5.633435248599327849e+01
2.852550307666252422e-02,-5.523248846325359551e+01
2.854213602306290842e-02,-5.376161105778506766e+01
2.855876896946329610e-02,-5.281689940721317100e+01
2.857540191586368378e-02,-5.301940182057401074e+01
2.859203486226406798e-02,-5.407929896661160285e+01
2.860866780866445566e-02,-5.668437448362350750e+01
2.862530075506483987e-02,-5.843695823659230371e+01
2.864193370146522755e-02,-5.851750938392613222e+01
2.865856664786561522e-02,-5.811587717642203899e+01
2.867519959426599943e-02,-5.741297824822615326e+01
2.869183254066638711e-02,-5.728472994256228645e+01
2.870846548706677479e-02,-5.852276320069273652e+01
2.872509843346715899e-02,-5.825322638942714093e+01
2.874173137986754667e-02,-5.940181711520779118e+01
2.875836432626793088e-02,-5.922713398069659974e+01
2.877499727266831855e-02,-5.695596066894614751e+01
2.879163021906870623e-02,-5.726735739000854863e+01
2.880826316546909044e-02,-6.023009161483816598e+01
2.882489611186947812e-02,-6.374529685870889750e+01
2.884152905826986232e-02,-6.241525037514935548e+01
2.885816200467025000e-02,-5.777776896546970420e+01
2.887479495107063768e-02,-5.661976081110056214e+01
2.889142789747102189e-02,-5.889693883855707668e+01
2.890806084387140956e-02,-6.634898302350997312e+01
2.892469379027179377e-02,-6.543151450463899721e+01
2.894132673667218145e-02,-6.165369651442395593e+01
2.895795968307256912e-02,-5.910564244898268527e+01
2.897459262947295333e-02,-5.766104977127669429e+01
2.899122557587334101e-02,-5.631702533128520827e+01
2.900785852227372522e-02,-5.666008437665944797e+01
2.902449146867411289e-02,-6.237956152104305829e+01
2.904112441507450057e-02,-6.060120323228627370e+01
2.905775736147488478e-02,-5.537989273708095794e+01
2.907439030787527245e-02,-5.546321473725061679e+01
2.909102325427565666e-02,-5.680874135675159664e+01
2.910765620067604434e-02,-5.643586259004020889e+01
2.912428914707643202e-02,-5.627068466846392170e+01
2.914092209347681622e-02,-5.772470096397520933e+01
2.915755503987720390e-02,-6.100089505350432262e+01
2.917418798627759158e-02,-6.386432906910307850e+01
2.919082093267797579e-02,-6.352947668285140281e+01
2.920745387907836346e-02,-6.517751028668233459e+01
2.922408682547874767e-02,-6.412329509191063437e+01
2.924071977187913535e-02,-6.250653152778758681e+01
2.925735271827952302e-02,-6.438719253704621792e+01
2.927398566467990723e-02,-7.191736197429774791e+01
2.929061861108029491e-02,-7.105258806167823593e+01
2.930725155748067912e-02,-6.676880201691550099e+01
2.932388450388106679e-02,-6.804615550167612525e+01
2.934051745028145447e-02,-6.605292031819195131e+01
2.935715039668183868e-02,-6.191384029034337999e+01
2.937378334308222635e-02,-6.251705603873034534e+01
2.939041628948261056e-02,-6.124227246152264570e+01
2.940704923588299824e-02,-6.072900035936024210e+01
2.942368218228338592e-02,-6.418195095109929582e+01
2.944031512868377012e-02,-7.236724591653023708e+01
2.945694807508415780e-02,-7.589654512098272221e+01
2.947358102148454201e-02,-6.939407277475579860e+01
2.949021396788492969e-02,-6.641151124606454914e+01
2.950684691428531736e-02,-6.654842762063383077e+01
2.952347986068570157e-02,-6.557743809436249194e+01
2.954011280708608925e-02,-6.453258781023870938e+01
2.955674575348647345e-02,-6.508256911168541592e+01
2.957337869988686113e-02,-6.053112052925602882e+01
2.959001164628724881e-02,-6.237630280659600146e+01
2.960664459268763302e-02,-6.990161552570475578e+01
2.962327753908802069e-02,-8.221574362380714263e+01
2.963991048548840490e-02,-7.076208001240487988e+01
2.965654343188879258e-02,-6.961253345691909544e+01
2.967317637828918025e-02,-6.985407808101898297e+01
2.968980932468956446e-02,-6.691778240301916014e+01
2.970644227108995214e-02,-6.733627295692988923e+01
2.972307521749033982e-02,-6.554412824576399998e+01
2.973970816389072402e-02,-6.521457660702881753e+01
2.975634111029111170e-02,-6.714659644300020602e+01
2.977297405669149591e-02,-7.754854602865387392e+01
2.978960700309188359e-02,-6.201504047854448487e+01
2.980623994949227126e-02,-5.894989886288539083e+01
2.982287289589265547e-02,-5.862620377650969772e+01
2.983950584229304315e-02,-6.129035982239897606e+01
2.985613878869342736e-02,-8.016473655009460231e+01
2.987277173509381503e-02,-6.446233579546408521e+01
2.988940468149420271e-02,-6.819118709803818490e+01
2.990603762789458692e-02,-6.778008861517326977e+01
2.992267057429497459e-02,-6.500256794370659463e+01
2.993930352069535880e-02,-7.595279571555812481e+01
2.995593646709574648e-02,-6.906188112147732738e+01
2.997256941349613416e-02,-6.253112038135726181e+01
2.998920235989651836e-02,-5.694732646559583600e+01
3.000583530629690604e-02,-5.530911506980476133e+01
3.002246825269729025e-02,-5.857178123049038021e+01
3.003910119909767792e-02,-6.593970860543370804e+01
3.005573414549806560e-02,-7.638588713833999577e+01
3.007236709189844981e-02,-7.062161428411354791e+01
3.008900003829883749e-02,-6.759360800813657022e+01
3.010563298469922169e-02,-6.706619883996944509e+01
3.012226593109960937e-02,-5.810413609585271644e+01
3.013889887749999705e-02,-5.699663175996448672e+01
3.015553182390038126e-02,-6.126938357842617933e+01
3.017216477030076893e-02,-6.618169114807678000e+01
3.018879771670115314e-02,-6.051571309497322204e+01
3.020543066310154082e-02,-6.287890807209277000e+01
3.022206360950192849e-02,-6.880861891945070852e+01
3.023869655590231270e-02,-6.356447876884161019e+01
3.025532950230270038e-02,-5.952661412645394989e+01
3.027196244870308806e-02,-5.833965729337225525e+01
3.028859539510347226e-02,-5.592326479274895945e+01
3.030522834150385994e-02,-5.555011187474059398e+01
3.032186128790424415e-02,-5.940360994409883233e+01
3.033849423430463182e-02,-6.265080746501774911e+01
3.035512718070501950e-02,-6.072254844518742090e+01
3.037176012710540371e-02,-5.918746834420790748e+01
3.038839307350579139e-02,-5.851148733526747492e+01
3.040502601990617559e-02,-5.678986197758852228e+01
3.042165896630656327e-02,-5.695137433591191467e+01
3.043829191270695095e-02,-5.672494757105365437e+01
3.045492485910733516e-02,-5.498902005530788983e+01
3.047155780550772283e-02,-5.344762702138211097e+01
3.048819075190810704e-02,-5.411733559802868854e+01
3.050482369830849472e-02,-5.863482449606019031e+01
3.052145664470888239e-02,-6.455488713930363076e+01
3.053808959110926660e-02,-6.297150557235798374e+01
3.055472253750965428e-02,-5.714499551088069040e+01
3.057135548391003849e-02,-5.506034714694165189e+01
3.058798843031042616e-02,-5.538970607053802553e+01
3.060462137671081384e-02,-5.615110801597730728e+01
3.062125432311119805e-02,-5.791287460059664483e+01
3.063788726951158572e-02,-5.586883237758073051e+01
3.065452021591196993e-02,-5.535332239503466667e+01
3.067115316231235761e-02,-6.029369551832754581e+01
3.068778610871274529e-02,-7.356595214794087667e+01
3.070441905511312949e-02,-6.517579849210002862e+01
3.072105200151351717e-02,-5.829905536197946958e+01
3.073768494791390485e-02,-5.523145290749988590e+01
3.075431789431428906e-02,-5.457078180676720791e+01
3.077095084071467673e-02,-5.584157992885207022e+01
3.078758378711506094e-02,-5.664401690986561277e+01
3.080421673351544862e-02,-5.486378515678107703e+01
3.082084967991583629e-02,-5.384491643891139745e+01
3.083748262631622050e-02,-5.578879028732129086e+01
3.085411557271660818e-02,-5.831601875905850818e+01
3.087074851911699239e-02,-5.883864213574388202e+01
3.088738146551738006e-02,-5.653061890304613968e+01
3.090401441191776774e-02,-5.604030052310280041e+01
3.092064735831815195e-02,-5.697578008814311801e+01
3.093728030471853963e-02,-5.775188732485332110e+01
3.095391325111892383e-02,-6.103656513578765441e+01
3.097054619751931151e-02,-6.623118947530346645e+01
3.098717914391969919e-02,-6.630018291349878723e+01
3.100381209032008339e-02,-6.703413044103716345e+01
3.102044503672047107e-02,-6.702466199245441203e+01
3.103707798312085528e-02,-6.022347267683534255e+01
3.105371092952124296e-02,-5.711220532620004775e+01
3.107034387592163063e-02,-5.689143066983583452e+01
3.108697682232201484e-02,-5.767335606418185279e+01
3.110360976872240252e-02,-5.930824281032296597e+01
3.112024271512278673e-02,-6.185897188703344085e+01
3.113687566152317440e-02,-6.297196916289311730e+01
3.115350860792356208e-02,-6.018864616587271144e+01
3.117014155432394629e-02,-5.581273496074784646e+01
3.118677450072433396e-02,-5.316131965716144236e+01
3.120340744712471817e-02,-5.272868503565703691e+01
3.122004039352510585e-02,-5.351457627361937597e+01
3.123667333992549353e-02,-5.429372137818747035e+01
3.125330628632588120e-02,-5.474110121169600518e+01
3.126993923272626541e-02,-5.553588718878575747e+01
3.128657217912664962e-02,-5.552070215812496201e+01
3.130320512552704076e-02,-5.429554645883371933e+01
3.131983807192742497e-02,-5.437588676131237975e+01
3.133647101832780918e-02,-5.436611384537935976e+01
3.135310396472819339e-02,-5.346812015079638059e+01
3.136973691112858453e-02,-5.406471712546462527e+01
3.138636985752896874e-02,-5.708792601945931722e+01
3.140300280392935295e-02,-6.044484790779661409e+01
3.141963575032974409e-02,-6.188147700235664672e+01
3.143626869673012830e-02,-6.387829346203190539e+01
3.145290164313051251e-02,-6.227063726671545396e+01
3.146953458953090366e-02,-5.718556551598694426e+01
3.148616753593128786e-02,-5.528282000138415242e+01
3.150280048233167207e-02,-5.672481612106945903e+01
3.151943342873205628e-02,-6.275088360462248005e+01
3.153606637513244743e-02,-6.794980083690775530e+01
3.155269932153283163e-02,-6.844277341056907460e+01
3.156933226793321584e-02,-5.976041404731997631e+01
3.158596521433360699e-02,-5.884514486730062544e+01
3.160259816073399119e-02,-6.500811502121833030e+01
3.161923110713437540e-02,-6.701447664315982422e+01
3.163586405353476655e-02,-6.229152206433521144e+01
3.165249699993515076e-02,-5.886152816104564067e+01
3.166912994633553496e-02,-5.922343109577973763e+01
3.168576289273592611e-02,-6.290313508199243131e+01
3.170239583913631032e-02,-6.320158177021043855e+01
3.171902878553669453e-02,-6.146043969876199498e+01
3.173566173193707873e-02,-5.978243912175661023e+01
3.175229467833746988e-02,-5.932009312323238248e+01
3.176892762473785409e-02,-6.203305412419367570e+01
3.178556057113823829e-02,-6.735081536683379966e+01
3.180219351753862944e-02,-6.776315629205421942e+01
3.181882646393901365e-02,-6.835418052803797195e+01
3.183545941033939786e-02,-6.011202216886621841e+01
3.185209235673978900e-02,-5.583224083952256933e+01
3.186872530314017321e-02,-5.522452451138920537e+01
3.188535824954055742e-02,-5.769754063369283159e+01
3.190199119594094163e-02,-6.449181617264636657e+01
3.191862414234133277e-02,-6.388370885757257867e+01
3.193525708874171698e-02,-6.296656352231146059e+01
3.195189003514210119e-02,-7.155832589739603122e+01
3.196852298154249233e-02,-6.679584025640517098e+01
3.198515592794287654e-02,-6.102198340867274595e+01
3.200178887434326075e-02,-6.080143836569345694e+01
3.201842182074365190e-02,-6.289072774967296198e+01
3.203505476714403610e-02,-6.660434289758694604e+01
3.205168771354442031e-02,-6.882048038532057888e+01
3.206832065994481146e-02,-6.811560146602025156e+01
3.208495360634519566e-02,-6.782237624189048120e+01
3.210158655274557987e-02,-6.779514881857571140e+01
3.211821949914596408e-02,-6.526358861357950047e+01
3.213485244554635523e-02,-6.474878100645528889e+01
3.215148539194673943e-02,-6.164242474880396117e+01
3.216811833834712364e-02,-5.818867457709306734e+01
3.218475128474751479e-02,-5.925051381298341369e+01
3.220138423114789900e-02,-6.287974221624615723e+01
3.221801717754828320e-02,-5.957372062077127595e+01
3.223465012394867435e-02,-5.644075313715116238e+01
3.225128307034905856e-02,-5.656852082489499622e+01
3.226791601674944276e-02,-5.865205453703862304e+01
3.228454896314982697e-02,-6.152911740631143545e+01
3.230118190955021812e-02,-5.845133678397928634e+01
3.231781485595060233e-02,-5.544783186926832741e+01
3.233444780235098653e-02,-5.457718695526991581e+01
3.235108074875137768e-02,-5.813609754504710025e+01
3.236771369515176189e-02,-6.661154087121192902e+01
3.238434664155214610e-02,-6.029296976944571185e+01
3.240097958795253724e-02,-6.013915710550473648e+01
3.241761253435292145e-02,-6.114476212641653774e+01
3.243424548075330566e-02,-6.026540808074993549e+01
3.245087842715368986e-02,-5.843243026798181461e+01
3.246751137355408101e-02,-5.706604452133230154e+01
3.248414431995446522e-02,-5.610880662633185523e+01
3.250077726635484943e-02,-5.760402437085203786e+01
3.251741021275524057e-02,-6.260761658320724621e+01
3.253404315915562478e-02,-5.835610623586954659e+01
3.255067610555600899e-02,-5.189434927255813790e+01
3.256730905195640013e-02,-5.029413490544938981e+01
3.258394199835678434e-02,-5.178687287049538668e+01
3.260057494475716855e-02,-5.323812091227086540e+01
3.261720789115755970e-02,-5.351163896063430059e+01
3.263384083755794390e-02,-5.241463510803023951e+01
3.265047378395832811e-02,-5.137351456674905847e+01
3.266710673035871232e-02,-5.111025199879354375e+01
3.268373967675910347e-02,-5.054052654248349086e+01
3.270037262315948767e-02,-5.042908203282209456e+01
3.271700556955987188e-02,-5.132087558572050057e+01
3.273363851596026303e-02,-5.216152311680964715e+01
3.275027146236064723e-02,-5.297435554761464260e+01
3.276690440876103144e-02,-5.361992403271872831e+01
3.278353735516142259e-02,-5.411057012897763485e+01
3.280017030156180680e-02,-5.312639216198142122e+01
3.281680324796219100e-02,-5.086050170863764919e+01
3.283343619436257521e-02,-4.949388890547329112e+01
3.285006914076296636e-02,-4.943799432247917025e+01
3.286670208716335057e-02,-5.056206056725214637e+01
3.288333503356373477e-02,-5.339748062374114568e+01
3.289996797996412592e-02,-5.573672391417897387e+01
3.291660092636451013e-02,-5.331688403918746388e+01
3.293323387276489433e-02,-5.052950933160293800e+01
3.294986681916528548e-02,-4.917905222437735802e+01
3.296649976556566969e-02,-4.854563244956923995e+01
3.298313271196605390e-02,-4.897044674924845964e+01
3.299976565836643810e-02,-5.014586132558875420e+01
3.301639860476682925e-02,-5.026136920419744314e+01
3.303303155116721346e-02,-4.870976948948391794e+01
3.304966449756759767e-02,-4.720295822965623955e+01
3.306629744396798881e-02,-4.675381176937440841e+01
3.308293039036837302e-02,-4.777350400743074488e+01
3.309956333676875723e-02,-4.975362183033265495e+01
3.311619628316914837e-02,-5.206389993928511473e+01
3.313282922956953258e-02,-5.385957139973079677e+01
3.314946217596991679e-02,-5.253103765147373849e+01
3.316609512237030793e-02,-5.074004696192587005e+01
3.318272806877069214e-02,-5.028744954158338487e+01
3.319936101517107635e-02,-5.136598376208853267e+01
3.321599396157146056e-02,-5.300706698925217353e+01
3.323262690797185170e-02,-5.307291881713375403e+01
3.324925985437223591e-02,-5.277879926981648850e+01
3.326589280077262012e-02,-5.395161591301784654e+01
3.328252574717301127e-02,-5.650368282151597299e+01
3.329915869357339547e-02,-5.725984417768252399e+01
3.331579163997377968e-02,-5.412523934478561216e+01
3.333242458637417083e-02,-5.146653226512314916e+01
3.334905753277455503e-02,-5.003236567837124227e+01
3.336569047917493924e-02,-5.005996638240442564e+01
3.338232342557532345e-02,-5.115588017208000338e+01
3.339895637197571460e-02,-5.132423067152959106e+01
3.341558931837609880e-02,-5.174958711841532022e+01
3.343222226477648301e-02,-5.337492828711684467e+01
3.344885521117687416e-02,-5.374387409359090384e+01
3.346548815757725837e-02,-5.119064436379982652e+01
3.348212110397764257e-02,-4.863290529613968971e+01
3.349875405037803372e-02,-4.820680243424568800e+01
3.351538699677841793e-02,-5.019624552359084646e+01
3.353201994317880213e-02,-5.324620970125414487e+01
3.354865288957918634e-02,-5.449815997399596768e+01
3.356528583597957749e-02,-5.478185428358477793e+01
3.358191878237996170e-02,-5.444568834378272726e+01
3.359855172878034590e-02,-5.313141755739376748e+01
3.361518467518073705e-02,-5.219721341967182582e+01
3.363181762158112126e-02,-5.115492884161287179e+01
3.364845056798150547e-02,-4.950880762124748458e+01
3.366508351438189661e-02,-4.831820601096029577e+01
3.368171646078228082e-02,-4.800367196748949539e+01
3.369834940718266503e-02,-4.875124357225033123e+01
3.371498235358305617e-02,-5.067154520995604372e+01
3.373161529998344038e-02,-5.290592352054207481e+01
3.374824824638382459e-02,-5.286426395874848083e+01
3.376488119278420880e-02,-5.302683968083887578e+01
3.378151413918459994e-02,-5.387205231404092842e+01
3.379814708558498415e-02,-5.258706074453009904e+01
3.381478003198536836e-02,-5.141770416126092158e+01
3.383141297838575950e-02,-5.168912194119592840e+01
3.384804592478614371e-02,-5.170123430373693907e+01
3.386467887118652792e-02,-5.005604139792768592e+01
3.388131181758691907e-02,-4.886866764813167663e+01
3.389794476398730327e-02,-4.858369724547194579e+01
3.391457771038768748e-02,-4.956510004724676577e+01
3.393121065678807169e-02,-5.119100763841317558e+01
3.394784360318846284e-02,-5.207847682094994468e+01
3.396447654958884704e-02,-5.302673797638911424e+01
3.398110949598923125e-02,-5.431987382081590710e+01
3.399774244238962240e-02,-5.392514927737703090e+01
3.401437538879000660e-02,-5.339333017051266239e+01
3.403100833519039081e-02,-5.389794931580258464e+01
3.404764128159078196e-02,-5.384713175962600928e+01
3.406427422799116617e-02,-5.267347281472667930e+01
3.408090717439155037e-02,-5.255132630670489391e+01
3.409754012079193458e-02,-5.262231334591120202e+01
3.411417306719232573e-02,-5.226698802692372681e+01
3.413080601359270994e-02,-5.271574756687770957e+01
3.414743895999309414e-02,-5.358593138088566832e+01
3.416407190639348529e-02,-5.352354311398271136e+01
3.418070485279386950e-02,-5.300921676778316538e+01
3.419733779919425370e-02,-5.387592565227321728e+01
3.421397074559464485e-02,-5.606846714729994119e+01
3.423060369199502906e-02,-5.703804812634472654e+01
3.424723663839541327e-02,-5.522447517610250145e+01
3.426386958479580441e-02,-5.310892211012142639e+01
3.428050253119618862e-02,-5.253306140385636525e+01
3.429713547759657283e-02,-5.209678770617871635e+01
3.431376842399695704e-02,-5.169786759889743166e+01
3.433040137039734818e-02,-5.217057497754847617e+01
3.434703431679773239e-02,-5.229808316801413071e+01
3.436366726319811660e-02,-5.104920437751491846e+01
3.438030020959850774e-02,-4.985230587543398428e+01
3.439693315599889195e-02,-5.028912808050836958e+01
3.441356610239927616e-02,-5.232150012352163770e+01
3.443019904879966731e-02,-5.445111757941554487e+01
3.444683199520005151e-02,-5.500534580243509453e+01
3.446346494160043572e-02,-5.393743207791133187e+01
3.448009788800081993e-02,-5.243025589811765741e+01
3.449673083440121107e-02,-5.184315245752640067e+01
3.451336378080159528e-02,-5.114067073269572461e+01
3.452999672720197949e-02,-5.036815922631357978e+01
3.454662967360237064e-02,-5.073330387537875907e+01
3.456326262000275484e-02,-5.165472813198079649e+01
3.457989556640313905e-02,-5.155605643887567169e+01
3.459652851280353020e-02,-5.072723937361725177e+01
3.461316145920391441e-02,-5.056356095523159411e+01
3.462979440560429861e-02,-5.190569152588739854e+01
3.464642735200468282e-02,-5.321467170417935222e+01
3.466306029840507397e-02,-5.313746895112653590e+01
3.467969324480545817e-02,-5.214436159531985027e+01
3.469632619120584238e-02,-5.079967285627868989e+01
3.471295913760623353e-02,-5.046298940422953905e+01
3.472959208400661774e-02,-5.034150845925319118e+01
3.474622503040700194e-02,-4.950485208887377553e+01
3.476285797680739309e-02,-4.952517858068634382e+01
3.477949092320777730e-02,-5.000897125612398497e+01
3.479612386960816151e-02,-4.907405793153071016e+01
3.481275681600855265e-02,-4.846713874497961427e+01
3.482938976240893686e-02,-4.921479346394423260e+01
3.484602270880932107e-02,-5.105796343173939533e+01
3.486265565520970527e-02,-5.209839684451218744e+01
3.487928860161009642e-02,-5.101247725587629844e+01
3.489592154801048063e-02,-4.996427688921780685e+01
3.491255449441086484e-02,-5.010500478666803303e+01
3.492918744081125598e-02,-5.069619791972947809e+01
3.494582038721164019e-02,-4.972830987229936284e+01
3.496245333361202440e-02,-4.770810595180263647e+01
3.497908628001241554e-02,-4.713751472584490188e+01
3.499571922641279975e-02,-4.815164296821180301e+01
3.501235217281318396e-02,-4.990481751055926907e+01
3.502898511921356817e-02,-5.095164343561309295e+01
3.504561806561395931e-02,-4.993027203794711966e+01
3.506225101201434352e-02,-4.865553642168950432e+01
3.507888395841472773e-02,-4.850418362740980172e+01
3.509551690481511887e-02,-4.890206688151742753e+01
3.511214985121550308e-02,-4.927945237242376919e+01
3.512878279761588729e-02,-4.911135610986753619e+01
3.514541574401627844e-02,-4.848384605331734321e+01
3.516204869041666264e-02,-4.820533800226172616e+01
3.517868163681704685e-02,-4.801300241393037993e+01
3.519531458321743106e-02,-4.790098559727195493e+01
3.521194752961782221e-02,-4.864256443011751685e+01
3.522858047601820641e-02,-4.926769126964148882e+01
3.524521342241859062e-02,-4.863993333816127063e+01
3.526184636881898177e-02,-4.790790235449075851e+01
3.527847931521936597e-02,-4.872692520716695697e+01
3.529511226161975018e-02,-5.102972962344157537e+01
3.531174520802014133e-02,-5.171741004702034417e+01
3.532837815442052554e-02,-5.030539127795685062e+01
3.534501110082090974e-02,-4.969072708477859379e+01
3.536164404722130089e-02,-4.971838206314151876e+01
3.537827699362168510e-02,-4.944908182751358794e+01
3.539490994002206931e-02,-4.932849489893029471e+01
3.541154288642245351e-02,-4.936287727824598193e+01
3.542817583282284466e-02,-4.823004569852834322e+01
3.544480877922322887e-02,-4.766985406061906616e+01
3.546144172562361307e-02,-4.893383142709364364e+01
3.547807467202400422e-02,-5.129051664255270282e+01
3.549470761842438843e-02,-5.217802600164218063e+01
3.551134056482477264e-02,-5.105181142575944619e+01
3.552797351122516378e-02,-4.960172778248733749e+01
3.554460645762554799e-02,-4.908318963486755848e+01
3.556123940402593220e-02,-4.916690530680657645e+01
3.557787235042631641e-02,-4.881925724589581250e+01
3.559450529682670755e-02,-4.883918628572463660e+01
3.561113824322709176e-02,-4.850326292360997371e+01
3.562777118962747597e-02,-4.689331632216248380e+01
3.564440413602786711e-02,-4.594996872501259588e+01
3.566103708242825132e-02,-4.701357441549311744e+01
3.567767002882863553e-02,-4.865413538745357158e+01
3.569430297522902668e-02,-4.899496276344444823e+01
3.571093592162941088e-02,-4.877900096167963540e+01
3.572756886802979509e-02,-4.810308039845538985e+01
3.574420181443018624e-02,-4.614475330733340286e+01
3.576083476083057044e-02,-4.454309573434126435e+01
3.577746770723095465e-02,-4.425248000004523874e+01
3.579410065363133886e-02,-4.467966885380171504e+01
3.581073360003173001e-02,-4.473908325853532375e+01
3.582736654643211421e-02,-4.427040539253510332e+01
3.584399949283249842e-02,-4.349816698957361893e+01
3.586063243923288957e-02,-4.323073802734626270e+01
3.587726538563327378e-02,-4.352420182755558642e+01
3.589389833203365798e-02,-4.367307038904023386e+01
3.591053127843404913e-02,-4.300687540370267925e+01
3.592716422483443334e-02,-4.229075034125071397e+01
3.594379717123481754e-02,-4.229548717585511497e+01
3.596043011763520175e-02,-4.257080486767020489e+01
3.597706306403559290e-02,-4.218027030547412437e+01
3.599369601043597711e-02,-4.157877123335758540e+01
3.601032895683636131e-02,-4.129737035846154924e+01
3.602696190323675246e-02,-4.135074377800710010e+01
3.604359484963713667e-02,-4.163321264376350683e+01
3.606022779603752088e-02,-4.241363027871518199e+01
3.607686074243791202e-02,-4.301295686795279494e+01
3.609349368883829623e-02,-4.291256158532175391e+01
3.611012663523868044e-02,-4.265382599078839831e+01
3.612675958163906464e-02,-4.228869016433657180e+01
3.614339252803945579e-02,-4.178932368616016646e+01
3.616002547443984000e-02,-4.167235438075670828e+01
3.617665842084022421e-02,-4.172921648912196702e+01
3.619329136724061535e-02,-4.169659206534144857e+01
3.620992431364099956e-02,-4.175858384329831097e+01
3.622655726004138377e-02,-4.164782104579575162e+01
3.624319020644177491e-02,-4.143288774781916572e+01
3.625982315284215912e-02,-4.189979053862170844e+01
3.627645609924254333e-02,-4.238365399334639250e+01
3.629308904564293448e-02,-4.217582084077200477e+01
3.630972199204331868e-02,-4.240086719367261026e+01
3.632635493844370289e-02,-4.323981664488612608e+01
3.634298788484408710e-02,-4.347954030802901570e+01
3.635962083124447825e-02,-4.324190556799877783e+01
3.637625377764486245e-02,-4.333704615634330537e+01
3.639288672404524666e-02,-4.340840616693590448e+01
3.640951967044563781e-02,-4.326502527426337963e+01
3.642615261684602201e-02,-4.311854015781768368e+01
3.644278556324640622e-02,-4.290788176294776690e+01
3.645941850964679737e-02,-4.258759249993800466e+01
3.647605145604718158e-02,-4.213542444275024224e+01
3.649268440244756578e-02,-4.206865165885442082e+01
3.650931734884794999e-02,-4.217080187922290690e+01
3.652595029524834114e-02,-4.191899324359891921e+01
3.654258324164872535e-02,-4.190796027225506748e+01
3.655921618804910955e-02,-4.239829153194408207e+01
3.657584913444950070e-02,-4.271536219431609993e+01
3.659248208084988491e-02,-4.248972272874469525e+01
3.660911502725026911e-02,-4.234211614627203346e+01
3.662574797365066026e-02,-4.255288459699144710e+01
3.664238092005104447e-02,-4.285536219417075898e+01
3.665901386645142868e-02,-4.325248602155816968e+01
3.667564681285181288e-02,-4.425446318413685276e+01
3.669227975925220403e-02,-4.541640425674348336e+01
3.670891270565258824e-02,-4.578676743926092740e+01
3.672554565205297245e-02,-4.585107111664030555e+01
3.674217859845336359e-02,-4.645343583234587470e+01
3.675881154485374780e-02,-4.681252984546315332e+01
3.677544449125413201e-02,-4.630233284602348931e+01
3.679207743765452315e-02,-4.556852162001925421e+01
3.680871038405490736e-02,-4.570256333285870198e+01
3.682534333045529157e-02,-4.640126098952200095e+01
3.684197627685568271e-02,-4.717157626905012791e+01
3.685860922325606692e-02,-4.832941765498500786e+01
3.687524216965645113e-02,-4.908786696339581113e+01
3.689187511605683534e-02,-4.878145088307984167e+01
3.690850806245722648e-02,-4.911097866236886489e+01
3.692514100885761069e-02,-5.021338965012441236e+01
3.694177395525799490e-02,-5.066135325895447750e+01
3.695840690165838605e-02,-4.938209979356531676e+01
3.697503984805877025e-02,-4.760363278478794768e+01
3.699167279445915446e-02,-4.677847421190175226e+01
3.700830574085954561e-02,-4.656925720675063474e+01
3.702493868725992981e-02,-4.605399259890334918e+01
3.704157163366031402e-02,-4.568921802512125652e+01
3.705820458006069823e-02,-4.624743352034715826e+01
3.707483752646108938e-02,-4.768830797023281320e+01
3.709147047286147358e-02,-4.936168101274743947e+01
3.710810341926185779e-02,-5.123567731143430848e+01
3.712473636566224894e-02,-5.279997970845155919e+01
3.714136931206263315e-02,-5.276961824975585813e+01
3.715800225846301735e-02,-5.294796054970908017e+01
3.717463520486340850e-02,-5.284130162998974356e+01
3.719126815126379271e-02,-5.146639478386798316e+01
3.720790109766417691e-02,-5.039332314836177318e+01
3.722453404406456112e-02,-5.041436248385245733e+01
3.724116699046495227e-02,-5.037534073400393453e+01
3.725779993686533648e-02,-4.986913366584313678e+01
3.727443288326572068e-02,-4.906463612670111729e+01
3.729106582966611183e-02,-4.868938496918176639e+01
3.730769877606649604e-02,-4.864488759625007930e+01
3.732433172246688025e-02,-4.831805223706244590e+01
3.734096466886727139e-02,-4.773280347263857948e+01
3.735759761526765560e-02,-4.713607501165440539e+01
3.737423056166803981e-02,-4.621178747227102690e+01
3.739086350806843095e-02,-4.502181278205114268e+01
3.740749645446881516e-02,-4.443206172515270680e+01
3.742412940086919937e-02,-4.475102662934136788e+01
3.744076234726958358e-02,-4.492929316961852493e+01
3.745739529366997472e-02,-4.398035776376179484e+01
3.747402824007035893e-02,-4.277309167362955122e+01
3.749066118647074314e-02,-4.229430719180121656e+01
3.750729413287113428e-02,-4.217215208002770055e+01
3.752392707927151849e-02,-4.268443825013466153e+01
3.754056002567190270e-02,-4.385990233319234477e+01
3.755719297207229385e-02,-4.431978311273294224e+01
3.757382591847267805e-02,-4.362975624217745718e+01
3.759045886487306226e-02,-4.291996267797390630e+01
3.760709181127344647e-02,-4.264964821817345353e+01
3.762372475767383762e-02,-4.220876295659603983e+01
3.764035770407422182e-02,-4.174131087099137005e+01
3.765699065047460603e-02,-4.189944037381152242e+01
3.767362359687499718e-02,-4.243509271504535008e+01
3.769025654327538138e-02,-4.318608951156072351e+01
3.770688948967576559e-02,-4.439817661819564165e+01
3.772352243607615674e-02,-4.510402845804723171e+01
3.774015538247654095e-02,-4.456613414240115389e+01
3.775678832887692515e-02,-4.384696107667258502e+01
3.777342127527730936e-02,-4.354624998517491008e+01
3.779005422167770051e-02,-4.322100914863507626e+01
3.780668716807808472e-02,-4.284757457776788669e+01
3.782332011447846892e-02,-4.297071676720570110e+01
3.783995306087886007e-02,-4.387919215856450705e+01
3.785658600727924428e-02,-4.475117341286578210e+01
3.787321895367962848e-02,-4.478042178568890819e+01
3.788985190008001963e-02,-4.452478185998153037e+01
3.790648484648040384e-02,-4.478054522155427719e+01
3.792311779288078805e-02,-4.577743988601085334e+01
3.793975073928117919e-02,-4.640359758310576410e+01
3.795638368568156340e-02,-4.542051189384121557e+01
3.797301663208194761e-02,-4.438579436654015353e+01
3.798964957848233182e-02,-4.407782286823262297e+01
3.800628252488272296e-02,-4.458150416175279673e+01
3.802291547128310717e-02,-4.576144893749601295e+01
3.803954841768349138e-02,-4.707597606392162959e+01
3.805618136408388252e-02,-4.742772758222123741e+01
3.807281431048426673e-02,-4.663530415457407230e+01
3.808944725688465094e-02,-4.574743885985795799e+01
3.810608020328504209e-02,-4.535641751389343312e+01
3.812271314968542629e-02,-4.579210577852283137e+01
3.813934609608581050e-02,-4.701138552497590695e+01
3.815597904248619471e-02,-4.741958133331205971e+01
3.817261198888658585e-02,-4.723721111528763572e+01
3.818924493528697006e-02,-4.817843236291568587e+01
3.820587788168735427e-02,-5.029869543627774675e+01
3.822251082808774542e-02,-5.238122439387194618e+01
3.823914377448812962e-02,-5.463670599018649199e+01
3.825577672088851383e-02,-5.617795685482592205e+01
3.827240966728890498e-02,-5.603274630623970864e+01
3.828904261368928919e-02,-5.761621121955905522e+01
3.830567556008967339e-02,-5.929641229750497899e+01
3.832230850649005760e-02,-5.561732602705190232e+01
3.833894145289044875e-02,-5.211677789242032333e+01
3.835557439929083295e-02,-5.102837709709250191e+01
3.837220734569121716e-02,-5.041224657034527468e+01
3.838884029209160831e-02,-4.917822309917316659e+01
3.840547323849199252e-02,-4.807003127482400373e+01
3.842210618489237672e-02,-4.684059488577135255e+01
3.843873913129276787e-02,-4.580276018593778531e+01
3.845537207769315208e-02,-4.545136291710979037e+01
3.847200502409353629e-02,-4.514789771855053857e+01
3.848863797049392743e-02,-4.470750053986204620e+01
3.850527091689431164e-02,-4.411436580815351505e+01
3.852190386329469585e-02,-4.332533861791404206e+01
3.853853680969508005e-02,-4.260516307508971323e+01
3.855516975609547120e-02,-4.210625430154361482e+01
3.857180270249585541e-02,-4.156941918586159090e+01
3.858843564889623962e-02,-4.091284675734382148e+01
3.860506859529663076e-02,-4.056276958129689802e+01
3.862170154169701497e-02,-4.073468918595218469e+01
3.863833448809739918e-02,-4.076843547872280737e+01
3.865496743449779032e-02,-4.021189693395037068e+01
3.867160038089817453e-02,-3.960791021644720900e+01
3.868823332729855874e-02,-3.938711112490027233e+01
3.870486627369894295e-02,-3.948210356382337238e+01
3.872149922009933409e-02,-3.972950028484811469e+01
3.873813216649971830e-02,-3.995840555204782163e+01
3.875476511290010251e-02,-4.006365311926118267e+01
3.877139805930049365e-02,-4.015190101331636896e+01
3.878803100570087786e-02,-4.018006267118332175e+01
3.880466395210126207e-02,-3.968231475122938434e+01
3.882129689850165322e-02,-3.874698035904189197e+01
3.883792984490203742e-02,-3.812346622750192182e+01
3.885456279130242163e-02,-3.798721028685471168e+01
3.887119573770280584e-02,-3.813138890421872418e+01
3.888782868410319699e-02,-3.807052743409941797e+01
3.890446163050358119e-02,-3.739742076822066252e+01
3.892109457690396540e-02,-3.673595524742043494e+01
3.893772752330435655e-02,-3.662301744682041260e+01
3.895436046970474075e-02,-3.663436685247410196e+01
3.897099341610512496e-02,-3.635568309138947996e+01
3.898762636250551611e-02,-3.604542903156254852e+01
3.900425930890590032e-02,-3.594463815157563857e+01
3.902089225530628452e-02,-3.590575830113713351e+01
3.903752520170667567e-02,-3.616338680592672716e+01
3.905415814810705988e-02,-3.661632747598051196e+01
3.907079109450744409e-02,-3.658821355649781992e+01
3.908742404090782829e-02,-3.611045865905307295e+01
3.910405698730821944e-02,-3.576311990845346855e+01
3.912068993370860365e-02,-3.564721207815051685e+01
3.913732288010898785e-02,-3.556672441483910063e+01
3.915395582650937900e-02,-3.546488045097949282e+01
3.917058877290976321e-02,-3.547783865052243613e+01
3.918722171931014742e-02,-3.544025665207830400e+01
3.920385466571053856e-02,-3.526409367411145013e+01
3.922048761211092277e-02,-3.539636533469001023e+01
3.923712055851130698e-02,-3.607500277681950251e+01
3.925375350491169119e-02,-3.684359019225154697e+01
3.927038645131208233e-02,-3.763681856111264779e+01
3.928701939771246654e-02,-3.862734002345283102e+01
3.930365234411285075e-02,-3.922385004542740461e+01
3.932028529051324189e-02,-3.932605748449379490e+01
3.933691823691362610e-02,-3.938913218320841025e+01
3.935355118331401031e-02,-3.927019579639448210e+01
3.937018412971440146e-02,-3.882969987466363193e+01
3.938681707611478566e-02,-3.824918901818594463e+01
3.940345002251516987e-02,-3.805588407445835486e+01
3.942008296891556102e-02,-3.866789816941288649e+01
3.943671591531594522e-02,-3.993447426250788368e+01
3.945334886171632943e-02,-4.107281178825236623e+01
3.946998180811671364e-02,-4.170657568950525729e+01
3.948661475451710479e-02,-4.209266310813539747e+01
3.950324770091748899e-02,-4.218454927428562939e+01
3.951988064731787320e-02,-4.202745942598750162e+01
3.953651359371826435e-02,-4.228672065761706023e+01
3.955314654011864856e-02,-4.333742943219236565e+01
3.956977948651903276e-02,-4.469072300880138471e+01
3.958641243291942391e-02,-4.559220723614707538e+01
3.960304537931980812e-02,-4.598226660843039326e+01
3.961967832572019232e-02,-4.624138436021220144e+01
3.963631127212057653e-02,-4.584533943216649732e+01
3.965294421852096768e-02,-4.461759991572399286e+01
3.966957716492135189e-02,-4.359228278421586822e+01
3.968621011132173609e-02,-4.371879582531838082e+01
3.970284305772212724e-02,-4.527523809562858048e+01
3.971947600412251145e-02,-4.723084264581218150e+01
3.973610895052289566e-02,-4.756733714959872827e+01
3.975274189692328680e-02,-4.704114991343673324e+01
3.976937484332367101e-02,-4.710471887316983697e+01
3.978600778972405522e-02,-4.701564788206282941e+01
3.980264073612443942e-02,-4.656615197708835296e+01
3.981927368252483057e-02,-4.661980109889582735e+01
3.983590662892521478e-02,-4.760274414737875759e+01
3.985253957532559899e-02,-4.867576859983451243e+01
3.986917252172599013e-02,-4.851091420725353487e+01
3.988580546812637434e-02,-4.851058113318077858e+01
3.990243841452675855e-02,-4.926187022673741467e+01
3.991907136092714969e-02,-5.033824044055461400e+01
3.993570430732753390e-02,-5.051234347601663899e+01
3.995233725372791811e-02,-4.918699511910534738e+01
3.996897020012830926e-02,-4.926714281795913308e+01
3.998560314652869346e-02,-5.265252135846331072e+01
4.000223609292907767e-02,-5.855393206114914761e+01
4.001886903932946188e-02,-5.438375036477182789e+01
4.003550198572985303e-02,-5.217258259092189832e+01
4.005213493213023723e-02,-5.332774371315672113e+01
4.006876787853062144e-02,-5.667783311186692430e+01
4.008540082493101259e-02,-5.969673161385561144e+01
4.010203377133139679e-02,-5.724352128608904877e+01
4.011866671773178100e-02,-5.351555051138464592e+01
4.013529966413217215e-02,-5.344856280313398145e+01
4.015193261053255636e-02,-5.420429156989878550e+01
4.016856555693294056e-02,-5.198755569562094081e+01
4.018519850333332477e-02,-5.081669291382995368e+01
4.020183144973371592e-02,-5.113132943239336470e+01
4.021846439613410013e-02,-5.172940951550900479e+01
4.023509734253448433e-02,-5.106121399274698547e+01
4.025173028893487548e-02,-5.067080306269729562e+01
4.026836323533525969e-02,-5.049555192245324520e+01
4.028499618173564389e-02,-4.901267081641843504e+01
4.030162912813603504e-02,-4.770479344962065227e+01
4.031826207453641925e-02,-4.749667393254513570e+01
4.033489502093680346e-02,-4.747067743074050838e+01
4.035152796733718766e-02,-4.728255125739988785e+01
4.036816091373757881e-02,-4.652511648980262748e+01
4.038479386013796302e-02,-4.594585326490992827e+01
4.040142680653834723e-02,-4.667509015459633304e+01
4.041805975293873837e-02,-4.836332464370179451e+01
4.043469269933912258e-02,-4.987795689033273305e+01
4.045132564573950679e-02,-5.197378491369178732e+01
4.046795859213989793e-02,-5.358578341376521337e+01
4.048459153854028214e-02,-5.348512187704219656e+01
4.050122448494066635e-02,-5.168162308323846332e+01
4.051785743134105749e-02,-4.949233134980433135e+01
4.053449037774144170e-02,-4.845736448488801784e+01
4.055112332414182591e-02,-5.019502191166103700e+01
4.056775627054221012e-02,-5.414912566465827126e+01
4.058438921694260126e-02,-5.505252278668955768e+01
4.060102216334298547e-02,-5.658483624298853698e+01
4.061765510974336968e-02,-5.745474081711613223e+01
4.063428805614376083e-02,-6.016897158230219134e+01
4.065092100254414503e-02,-5.992005966989353993e+01
4.066755394894452924e-02,-6.293818567018063703e+01
4.068418689534492039e-02,-6.929254190132645874e+01
4.070081984174530459e-02,-5.675426747471070144e+01
4.071745278814568880e-02,-5.454304428574730679e+01
4.073408573454607301e-02,-6.093442223331297214e+01
4.075071868094646416e-02,-5.524539902194486274e+01
4.076735162734684836e-02,-5.138229966194109011e+01
4.078398457374723257e-02,-4.616084515559296619e+01
4.080061752014762372e-02,-4.151617619647802826e+01
4.081725046654800793e-02,-4.698287977342950228e+01
4.083388341294839213e-02,-4.826235559545860099e+01
4.085051635934878328e-02,-4.069994716980452409e+01
4.086714930574916749e-02,-4.007306527157350473e+01
4.088378225214955169e-02,-4.130224669014388894e+01
4.090041519854993590e-02,-4.338170224616980875e+01
4.091704814495032705e-02,-4.383924088090671489e+01
4.093368109135071126e-02,-4.183052042968387951e+01
4.095031403775109546e-02,-4.025998668637467404e+01
4.096694698415148661e-02,-4.050486360126376439e+01
4.098357993055187082e-02,-4.151539152874805438e+01
4.100021287695225503e-02,-4.248249287603022850e+01
4.101684582335264617e-02,-4.358919962503399859e+01
4.103347876975303038e-02,-4.834706319629292182e+01
4.105011171615341459e-02,-5.669509485101749391e+01
4.106674466255380573e-02,-4.631809100651722133e+01
4.108337760895418994e-02,-4.316270876056694306e+01
4.110001055535457415e-02,-4.355957959787467360e+01
4.111664350175495836e-02,-4.046230784999600871e+01
4.113327644815534950e-02,-3.919319923536173178e+01
4.114990939455573371e-02,-3.450407859967430113e+01
4.116654234095611792e-02,-2.744664316559495276e+01
4.118317528735650906e-02,-2.803323703102574171e+01
4.119980823375689327e-02,-3.626514434616657923e+01
4.121644118015727748e-02,-4.476521524315057832e+01
4.123307412655766863e-02,-3.967427892266901068e+01
4.124970707295805283e-02,-3.834210966377865759e+01
4.126634001935843704e-02,-3.747321791834777827e+01
4.128297296575882125e-02,-3.821243813730737315e+01
4.129960591215921240e-02,-3.996662573588790224e+01
4.131623885855959660e-02,-4.887044283043340442e+01
4.133287180495998081e-02,-4.235435052224305252e+01
4.134950475136037196e-02,-3.517214407671739451e+01
4.136613769776075616e-02,-2.762793197327120609e+01
4.138277064416114037e-02,-2.491867559550336253e+01
4.139940359056153152e-02,-2.663329792066397061e+01
4.141603653696191573e-02,-3.126743474471739503e+01
4.143266948336229993e-02,-3.795216153843546181e+01
4.144930242976268414e-02,-4.072935652587510447e+01
4.146593537616307529e-02,-3.820073155507396478e+01
4.148256832256345950e-02,-3.778315543494193207e+01
4.149920126896384370e-02,-3.811427133897854702e+01
4.151583421536423485e-02,-5.438448331232400079e+01
4.153246716176461906e-02,-2.933291711660250911e+01
4.154910010816500326e-02,-2.209813405696255018e+01
4.156573305456539441e-02,-2.112521291096253861e+01
4.158236600096577862e-02,-2.517528085907063939e+01
4.159899894736616283e-02,-3.330963220061036623e+01
4.161563189376655397e-02,-4.182986154717491445e+01
4.163226484016693818e-02,-4.606516763249228319e+01
4.164889778656732239e-02,-5.156292216123241445e+01
4.166553073296770660e-02,-5.422035263497405566e+01
4.168216367936809774e-02,-4.871583318168352150e+01
4.169879662576848195e-02,-4.315027255428314845e+01
4.171542957216886616e-02,-3.937728248499327321e+01
4.173206251856925730e-02,-3.728568110230532540e+01
4.174869546496964151e-02,-3.625145609397461044e+01
4.176532841137002572e-02,-3.613871523329343205e+01
4.178196135777041686e-02,-3.673571789201578497e+01
4.179859430417080107e-02,-3.768503733359044361e+01
4.181522725057118528e-02,-3.781352262427332533e+01
4.183186019697156949e-02,-3.675865159191856435e+01
4.184849314337196063e-02,-3.565097515599277500e+01
4.186512608977234484e-02,-3.516007892001810120e+01
4.188175903617272905e-02,-3.520931691541233022e+01
4.189839198257312020e-02,-3.532169497801436364e+01
4.191502492897350440e-02,-3.606832857308260998e+01
4.193165787537388861e-02,-3.766554905722551894e+01
4.194829082177427976e-02,-3.852019472974188119e+01
4.196492376817466396e-02,-3.705150557222733454e+01
4.198155671457504817e-02,-3.511984437899196365e+01
4.199818966097543238e-02,-3.475427813856738624e+01
4.201482260737582353e-02,-3.375752800793259922e+01
4.203145555377620773e-02,-3.428503566451744433e+01
4.204808850017659194e-02,-3.943091930148190016e+01
4.206472144657698309e-02,-3.462899816439626477e+01
4.208135439297736730e-02,-3.093970976102861670e+01
4.209798733937775150e-02,-3.293458477450456456e+01
4.211462028577814265e-02,-2.641790635409461174e+01
4.213125323217852686e-02,-2.117994832023849483e+01
4.214788617857891106e-02,-2.023440329939158033e+01
4.216451912497930221e-02,-6.234216474939168862e+00
4.218115207137968642e-02,9.643274665532866229e-15
4.219778501778007063e-02,-2.722881217093114925e-01
4.221441796418045483e-02,-6.012243132431857262e+00
4.223105091058084598e-02,-1.789676239272748859e+01
4.224768385698123019e-02,-2.759128672207129185e+01
4.226431680338161440e-02,-2.657408197418616780e+01
4.228094974978200554e-02,-2.669712063304812943e+01
4.229758269618238975e-02,-2.840777915089874739e+01
4.231421564258277396e-02,-3.284503075923436199e+01
4.233084858898316510e-02,-4.762460837671617497e+01
4.234748153538354931e-02,-3.732359339560931488e+01
4.236411448178393352e-02,-3.344490922105651975e+01
4.238074742818431773e-02,-3.274787235464665969e+01
4.239738037458470887e-02,-3.379528683237978015e+01
4.241401332098509308e-02,-3.563294564650250607e+01
4.243064626738547729e-02,-3.947840238673837376e+01
4.244727921378586843e-02,-4.422125843449990157e+01
4.246391216018625264e-02,-4.159757812618629913e+01
4.248054510658663685e-02,-3.978550235073728203e+01
4.249717805298702800e-02,-3.898636040249404999e+01
4.251381099938741220e-02,-3.932235998039186597e+01
4.253044394578779641e-02,-4.102155774757658691e+01
4.254707689218818062e-02,-4.367601210290583680e+01
4.256370983858857177e-02,-4.651291976137366646e+01
4.258034278498895597e-02,-4.359101953917970462e+01
4.259697573138934018e-02,-4.000967699101232000e+01
4.261360867778973133e-02,-3.808844511595988536e+01
4.263024162419011553e-02,-3.828730344021784049e+01
4.264687457059049974e-02,-4.081817637853756509e+01
4.266350751699089089e-02,-4.541785226651760610e+01
4.268014046339127510e-02,-4.966002774950452192e+01
4.269677340979165930e-02,-5.082670705725917770e+01
4.271340635619205045e-02,-4.975629925527572084e+01
4.273003930259243466e-02,-4.445729970227479555e+01
4.274667224899281887e-02,-3.950865164700218912e+01
4.276330519539320307e-02,-4.556989490315552160e+01
4.277993814179359422e-02,-3.528499855577850042e+01
4.279657108819397843e-02,-2.476485994640746569e+01
4.281320403459436263e-02,-2.096318529612292991e+01
4.282983698099475378e-02,-2.249838243341698529e+01
4.284646992739513799e-02,-2.854042771880373053e+01
4.286310287379552220e-02,-3.795032967784064226e+01
4.287973582019591334e-02,-5.785847110417989114e+01
4.289636876659629755e-02,-4.063689253438808180e+01
4.291300171299668176e-02,-3.900530474006649939e+01
4.292963465939706597e-02,-3.944288411831371377e+01
4.294626760579745711e-02,-3.540649608880471533e+01
4.296290055219784132e-02,-2.955271534149638768e+01
4.297953349859822553e-02,-2.660091619552272135e+01
4.299616644499861667e-02,-2.692083917438059615e+01
4.301279939139900088e-02,-3.082832694995836320e+01
4.302943233779938509e-02,-3.712807248666474891e+01
4.304606528419977624e-02,-3.692573556980806870e+01
4.306269823060016044e-02,-3.703545015456769107e+01
4.307933117700054465e-02,-3.711377275411535237e+01
4.309596412340093580e-02,-3.641555405783915944e+01
4.311259706980132000e-02,-3.647090470428793196e+01
4.312923001620170421e-02,-3.768801463827370668e+01
4.314586296260208842e-02,-3.996962208663781979e+01
4.316249590900247957e-02,-3.615885044570272555e+01
4.317912885540286377e-02,-3.267034678081774501e+01
4.319576180180324798e-02,-2.739753950740639254e+01
4.321239474820363913e-02,-2.753216943898931390e+01
4.322902769460402334e-02,-3.371358547584274845e+01
4.324566064100440754e-02,-4.450607781583001099e+01
4.326229358740479869e-02,-4.329745018415201940e+01
4.327892653380518290e-02,-4.497892629715416035e+01
4.329555948020556710e-02,-4.733164273925542176e+01
4.331219242660595131e-02,-5.258348047259459435e+01
4.332882537300634246e-02,-5.526416579449285393e+01
4.334545831940672667e-02,-4.742880810073326359e+01
4.336209126580711087e-02,-4.636876456292438320e+01
4.337872421220750202e-02,-4.804342975553785777e+01
4.339535715860788623e-02,-4.669367124399728652e+01
4.341199010500827044e-02,-4.388057142804964883e+01
4.342862305140866158e-02,-4.307446975726350047e+01
4.344525599780904579e-02,-4.446852109258543351e+01
4.346188894420943000e-02,-4.664941023937088005e+01
4.347852189060981420e-02,-4.840866565978939207e+01
4.349515483701020535e-02,-4.825085061583418167e+01
4.351178778341058956e-02,-4.521669054224755513e+01
4.352842072981097377e-02,-4.351033413220595492e+01
4.354505367621136491e-02,-5.087794529765905338e+01
4.356168662261174912e-02,-4.305657070635540151e+01
4.357831956901213333e-02,-4.077290274694519923e+01
4.359495251541252447e-02,-4.451153845277904253e+01
4.361158546181290868e-02,-4.619671214892323974e+01
4.362821840821329289e-02,-4.513129960750590897e+01
4.364485135461368404e-02,-4.527567336311562229e+01
4.366148430101406824e-02,-4.534723125677217581e+01
4.367811724741445245e-02,-4.510699874273923626e+01
4.369475019381483666e-02,-4.502960894119168955e+01
4.371138314021522780e-02,-4.561226409765676237e+01
4.372801608661561201e-02,-4.726263430888770500e+01
4.374464903301599622e-02,-4.973247846083371115e+01
4.376128197941638737e-02,-5.169082615889060150e+01
4.377791492581677157e-02,-5.136818986799099207e+01
4.379454787221715578e-02,-4.935995559625929019e+01
4.381118081861754693e-02,-4.791755903334008337e+01
4.382781376501793114e-02,-4.733779513485848156e+01
4.384444671141831534e-02,-4.729992842882825954e+01
4.386107965781869955e-02,-4.818794307849587000e+01
4.387771260421909070e-02,-4.951472132547628746e+01
4.389434555061947490e-02,-5.055479088763348727e+01
4.391097849701985911e-02,-5.212600754877964704e+01
4.392761144342025026e-02,-5.225411185814210313e+01
4.394424438982063447e-02,-5.038387830458479755e+01
4.396087733622101867e-02,-4.904027318604300234e+01
4.397751028262140982e-02,-4.951777644246837440e+01
4.399414322902179403e-02,-5.317129945228401766e+01
4.401077617542217824e-02,-5.970673589882611054e+01
4.402740912182256244e-02,-6.086492201471316577e+01
4.404404206822295359e-02,-5.719491010257976171e+01
4.406067501462333780e-02,-5.699947952102674265e+01
4.407730796102372200e-02,-5.649301856900811458e+01
4.409394090742411315e-02,-5.396193079522944203e+01
4.411057385382449736e-02,-5.240429987740248663e+01
4.412720680022488157e-02,-5.103394320203118895e+01
4.414383974662527271e-02,-4.840406524227934426e+01
4.416047269302565692e-02,-4.665447772607326726e+01
4.417710563942604113e-02,-4.662266441316202759e+01
4.419373858582643227e-02,-4.781260968839902148e+01
4.421037153222681648e-02,-4.951835993427400240e+01
4.422700447862720069e-02,-5.092854049182227527e+01
4.424363742502758490e-02,-5.038310339586547570e+01
4.426027037142797604e-02,-4.936708607158803375e+01
4.427690331782836025e-02,-4.874276143686779506e+01
4.429353626422874446e-02,-4.820331468627414040e+01
4.431016921062913561e-02,-4.768643166689322754e+01
4.432680215702951981e-02,-4.685556074775949043e+01
4.434343510342990402e-02,-4.556612974056437793e+01
4.436006804983029517e-02,-4.490700585090579722e+01
4.437670099623067937e-02,-4.527762885120814218e+01
4.439333394263106358e-02,-4.630755107517883573e+01
4.440996688903144779e-02,-4.654705634015149940e+01
4.442659983543183894e-02,-4.564588481796277364e+01
4.444323278183222314e-02,-4.528967925285493124e+01
4.445986572823260735e-02,-4.562140580940611301e+01
4.447649867463299850e-02,-4.554533431936887666e+01
4.449313162103338271e-02,-4.524943283688885742e+01
4.450976456743376691e-02,-4.540596263761847950e+01
4.452639751383415806e-02,-4.551317369260490864e+01
4.454303046023454227e-02,-4.534029311262042228e+01
4.455966340663492647e-02,-4.553677846026171494e+01
4.457629635303531068e-02,-4.614836682888877561e+01
4.459292929943570183e-02,-4.669318022143226443e+01
4.460956224583608604e-02,-4.767722443411557975e+01
4.462619519223647024e-02,-4.897115004204450628e+01
4.464282813863686139e-02,-4.937275903541473099e+01
4.465946108503724560e-02,-4.822604832585074064e+01
4.467609403143762981e-02,-4.692286773789015086e+01
4.469272697783802095e-02,-4.663313757743174648e+01
4.470935992423840516e-02,-4.725538624331231574e+01
4.472599287063878937e-02,-4.757791096161128053e+01
4.474262581703918051e-02,-4.741330187961514753e+01
4.475925876343956472e-02,-4.675610317416236938e+01
4.477589170983994893e-02,-4.580858544248649622e+01
4.479252465624033314e-02,-4.458833982408175700e+01
4.480915760264072428e-02,-4.371634455551326681e+01
4.482579054904110849e-02,-4.369241538734894448e+01
4.484242349544149270e-02,-4.378294020509719076e+01
4.485905644184188384e-02,-4.333953102129196822e+01
4.487568938824226805e-02,-4.263005078387881497e+01
4.489232233464265226e-02,-4.216116408682579930e+01
4.490895528104304341e-02,-4.190987693335983977e+01
4.492558822744342761e-02,-4.116327629964739288e+01
4.494222117384381182e-02,-4.064034648684667417e+01
4.495885412024419603e-02,-4.102423213713477423e+01
4.497548706664458718e-02,-4.147179672159928998e+01
4.499212001304497138e-02,-4.131718607869770210e+01
4.500875295944535559e-02,-4.073694034141257703e+01
4.502538590584574674e-02,-3.995350428649810226e+01
4.504201885224613094e-02,-3.932592819117469674e+01
4.505865179864651515e-02,-3.893850518237781699e+01
4.507528474504690630e-02,-3.875824519859349948e+01
4.509191769144729051e-02,-3.838979493828889389e+01
4.510855063784767471e-02,-3.767270171755998120e+01
4.512518358424805892e-02,-3.708314393250993390e+01
4.514181653064845007e-02,-3.649817241087281161e+01
4.515844947704883428e-02,-3.566604342025195251e+01
4.517508242344921848e-02,-3.504951755594817797e+01
4.519171536984960963e-02,-3.500543255815265553e+01
4.520834831624999384e-02,-3.532771588795170459e+01
4.522498126265037804e-02,-3.564060615820027067e+01
4.524161420905076919e-02,-3.598231005599855337e+01
4.525824715545115340e-02,-3.621696340566690253e+01
4.527488010185153761e-02,-3.600156700131253018e+01
4.529151304825192875e-02,-3.578733099960974329e+01
4.530814599465231296e-02,-3.596451482745673189e+01
4.532477894105269717e-02,-3.616370175860747338e+01
4.534141188745308138e-02,-3.595564579107903569e+01
4.535804483385347252e-02,-3.549758905278012122e+01
4.537467778025385673e-02,-3.527722926306191198e+01
4.539131072665424094e-02,-3.560042645554680263e+01
4.540794367305463208e-02,-3.634419749434854197e+01
4.542457661945501629e-02,-3.695736934899090187e+01
4.544120956585540050e-02,-3.690561816160560937e+01
4.545784251225579164e-02,-3.659638623615685304e+01
4.547447545865617585e-02,-3.652273247040663762e+01
4.549110840505656006e-02,-3.685964692588824931e+01
4.550774135145694427e-02,-3.746371140109974363e+01
4.552437429785733541e-02,-3.826499243984332566e+01
4.554100724425771962e-02,-3.918875644996244034e+01
4.555764019065810383e-02,-3.960537486745615610e+01
4.557427313705849498e-02,-3.916053731182419284e+01
4.559090608345887918e-02,-3.868505027643328731e+01
4.560753902985926339e-02,-3.831942926697542617e+01
4.562417197625965454e-02,-3.791941082506453142e+01
4.564080492266003874e-02,-3.768780295720301865e+01
4.565743786906042295e-02,-3.778110426233196506e+01
4.567407081546080716e-02,-3.798579370329078841e+01
4.569070376186119831e-02,-3.811201640403203328e+01
4.570733670826158251e-02,-3.816505547547671284e+01
4.572396965466196672e-02,-3.828932181643589416e+01
4.574060260106235787e-02,-3.840071201868899919e+01
4.575723554746274208e-02,-3.858354030270268709e+01
4.577386849386312628e-02,-3.869639412858688843e+01
4.579050144026351743e-02,-3.882935978941658561e+01
4.580713438666390164e-02,-3.932368358355787308e+01
4.582376733306428584e-02,-4.003439362008786873e+01
4.584040027946467699e-02,-4.012696773134031503e+01
4.585703322586506120e-02,-3.968920796709329579e+01
4.587366617226544541e-02,-3.958179141660566103e+01
4.589029911866582961e-02,-3.997523959287421036e+01
4.590693206506622076e-02,-4.036778241368387654e+01
4.592356501146660497e-02,-4.094287545354038116e+01
4.594019795786698918e-02,-4.184432107709717030e+01
4.595683090426738032e-02,-4.289786130008014453e+01
4.597346385066776453e-02,-4.366434965112227218e+01
4.599009679706814874e-02,-4.431624155664440678e+01
4.600672974346853988e-02,-4.523070047835452101e+01
4.602336268986892409e-02,-4.579324135566429987e+01
4.603999563626930830e-02,-4.552564260939479368e+01
4.605662858266969251e-02,-4.547295851240475884e+01
4.607326152907008365e-02,-4.578367782335358527e+01
4.608989447547046786e-02,-4.693089813969248780e+01
4.610652742187085207e-02,-4.911835815086836021e+01
4.612316036827124321e-02,-5.119516411791926913e+01
4.613979331467162742e-02,-5.382903231977718406e+01
4.615642626107201163e-02,-5.785483719603416120e+01
4.617305920747240278e-02,-6.118110228343358870e+01
4.618969215387278698e-02,-6.442034766580326277e+01
4.620632510027317119e-02,-6.430500376152950537e+01
4.622295804667355540e-02,-5.755884891523585623e+01
4.623959099307394655e-02,-5.441588103308831137e+01
4.625622393947433075e-02,-5.229154117457295570e+01
4.627285688587471496e-02,-5.092134847456571123e+01
4.628948983227510611e-02,-5.045319227119483685e+01
4.630612277867549031e-02,-5.189837203466220217e+01
4.632275572507587452e-02,-5.350817975084490286e+01
4.633938867147626567e-02,-5.231079876868736989e+01
4.635602161787664988e-02,-5.090180772539304144e+01
4.637265456427703408e-02,-5.058723962217007397e+01
4.638928751067742523e-02,-5.019899901196433234e+01
4.640592045707780944e-02,-4.998547493452279866e+01
4.642255340347819365e-02,-5.044928121673911647e+01
4.643918634987857785e-02,-5.075787133067342438e+01
4.645581929627896900e-02,-4.914802158568691937e+01
4.647245224267935321e-02,-4.729533755061024181e+01
4.648908518907973741e-02,-4.675135472070390819e+01
4.650571813548012856e-02,-4.761941008885693094e+01
4.652235108188051277e-02,-4.814852643977323510e+01
4.653898402828089698e-02,-4.627411478879358242e+01
4.655561697468128812e-02,-4.414656415801304234e+01
4.657224992108167233e-02,-4.352285222617402383e+01
4.658888286748205654e-02,-4.420504156439483268e+01
4.660551581388244075e-02,-4.523884299422498145e+01
4.662214876028283189e-02,-4.559602531522939728e+01
4.663878170668321610e-02,-4.481577577231320220e+01
4.665541465308360031e-02,-4.378629771143832272e+01
4.667204759948399145e-02,-4.323192758654454337e+01
4.668868054588437566e-02,-4.300984197245569618e+01
4.670531349228475987e-02,-4.281066237605963209e+01
4.672194643868515102e-02,-4.228546999431389963e+01
4.673857938508553522e-02,-4.174892078407584250e+01
4.675521233148591943e-02,-4.174665099284020897e+01
4.677184527788631058e-02,-4.238569618809729889e+01
4.678847822428669478e-02,-4.335085631212000123e+01
4.680511117068707899e-02,-4.346515316192055423e+01
4.682174411708746320e-02,-4.267150424768654915e+01
4.683837706348785435e-02,-4.247616159679935777e+01
4.685501000988823855e-02,-4.299956740135347388e+01
4.687164295628862276e-02,-4.342729234668660609e+01
4.688827590268901391e-02,-4.348625756540455711e+01
4.690490884908939812e-02,-4.371133934952226952e+01
4.692154179548978232e-02,-4.416475078987834024e+01
4.693817474189017347e-02,-4.444180836149624270e+01
4.695480768829055768e-02,-4.445509116425641594e+01
4.697144063469094188e-02,-4.442961271399794043e+01
4.698807358109132609e-02,-4.504270119495494384e+01
4.700470652749171724e-02,-4.577290262215483807e+01
4.702133947389210145e-02,-4.583877238887367866e+01
4.703797242029248565e-02,-4.545212791067353919e+01
4.705460536669287680e-02,-4.519114113480350170e+01
4.707123831309326101e-02,-4.553823445641179291e+01
4.708787125949364522e-02,-4.589838339861515237e+01
4.710450420589403636e-02,-4.604883901501820276e+01
4.712113715229442057e-02,-4.658112567882798771e+01
4.713777009869480478e-02,-4.747035398808105100e+01
4.715440304509518898e-02,-4.831094348451406972e+01
4.717103599149558013e-02,-4.796087738313639193e+01
4.718766893789596434e-02,-4.744630229563151147e+01
4.720430188429634855e-02,-4.792490488572583729e+01
4.722093483069673969e-02,-4.806684152614624850e+01
4.723756777709712390e-02,-4.764965161056760934e+01
4.725420072349750811e-02,-4.752585405545909225e+01
4.727083366989789925e-02,-4.745017747917101758e+01
4.728746661629828346e-02,-4.754019572023085516e+01
4.730409956269866767e-02,-4.799889763892843320e+01
4.732073250909905882e-02,-4.825178040020848158e+01
4.733736545549944302e-02,-4.900252600312639117e+01
4.735399840189982723e-02,-4.970325225115011136e+01
4.737063134830021144e-02,-4.939618733769516723e+01
4.738726429470060258e-02,-4.935002680560138799e+01
4.740389724110098679e-02,-4.916718756085390396e+01
4.742053018750137100e-02,-4.807313684196700621e+01
4.743716313390176215e-02,-4.799191765551096012e+01
4.745379608030214635e-02,-5.030306678841483148e+01
4.747042902670253056e-02,-5.538915010942299944e+01
4.748706197310292171e-02,-5.853380420497551029e+01
4.750369491950330592e-02,-5.622142395845283858e+01
4.752032786590369012e-02,-5.543169797718129388e+01
4.753696081230407433e-02,-5.638596154963921236e+01
4.755359375870446548e-02,-5.339416189392039058e+01
4.757022670510484968e-02,-5.055760499994064361e+01
4.758685965150523389e-02,-4.869521473727205318e+01
4.760349259790562504e-02,-4.733047545029119618e+01
4.762012554430600925e-02,-4.696591234638149359e+01
4.763675849070639345e-02,-4.731687444209108406e+01
4.765339143710678460e-02,-4.719259001163318601e+01
4.767002438350716881e-02,-4.721069319259403585e+01
4.768665732990755302e-02,-4.848492689291583702e+01
4.770329027630793722e-02,-4.984342384038967566e+01
4.771992322270832837e-02,-4.891978488120540192e+01
4.773655616910871258e-02,-4.669355237873058684e+01
4.775318911550909678e-02,-4.542511692777026866e+01
4.776982206190948793e-02,-4.486104716555718852e+01
4.778645500830987214e-02,-4.412557228835419210e+01
4.780308795471025635e-02,-4.374328499276417404e+01
4.781972090111064749e-02,-4.445151314202598769e+01
4.783635384751103170e-02,-4.517089548193376203e+01
4.785298679391141591e-02,-4.499155729390059832e+01
4.786961974031180705e-02,-4.470629604484850006e+01
4.788625268671219126e-02,-4.514624790965388001e+01
4.790288563311257547e-02,-4.567076525960303002e+01
4.791951857951295968e-02,-4.580265884176367308e+01
4.793615152591335082e-02,-4.567872527499229562e+01
4.795278447231373503e-02,-4.561111742736426322e+01
4.796941741871411924e-02,-4.507619563856444955e+01
4.798605036511451039e-02,-4.436182867824409470e+01
4.800268331151489459e-02,-4.403941828113794799e+01
4.801931625791527880e-02,-4.411371079547102880e+01
4.803594920431566995e-02,-4.443039884474829648e+01
4.805258215071605415e-02,-4.508844547260980562e+01
4.806921509711643836e-02,-4.570098995356388372e+01
4.808584804351682257e-02,-4.564677679956906786e+01
4.810248098991721372e-02,-4.476155193521847053e+01
4.811911393631759792e-02,-4.378471725813162863e+01
4.813574688271798213e-02,-4.323932814668354752e+01
4.815237982911837328e-02,-4.320393030910744159e+01
4.816901277551875749e-02,-4.301872122215347360e+01
4.818564572191914169e-02,-4.275661600503192261e+01
4.820227866831953284e-02,-4.261176309729432887e+01
4.821891161471991705e-02,-4.232185222287750292e+01
4.823554456112030125e-02,-4.180796144697350769e+01
4.825217750752068546e-02,-4.171921684911719552e+01
4.826881045392107661e-02,-4.211953657911112714e+01
4.828544340032146082e-02,-4.212643596710503857e+01
4.830207634672184502e-02,-4.124934776065061470e+01
4.831870929312223617e-02,-4.052604787172790424e+01
4.833534223952262038e-02,-4.052975307237880287e+01
4.835197518592300459e-02,-4.103347024687857925e+01
4.836860813232339573e-02,-4.170649969528706436e+01
4.838524107872377994e-02,-4.201687054522432163e+01
4.840187402512416415e-02,-4.189664072922796123e+01
4.841850697152455529e-02,-4.207131891828264258e+01
4.843513991792493950e-02,-4.267123271038728660e+01
4.845177286432532371e-02,-4.309559460156664557e+01
4.846840581072570792e-02,-4.279081386411576915e+01
4.848503875712609906e-02,-4.247515461341912868e+01
4.850167170352648327e-02,-4.256573057384837000e+01
4.851830464992686748e-02,-4.223427027830268798e+01
4.853493759632725862e-02,-4.173395942189040397e+01
4.855157054272764283e-02,-4.193245482947430958e+01
4.856820348912802704e-02,-4.274696732978359393e+01
4.858483643552841819e-02,-4.359605226978124648e+01
4.860146938192880239e-02,-4.400922549677495255e+01
4.861810232832918660e-02,-4.405303368684641896e+01
4.863473527472957081e-02,-4.409000237798703381e+01
4.865136822112996196e-02,-4.426175350388457730e+01
4.866800116753034616e-02,-4.492339950107707125e+01
4.868463411393073037e-02,-4.600148522823183583e+01
4.870126706033112152e-02,-4.678066205219366935e+01
4.871790000673150572e-02,-4.717430734812450055e+01
4.873453295313188993e-02,-4.803638195592369442e+01
4.875116589953228108e-02,-4.846612667955960063e+01
4.876779884593266529e-02,-4.747057347708498298e+01
4.878443179233304949e-02,-4.642205993249824303e+01
4.880106473873343370e-02,-4.598630616056045994e+01
4.881769768513382485e-02,-4.618539114966619508e+01
4.883433063153420906e-02,-4.753694074098930855e+01
4.885096357793459326e-02,-4.955294653967511920e+01
4.886759652433498441e-02,-5.076439435672214273e+01
4.888422947073536862e-02,-5.083910202536300460e+01
4.890086241713575282e-02,-5.021191609490361429e+01
4.891749536353614397e-02,-4.898287278527132571e+01
4.893412830993652818e-02,-4.782706843211937553e+01
4.895076125633691239e-02,-4.737631457684340575e+01
4.896739420273730353e-02,-4.806429796569432256e+01
4.898402714913768774e-02,-4.906104181442305645e+01
4.900066009553807195e-02,-4.965043629113002055e+01
4.901729304193845616e-02,-4.921729603300455125e+01
4.903392598833884730e-02,-4.855099521740115875e+01
4.905055893473923151e-02,-4.916897238017600813e+01
4.906719188113961572e-02,-5.069288607868329422e+01
4.908382482754000686e-02,-5.124405331282119391e+01
4.910045777394039107e-02,-5.183275042584158143e+01
4.911709072034077528e-02,-5.314144822513664224e+01
4.913372366674116642e-02,-5.403526737734648577e+01
4.915035661314155063e-02,-5.321255389495568977e+01
4.916698955954193484e-02,-5.269588261574243404e+01
4.918362250594231905e-02,-5.279356107826814792e+01
4.920025545234271019e-02,-5.213636742602390939e+01
4.921688839874309440e-02,-5.108709494447111155e+01
4.923352134514347861e-02,-5.110546341814230686e+01
4.925015429154386976e-02,-5.307725720090790844e+01
4.926678723794425396e-02,-5.618472879642731499e+01
4.928342018434463817e-02,-5.906245914882305925e+01
4.930005313074502932e-02,-6.121736942475840948e+01
4.931668607714541352e-02,-5.877919094689140422e+01
4.933331902354579773e-02,-5.461523030893573605e+01
4.934995196994618194e-02,-5.359867763646139593e+01
4.936658491634657309e-02,-5.625411373851980557e+01
4.938321786274695729e-02,-6.056448081522188431e+01
4.939985080914734150e-02,-6.128572465441372685e+01
4.941648375554773265e-02,-5.984838640403302179e+01
4.943311670194811686e-02,-6.057463863010292471e+01
4.944974964834850106e-02,-6.653597788555092052e+01
4.946638259474889221e-02,-6.857897482445312676e+01
4.948301554114927642e-02,-6.189344912514123820e+01
4.949964848754966062e-02,-5.704247574221038519e+01
4.951628143395005177e-02,-5.512445032907358922e+01
4.953291438035043598e-02,-5.474694958097261122e+01
4.954954732675082019e-02,-5.692651843964951297e+01
4.956618027315120439e-02,-5.959462342976014781e+01
4.958281321955159554e-02,-5.938778984839296271e+01
4.959944616595197975e-02,-5.868461051074484658e+01
4.961607911235236396e-02,-5.917862850451540879e+01
4.963271205875275510e-02,-5.809897220068101831e+01
4.964934500515313931e-02,-5.869477299411456528e+01
4.966597795155352352e-02,-6.164167756012062682e+01
4.968261089795391466e-02,-5.933209330669949111e+01
4.969924384435429887e-02,-5.758282049074285425e+01
4.971587679075468308e-02,-5.548887979038735097e+01
4.973250973715506729e-02,-5.399632013680452758e+01
4.974914268355545843e-02,-5.333949672851548485e+01
4.976577562995584264e-02,-5.260968364078870252e+01
4.978240857635622685e-02,-5.073178738342079441e+01
4.979904152275661799e-02,-4.962072586246824812e+01
4.981567446915700220e-02,-5.069267550919840915e+01
4.983230741555738641e-02,-5.468552875367544175e+01
4.984894036195777756e-02,-5.958018899879991892e+01
4.986557330835816176e-02,-5.803507154581665617e+01
4.988220625475854597e-02,-5.508586653852631088e+01
4.989883920115893018e-02,-5.464177795640141255e+01
4.991547214755932133e-02,-5.466427582624674386e+01
4.993210509395970553e-02,-5.383169516486353956e+01
4.994873804036008974e-02,-5.251997547708762681e+01
4.996537098676048089e-02,-5.161614517787868550e+01
4.998200393316086509e-02,-5.100866899062279458e+01
4.999863687956124930e-02,-5.094147456095709003e+01
5.001526982596164045e-02,-5.125691808463212595e+01
5.003190277236202466e-02,-5.113216753983430607e+01
5.004853571876240886e-02,-5.111751904238068533e+01
5.006516866516280001e-02,-5.231505522285765153e+01
5.008180161156318422e-02,-5.191727215881642366e+01
5.009843455796356843e-02,-5.092418787183319751e+01
5.011506750436395263e-02,-5.107800258617997713e+01
5.013170045076434378e-02,-5.221688752895840224e+01
5.014833339716472799e-02,-5.407968575490266261e+01
5.016496634356511219e-02,-5.661082782972570016e+01
5.018159928996550334e-02,-5.570918516417349053e+01
5.019823223636588755e-02,-5.300763227896025853e+01
5.021486518276627176e-02,-5.159328581140080416e+01
5.023149812916666290e-02,-5.117004186026331780e+01
5.024813107556704711e-02,-5.067385554474039111e+01
5.026476402196743132e-02,-5.051557394531311473e+01
5.028139696836781553e-02,-5.082553200030482543e+01
5.029802991476820667e-02,-5.120223961609450214e+01
5.031466286116859088e-02,-5.208341114839646480e+01
5.033129580756897509e-02,-5.248246889442909691e+01
5.034792875396936623e-02,-5.138324686117832840e+01
5.036456170036975044e-02,-5.101687238628909427e+01
5.038119464677013465e-02,-5.142369887512784743e+01
5.039782759317052580e-02,-5.105622148885532852e+01
5.041446053957091000e-02,-5.020638433381432719e+01
5.043109348597129421e-02,-5.061634109538410087e+01
5.044772643237168536e-02,-5.301967335817221283e+01
5.046435937877206956e-02,-5.478123182672872815e+01
5.048099232517245377e-02,-5.350263837205368844e+01
5.049762527157283798e-02,-5.270203516842623515e+01
5.051425821797322913e-02,-5.444038021881422651e+01
5.053089116437361333e-02,-5.981746953831419944e+01
5.054752411077399754e-02,-6.717512777668049750e+01
5.056415705717438869e-02,-5.932255253327956268e+01
5.058079000357477290e-02,-5.658487661994531948e+01
5.059742294997515710e-02,-5.821349722890506939e+01
5.061405589637554825e-02,-6.015175682282590230e+01
5.063068884277593246e-02,-6.046312242625241851e+01
5.064732178917631666e-02,-6.040539163682488777e+01
5.066395473557670087e-02,-6.251169748699470574e+01
5.068058768197709202e-02,-6.730406645356170259e+01
5.069722062837747623e-02,-7.242136112914081991e+01
5.071385357477786043e-02,-6.471583957749651006e+01
5.073048652117825158e-02,-6.143972046567323275e+01
5.074711946757863579e-02,-6.121098316393199923e+01
5.076375241397902000e-02,-6.156761983477272793e+01
5.078038536037941114e-02,-6.455436576745304933e+01
5.079701830677979535e-02,-7.819920229243631127e+01
5.081365125318017956e-02,-6.624146654408585277e+01
5.083028419958056376e-02,-6.735238287455243267e+01
5.084691714598095491e-02,-6.277285990924067249e+01
5.086355009238133912e-02,-7.396074838506805804e+01
5.088018303878172333e-02,-6.473526143444074421e+01
5.089681598518211447e-02,-6.144626995588245677e+01
5.091344893158249868e-02,-5.901429690634178371e+01
5.093008187798288289e-02,-5.454573754720400558e+01
5.094671482438327403e-02,-5.260001183668029512e+01
5.096334777078365824e-02,-5.345261235860373006e+01
5.097998071718404245e-02,-5.504788897324719699e+01
5.099661366358443360e-02,-5.500789662519645162e+01
5.101324660998481780e-02,-5.357834005834521918e+01
5.102987955638520201e-02,-5.424478630613359087e+01
5.104651250278558622e-02,-5.548931025045095566e+01
5.106314544918597736e-02,-5.447541831111941235e+01
5.107977839558636157e-02,-5.572100013330871349e+01
5.109641134198674578e-02,-5.807226526823913559e+01
5.111304428838713693e-02,-5.604679021241209114e+01
5.112967723478752113e-02,-5.161875882058516396e+01
5.114631018118790534e-02,-4.921545447191311951e+01
5.116294312758829649e-02,-4.934524638025959575e+01
5.117957607398868070e-02,-5.042309454118171885e+01
5.119620902038906490e-02,-5.178973804175753770e+01
5.121284196678944911e-02,-5.434182505240855932e+01
5.122947491318984026e-02,-5.566620823239334470e+01
5.124610785959022446e-02,-5.250333438042122225e+01
5.126274080599060867e-02,-5.058757835120519530e+01
5.127937375239099982e-02,-5.112225248441778547e+01
5.129600669879138403e-02,-5.230818418510401813e+01
5.131263964519176823e-02,-5.159092720888158112e+01
5.132927259159215938e-02,-5.031701396228459089e+01
5.134590553799254359e-02,-5.061973981113474252e+01
5.136253848439292780e-02,-5.242671211264119790e+01
5.137917143079331200e-02,-5.211038054053653212e+01
5.139580437719370315e-02,-5.152610005486353373e+01
5.141243732359408736e-02,-5.268549495236337066e+01
5.142907026999447156e-02,-5.301218179624574134e+01
5.144570321639486271e-02,-5.066556186736001877e+01
5.146233616279524692e-02,-5.075986743330891215e+01
5.147896910919563113e-02,-5.289123087202575135e+01
5.149560205559602227e-02,-5.279002857001681548e+01
5.151223500199640648e-02,-5.139941279038634292e+01
5.152886794839679069e-02,-5.043467791940122424e+01
5.154550089479718183e-02,-5.122183763503713294e+01
5.156213384119756604e-02,-5.214076536103944193e+01
5.157876678759795025e-02,-5.028155825597553985e+01
5.159539973399833446e-02,-4.815753207766736921e+01
5.161203268039872560e-02,-4.757446555774724573e+01
5.162866562679910981e-02,-4.827248466792138970e+01
5.164529857319949402e-02,-4.889412049993592291e+01
5.166193151959988517e-02,-4.906753010685710592e+01
5.167856446600026937e-02,-4.990887214634636138e+01
5.169519741240065358e-02,-5.305656075929331195e+01
5.171183035880104473e-02,-5.800391683528869180e+01
5.172846330520142893e-02,-5.925407680199314342e+01
5.174509625160181314e-02,-5.515364375000495301e+01
5.176172919800219735e-02,-5.139090317701933941e+01
5.177836214440258850e-02,-4.979315672177980900e+01
5.179499509080297270e-02,-5.024652650479801963e+01
5.181162803720335691e-02,-5.122080301563678262e+01
5.182826098360374806e-02,-4.985655745334339883e+01
5.184489393000413227e-02,-4.798117335600741740e+01
5.186152687640451647e-02,-4.797943419267963350e+01
5.187815982280490762e-02,-4.910121847215834379e+01
5.189479276920529183e-02,-5.039544321675045779e+01
5.191142571560567603e-02,-5.115248256972115826e+01
5.192805866200606024e-02,-5.116136401388595090e+01
5.194469160840645139e-02,-5.077223739945110026e+01
5.196132455480683560e-02,-5.059813800464078781e+01
5.197795750120721980e-02,-5.099060279019590070e+01
5.199459044760761095e-02,-5.108663773030154687e+01
5.201122339400799516e-02,-5.043984479992023040e+01
5.202785634040837937e-02,-4.981468582238023401e+01
5.204448928680877051e-02,-4.880953954638716397e+01
5.206112223320915472e-02,-4.891337476657129457e+01
5.207775517960953893e-02,-5.160005994870711987e+01
5.209438812600993007e-02,-5.481770126132370535e+01
5.211102107241031428e-02,-5.559825078910996865e+01
5.212765401881069849e-02,-5.560978286081859778e+01
5.214428696521108270e-02,-5.512818250239283913e+01
5.216091991161147384e-02,-5.248700819974200016e+01
5.217755285801185805e-02,-5.117230588203148045e+01
5.219418580441224226e-02,-5.279748535297005674e+01
5.221081875081263340e-02,-5.367700686195281889e+01
5.222745169721301761e-02,-5.131350413370565633e+01
5.224408464361340182e-02,-4.977563872296994418e+01
5.226071759001379297e-02,-4.925653485982238777e+01
5.227735053641417717e-02,-4.931367694391183676e+01
5.229398348281456138e-02,-4.941329095734705135e+01
5.231061642921494559e-02,-4.973150033182379559e+01
5.232724937561533674e-02,-5.120250904469970266e+01
5.234388232201572094e-02,-5.269923760441991334e+01
5.236051526841610515e-02,-5.189712645406402203e+01
5.237714821481649630e-02,-5.053158637702399147e+01
5.239378116121688050e-02,-5.003449148890588560e+01
5.241041410761726471e-02,-5.115611661695023571e+01
5.242704705401765586e-02,-5.380801577127235191e+01
5.244368000041804007e-02,-5.459505346102953638e+01
5.246031294681842427e-02,-5.290353625036785701e+01
5.247694589321880848e-02,-5.236508853882496339e+01
5.249357883961919963e-02,-5.238507302030936330e+01
5.251021178601958384e-02,-5.184828727534223702e+01
5.252684473241996804e-02,-5.151451353962428215e+01
5.254347767882035919e-02,-5.247893347906314432e+01
5.256011062522074340e-02,-5.343263167024620941e+01
5.257674357162112760e-02,-5.451605907795546813e+01
5.259337651802151875e-02,-5.503240453675439170e+01
5.261000946442190296e-02,-5.358042047876175928e+01
5.262664241082228717e-02,-5.235987040104480172e+01
5.264327535722267831e-02,-5.198260631049284086e+01
5.265990830362306252e-02,-5.316119808557368032e+01
5.267654125002344673e-02,-5.559991189999173145e+01
5.269317419642383094e-02,-5.436842187712451135e+01
5.270980714282422208e-02,-5.246998682496556654e+01
5.272644008922460629e-02,-5.126542204462526797e+01
5.274307303562499050e-02,-4.998132928672581698e+01
5.275970598202538164e-02,-4.914395526766477218e+01
5.277633892842576585e-02,-4.948185495894173869e+01
5.279297187482615006e-02,-4.983762916604480608e+01
5.280960482122654120e-02,-4.988511876516133725e+01
5.282623776762692541e-02,-5.057709788987237687e+01
5.284287071402730962e-02,-5.108457664069374005e+01
5.285950366042769383e-02,-5.099525728592367813e+01
5.287613660682808497e-02,-5.077408559356886997e+01
5.289276955322846918e-02,-5.060098913993801517e+01
5.290940249962885339e-02,-5.084724928765769647e+01
5.292603544602924454e-02,-5.130368466994156762e+01
5.294266839242962874e-02,-5.302409344765081300e+01
5.295930133883001295e-02,-5.587418175228732764e+01
5.297593428523040410e-02,-5.606878109454050474e+01
5.299256723163078830e-02,-5.370691494666436938e+01
5.300920017803117251e-02,-5.251334887150785846e+01
5.302583312443155672e-02,-5.215582841370532918e+01
5.304246607083194787e-02,-5.194583734992366431e+01
5.305909901723233207e-02,-5.317912249882277820e+01
5.307573196363271628e-02,-5.628549926624803845e+01
5.309236491003310743e-02,-5.814307550265566960e+01
5.310899785643349164e-02,-5.607786196181220362e+01
5.312563080283387584e-02,-5.494654150653059332e+01
5.314226374923426699e-02,-5.427818648119763623e+01
5.315889669563465120e-02,-5.408075151761336485e+01
5.317552964203503540e-02,-5.387231373799040313e+01
5.319216258843542655e-02,-5.382023944729652243e+01
5.320879553483581076e-02,-5.463710538440049902e+01
5.322542848123619497e-02,-5.426130088246564753e+01
5.324206142763657917e-02,-5.238827662587884504e+01
5.325869437403697032e-02,-5.284064432062667294e+01
5.327532732043735453e-02,-5.768599170410951160e+01
5.329196026683773874e-02,-6.002172096677977464e+01
5.330859321323812988e-02,-5.653872848781962546e+01
5.332522615963851409e-02,-5.387455376688489395e+01
5.334185910603889830e-02,-5.189269671186296762e+01
5.335849205243928944e-02,-5.214093522398687242e+01
5.337512499883967365e-02,-5.485437134449373531e+01
5.339175794524005786e-02,-5.783874349414037397e+01
5.340839089164044207e-02,-5.718344691014217318e+01
5.342502383804083321e-02,-5.587094202103599372e+01
5.344165678444121742e-02,-5.686381456509954546e+01
5.345828973084160163e-02,-5.734053511188932362e+01
5.347492267724199277e-02,-5.464874862790018284e+01
5.349155562364237698e-02,-5.273437177958938804e+01
5.350818857004276119e-02,-5.407137947625749774e+01
5.352482151644315234e-02,-5.908065992130276101e+01
5.354145446284353654e-02,-6.666723577373714704e+01
5.355808740924392075e-02,-6.020256010326802709e+01
5.357472035564430496e-02,-5.574346899814607781e+01
5.359135330204469611e-02,-5.349717740595156812e+01
5.360798624844508031e-02,-5.316849082779756941e+01
5.362461919484546452e-02,-5.417138811722124103e+01
5.364125214124585567e-02,-5.578195561908906086e+01
5.365788508764623987e-02,-5.819753911192584894e+01
5.367451803404662408e-02,-6.118734851655631246e+01
5.369115098044701523e-02,-6.021388145577365947e+01
5.370778392684739944e-02,-5.666344257292898590e+01
5.372441687324778364e-02,-5.421536688849963070e+01
5.374104981964817479e-02,-5.455811409242471655e+01
5.375768276604855900e-02,-5.620744246587542392e+01
5.377431571244894321e-02,-5.401709313373645216e+01
5.379094865884932741e-02,-5.310914177556391991e+01
5.380758160524971856e-02,-5.372408249508973199e+01
5.382421455165010277e-02,-5.495201682909311103e+01
5.384084749805048697e-02,-5.725371819262203843e+01
5.385748044445087812e-02,-6.028493201402390156e+01
5.387411339085126233e-02,-5.961050757476215978e+01
5.389074633725164654e-02,-5.605526286206259812e+01
5.390737928365203768e-02,-5.527521630468365288e+01
5.392401223005242189e-02,-5.771797788515598882e+01
5.394064517645280610e-02,-6.123115980702748118e+01
5.395727812285319031e-02,-6.065305080529579840e+01
5.397391106925358145e-02,-5.629294251601307764e+01
5.399054401565396566e-02,-5.429952298929240584e+01
5.400717696205434987e-02,-5.427123942981732796e+01
5.402380990845474101e-02,-5.401113721317712191e+01
5.404044285485512522e-02,-5.597200324252188608e+01
5.405707580125550943e-02,-6.042178013640169354e+01
5.407370874765590057e-02,-6.215901690477902264e+01
5.409034169405628478e-02,-5.850486108781973371e+01
5.410697464045666899e-02,-5.456111545893175929e+01
5.412360758685706014e-02,-5.280803622160298261e+01
5.414024053325744434e-02,-5.461881544055918880e+01
5.415687347965782855e-02,-6.091753084261432605e+01
5.417350642605821276e-02,-6.617008683404567648e+01
5.419013937245860391e-02,-6.028877046678442042e+01
5.420677231885898811e-02,-5.560369630925528384e+01
5.422340526525937232e-02,-5.480717122013669496e+01
5.424003821165976347e-02,-5.508787807146920557e+01
5.425667115806014767e-02,-5.624252736084348214e+01
5.427330410446053188e-02,-6.073947647852524767e+01
5.428993705086092303e-02,-6.936375760303603499e+01
5.430656999726130724e-02,-6.007917960984181605e+01
5.432320294366169144e-02,-5.537334097133589239e+01
5.433983589006207565e-02,-5.504189380409592758e+01
5.435646883646246680e-02,-5.738589205676782967e+01
5.437310178286285101e-02,-5.974364768692177563e+01
5.438973472926323521e-02,-6.087574139245425187e+01
5.440636767566362636e-02,-6.296799759843092659e+01
5.442300062206401057e-02,-6.403702496583323978e+01
5.443963356846439477e-02,-6.412601426400539140e+01
5.445626651486478592e-02,-6.652574388956476525e+01
5.447289946126517013e-02,-7.231731061982897302e+01
5.448953240766555434e-02,-6.023913290642460794e+01
5.450616535406593854e-02,-5.616165702334139098e+01
5.452279830046632969e-02,-5.799357562508007646e+01
5.453943124686671390e-02,-6.110866296820566390e+01
5.455606419326709811e-02,-6.061761325280843948e+01
5.457269713966748925e-02,-6.071301177968771867e+01
5.458933008606787346e-02,-6.257847879729253293e+01
5.460596303246825767e-02,-6.352631964738307602e+01
5.462259597886864881e-02,-6.440996597389458600e+01
5.463922892526903302e-02,-6.249740816724519021e+01
5.465586187166941723e-02,-5.768789895573866033e+01
5.467249481806980838e-02,-5.639809122164557920e+01
5.468912776447019258e-02,-5.788212204143568584e+01
5.470576071087057679e-02,-5.844336070724827437e+01
5.472239365727096100e-02,-5.723073232728340543e+01
5.473902660367135214e-02,-5.684258056040408746e+01
5.475565955007173635e-02,-5.746580037520315898e+01
5.477229249647212056e-02,-5.805977262915666870e+01
5.478892544287251171e-02,-5.848456462240692133e+01
5.480555838927289591e-02,-6.157291349882098075e+01
5.482219133567328012e-02,-6.607150645696850688e+01
5.483882428207367127e-02,-5.887702318183365691e+01
5.485545722847405548e-02,-5.871169863491645913e+01
5.487209017487443968e-02,-6.661799026305031646e+01
5.488872312127482389e-02,-7.285453370806420992e+01
5.490535606767521504e-02,-7.397983979879515459e+01
5.492198901407559924e-02,-7.317898402794864410e+01
5.493862196047598345e-02,-6.487642713685059448e+01
5.495525490687637460e-02,-6.607734020827213328e+01
5.497188785327675881e-02,-7.368282170188506086e+01
5.498852079967714301e-02,-6.850745938035375104e+01
5.500515374607753416e-02,-6.311763964524742221e+01
5.502178669247791837e-02,-6.039180666133649567e+01
5.503841963887830258e-02,-5.913969527955464400e+01
5.505505258527868678e-02,-6.016766731809204316e+01
5.507168553167907793e-02,-6.069761906829191389e+01
5.508831847807946214e-02,-5.786358036431172991e+01
5.510495142447984634e-02,-5.685904368357470418e+01
5.512158437088023749e-02,-5.888639687026166314e+01
5.513821731728062170e-02,-6.061997590469939468e+01
5.515485026368100591e-02,-5.820234862209089499e+01
5.517148321008139705e-02,-5.645248156569660125e+01
5.518811615648178126e-02,-5.580568842558139409e+01
5.520474910288216547e-02,-5.623382507047778489e+01
5.522138204928255661e-02,-5.889570436988574897e+01
5.523801499568294082e-02,-6.189725099233388050e+01
5.525464794208332503e-02,-6.178750550165707978e+01
5.527128088848370924e-02,-6.264230576521048022e+01
5.528791383488410038e-02,-5.842977265825795996e+01
5.530454678128448459e-02,-5.630852357401416697e+01
5.532117972768486880e-02,-5.628966343657258165e+01
5.533781267408525995e-02,-5.734766760785782225e+01
5.535444562048564415e-02,-6.145366859042585617e+01
5.537107856688602836e-02,-6.947457379095077101e+01
5.538771151328641951e-02,-7.696792854039250642e+01
5.540434445968680371e-02,-6.003953052498903276e+01
5.542097740608718792e-02,-5.775254271717837895e+01
5.543761035248757213e-02,-6.511424689024467227e+01
5.545424329888796328e-02,-6.397687911513258996e+01
5.547087624528834748e-02,-5.699742271222527279e+01
5.548750919168873169e-02,-5.504440213214813582e+01
5.550414213808912284e-02,-5.631238757971146924e+01
5.552077508448950705e-02,-5.706413336656191859e+01
5.553740803088989125e-02,-5.460526163616904682e+01
5.555404097729028240e-02,-5.472648861466354475e+01
5.557067392369066661e-02,-5.844594920112318448e+01
5.558730687009105081e-02,-6.295375774738282360e+01
5.560393981649143502e-02,-6.325962462905386730e+01
5.562057276289182617e-02,-6.301600420875388409e+01
5.563720570929221038e-02,-6.387653292595814492e+01
5.565383865569259458e-02,-6.224951241453475603e+01
5.567047160209298573e-02,-6.090773328182930868e+01
5.568710454849336994e-02,-6.080309292803379151e+01
5.570373749489375415e-02,-5.785676874137451620e+01
5.572037044129414529e-02,-5.569481164376044546e+01
5.573700338769452950e-02,-5.485512547979038089e+01
5.575363633409491371e-02,-5.668574413502462050e+01
5.577026928049530485e-02,-5.956697551889672582e+01
5.578690222689568906e-02,-5.844297146407423327e+01
5.580353517329607327e-02,-5.798539118346975840e+01
5.582016811969645748e-02,-6.065176343055998132e+01
5.583680106609684862e-02,-5.937213378760876736e+01
5.585343401249723283e-02,-5.765024301898034764e+01
5.587006695889761704e-02,-5.765644474352754401e+01
5.588669990529800818e-02,-5.931042162626369674e+01
5.590333285169839239e-02,-5.721911528821366488e+01
5.591996579809877660e-02,-5.649616942784263784e+01
5.593659874449916775e-02,-6.065274759527240178e+01
5.595323169089955195e-02,-7.133741529756376565e+01
5.596986463729993616e-02,-6.862062805094234363e+01
5.598649758370032037e-02,-6.434333566421032913e+01
5.600313053010071151e-02,-6.084578456523561840e+01
5.601976347650109572e-02,-5.926827017374991158e+01
5.603639642290147993e-02,-5.871528264004300013e+01
5.605302936930187108e-02,-5.810489898893693805e+01
5.606966231570225528e-02,-6.226871733017375021e+01
5.608629526210263949e-02,-6.409532762030002573e+01
5.610292820850303064e-02,-6.187722587489193415e+01
5.611956115490341485e-02,-6.796165023524528692e+01
5.613619410130379905e-02,-6.588589220696471216e+01
5.615282704770418326e-02,-7.706052546948856730e+01
5.616945999410457441e-02,-6.326274376400811406e+01
5.618609294050495861e-02,-5.976229985768240738e+01
5.620272588690534282e-02,-6.460651952972531831e+01
5.621935883330573397e-02,-6.641827976324839256e+01
5.623599177970611818e-02,-6.197488617819088574e+01
5.625262472610650238e-02,-6.061011608934258277e+01
5.626925767250689353e-02,-5.858180097937693631e+01
5.628589061890727774e-02,-5.991243904138655552e+01
5.630252356530766195e-02,-6.581159400405398685e+01
5.631915651170805309e-02,-7.109611389222278888e+01
5.633578945810843730e-02,-6.294117408777566425e+01
5.635242240450882151e-02,-5.786842183278245244e+01
5.636905535090920571e-02,-5.835325854704287707e+01
5.638568829730959686e-02,-6.452901708186573160e+01
5.640232124370998107e-02,-6.075255808374330257e+01
5.641895419011036528e-02,-5.774791609065333375e+01
5.643558713651075642e-02,-5.945384932377861276e+01
5.645222008291114063e-02,-6.480527963187226703e+01
5.646885302931152484e-02,-6.015716428472949673e+01
5.648548597571191598e-02,-5.837564827856506611e+01
5.650211892211230019e-02,-6.001271696207361117e+01
5.651875186851268440e-02,-6.608016745365046063e+01
5.653538481491306861e-02,-6.870823676752699782e+01
5.655201776131345975e-02,-6.091826506123830853e+01
5.656865070771384396e-02,-5.663762358016930420e+01
5.658528365411422817e-02,-5.760069244465084637e+01
5.660191660051461932e-02,-6.256772962313042541e+01
5.661854954691500352e-02,-7.190522987735766947e+01
5.663518249331538773e-02,-7.319465764359621573e+01
5.665181543971577888e-02,-6.730010690526572148e+01
5.666844838611616308e-02,-6.501046745489315981e+01
5.668508133251654729e-02,-6.407998244673490262e+01
5.670171427891693150e-02,-6.341590589595689664e+01
5.671834722531732265e-02,-6.606343663056487969e+01
5.673498017171770685e-02,-7.653522155456451515e+01
5.675161311811809106e-02,-7.100663666164875565e+01
5.676824606451848221e-02,-6.281910915884608926e+01
5.678487901091886642e-02,-5.956348990358078765e+01
5.680151195731925062e-02,-6.095661401930235002e+01
5.681814490371964177e-02,-6.213761166546746040e+01
5.683477785012002598e-02,-6.214919567030552372e+01
5.685141079652041018e-02,-6.158446225691871234e+01
5.686804374292080133e-02,-6.151490949428093558e+01
5.688467668932118554e-02,-5.937503575414660162e+01
5.690130963572156975e-02,-5.682537266076242588e+01
5.691794258212195395e-02,-5.679519657577856862e+01
5.693457552852234510e-02,-5.736125576660349168e+01
5.695120847492272931e-02,-5.931232088460878060e+01
5.696784142132311352e-02,-5.960113246972839107e+01
5.698447436772350466e-02,-5.695967207364665796e+01
5.700110731412388887e-02,-5.614173788238020535e+01
5.701774026052427308e-02,-5.743150782287472822e+01
5.703437320692466422e-02,-5.983547850251417799e+01
5.705100615332504843e-02,-6.112387173611196545e+01
5.706763909972543264e-02,-6.461912349670306810e+01
5.708427204612581685e-02,-6.526287230537333528e+01
5.710090499252620799e-02,-5.912874001705038296e+01
5.711753793892659220e-02,-5.843760667936689401e+01
5.713417088532697641e-02,-5.974812205988409630e+01
5.715080383172736755e-02,-6.145895483465923803e+01
5.716743677812775176e-02,-6.096755641000163450e+01
5.718406972452813597e-02,-5.970100542293963031e+01
5.720070267092852712e-02,-5.791665813962491427e+01
5.721733561732891132e-02,-5.683031521244193129e+01
5.723396856372929553e-02,-5.869736672540729217e+01
5.725060151012967974e-02,-6.265853298196860521e+01
5.726723445653007089e-02,-7.151173375589894476e+01
5.728386740293045509e-02,-1.053283323611419746e+02
5.730050034933083930e-02,-7.415804359699328074e+01
5.731713329573123045e-02,-6.837941880593498922e+01
5.733376624213161465e-02,-6.086684202679209221e+01
5.735039918853199886e-02,-5.568520298670708968e+01
5.736703213493239001e-02,-5.403666451116994551e+01
5.738366508133277422e-02,-5.541070436979678959e+01
5.740029802773315842e-02,-5.947514373924668263e+01
5.741693097413354957e-02,-6.212414563065075868e+01
5.743356392053393378e-02,-5.984745309342074648e+01
5.745019686693431799e-02,-5.841565685580945200e+01
5.746682981333470219e-02,-5.963895588447939389e+01
5.748346275973509334e-02,-6.106703804421273674e+01
5.750009570613547755e-02,-6.114908886294451662e+01
5.751672865253586175e-02,-6.003694132984339404e+01
5.753336159893625290e-02,-6.039487130238730117e+01
5.754999454533663711e-02,-6.232085204679595591e+01
5.756662749173702132e-02,-6.407067245863109406e+01
5.758326043813741246e-02,-6.540925502895844090e+01
5.759989338453779667e-02,-6.440940068922209605e+01
5.761652633093818088e-02,-6.158798913753913240e+01
5.763315927733856509e-02,-6.366921213318477868e+01
5.764979222373895623e-02,-7.323728913425800613e+01
5.766642517013934044e-02,-7.022774289653951030e+01
5.768305811653972465e-02,-6.850804043255092779e+01
5.769969106294011579e-02,-6.945451756947686306e+01
5.771632400934050000e-02,-6.256915808429364745e+01
5.773295695574088421e-02,-5.952023921224251524e+01
5.774958990214127535e-02,-6.048280652154048909e+01
5.776622284854165956e-02,-6.342567257895338173e+01
5.778285579494204377e-02,-6.510097767343302166e+01
5.779948874134243492e-02,-6.643074863979435918e+01
5.781612168774281912e-02,-6.279145189934401117e+01
5.783275463414320333e-02,-6.032513895773326595e+01
5.784938758054358754e-02,-6.207796180495739691e+01
5.786602052694397869e-02,-6.097315867771331455e+01
5.788265347334436289e-02,-5.853498536267436236e+01
5.789928641974474710e-02,-5.735006172071685171e+01
5.791591936614513825e-02,-5.574445559190316146e+01
5.793255231254552245e-02,-5.666401369161665968e+01
5.794918525894590666e-02,-6.189812857904693999e+01
5.796581820534629781e-02,-6.141786911122211734e+01
5.798245115174668202e-02,-6.152299782113555437e+01
5.799908409814706622e-02,-6.359952436518503305e+01
5.801571704454745043e-02,-6.451374818498558739e+01
5.803234999094784158e-02,-6.530824225884364864e+01
5.804898293734822579e-02,-6.490409528887329316e+01
5.806561588374860999e-02,-6.607335131172133913e+01
5.808224883014900114e-02,-7.047430170593611365e+01
5.809888177654938535e-02,-6.709748618603408943e+01
5.811551472294976955e-02,-7.084629081469097400e+01
5.813214766935016070e-02,-6.180098270986022158e+01
5.814878061575054491e-02,-5.802091341740251096e+01
5.816541356215092912e-02,-5.861968599961491577e+01
5.818204650855131332e-02,-6.157084205977052704e+01
5.819867945495170447e-02,-7.028286964195237374e+01
5.821531240135208868e-02,-6.414386816351097309e+01
5.823194534775247289e-02,-6.350957309479427693e+01
5.824857829415286403e-02,-6.080787272447214065e+01
5.826521124055324824e-02,-5.595218888601934282e+01
5.828184418695363245e-02,-5.702618693710977738e+01
5.829847713335402359e-02,-6.289035219448347647e+01
5.831511007975440780e-02,-6.168023520438433138e+01
5.833174302615479201e-02,-6.128561831596360321e+01
5.834837597255518316e-02,-6.132637508573765217e+01
5.836500891895556736e-02,-5.930716348373064051e+01
5.838164186535595157e-02,-5.806189277783788327e+01
5.839827481175633578e-02,-5.722691932219682798e+01
5.841490775815672692e-02,-5.658743459512325558e+01
5.843154070455711113e-02,-5.890503329841735081e+01
5.844817365095749534e-02,-6.537135665736380474e+01
5.846480659735788649e-02,-6.085906195511118710e+01
5.848143954375827069e-02,-5.753022065847737565e+01
5.849807249015865490e-02,-5.759540819606514361e+01
5.851470543655904605e-02,-5.906090867269519862e+01
5.853133838295943026e-02,-5.930798626415895569e+01
5.854797132935981446e-02,-5.783289250577252005e+01
5.856460427576019867e-02,-6.152097596767462306e+01
5.858123722216058982e-02,-6.634817251991105991e+01
5.859787016856097402e-02,-6.230653327110613304e+01
5.861450311496135823e-02,-6.103450841767514845e+01
5.863113606136174938e-02,-5.916524220990766025e+01
5.864776900776213359e-02,-5.880727578407742584e+01
5.866440195416251779e-02,-5.588280146850152619e+01
5.868103490056290894e-02,-5.433723627230769893e+01
5.869766784696329315e-02,-5.796485069179791338e+01
5.871430079336367736e-02,-6.409420852009361624e+01
5.873093373976406156e-02,-6.061985801972087984e+01
5.874756668616445271e-02,-5.887119398579326202e+01
5.876419963256483692e-02,-6.313795610742669595e+01
5.878083257896522112e-02,-6.722972650003690376e+01
5.879746552536561227e-02,-6.558504116898936331e+01
5.881409847176599648e-02,-6.144397197541208300e+01
5.883073141816638069e-02,-6.659664510652109470e+01
5.884736436456677183e-02,-6.491283716110838498e+01
5.886399731096715604e-02,-5.807292170873756731e+01
5.888063025736754025e-02,-5.959056137857806590e+01
5.889726320376793139e-02,-6.938490088284537194e+01
5.891389615016831560e-02,-6.429473399300773906e+01
5.893052909656869981e-02,-6.312801503535559533e+01
5.894716204296908402e-02,-6.900591425644329036e+01
5.896379498936947516e-02,-7.421026448801521269e+01
5.898042793576985937e-02,-6.391947560391450622e+01
5.899706088217024358e-02,-6.357383461044332762e+01
5.901369382857063473e-02,-6.510478017878818946e+01
5.903032677497101893e-02,-7.018723414956771478e+01
5.904695972137140314e-02,-7.425331564696627140e+01
5.906359266777179429e-02,-6.811338474718469627e+01
5.908022561417217849e-02,-6.447305159162281996e+01
5.909685856057256270e-02,-6.276024278238300269e+01
5.911349150697294691e-02,-6.186976667468193369e+01
5.913012445337333806e-02,-5.947364395476289189e+01
5.914675739977372226e-02,-5.554152070773071159e+01
5.916339034617410647e-02,-5.362545498991615034e+01
5.918002329257449762e-02,-5.503112883641067299e+01
5.919665623897488183e-02,-5.979807113758486992e+01
5.921328918537526603e-02,-6.647388401316410977e+01
5.922992213177565718e-02,-7.357213658202906004e+01
5.924655507817604139e-02,-8.125951799893142891e+01
5.926318802457642559e-02,-6.791022742675814072e+01
5.927982097097680980e-02,-6.343690310173830227e+01
5.929645391737720095e-02,-6.148061978122852622e+01
5.931308686377758516e-02,-6.024724916205880731e+01
5.932971981017796936e-02,-6.378690292726153643e+01
5.934635275657836051e-02,-8.500097580366579564e+01
5.936298570297874472e-02,-6.840546502531543638e+01
5.937961864937912893e-02,-6.190767137857263691e+01
5.939625159577952007e-02,-6.330173662333714191e+01
5.941288454217990428e-02,-7.156322879440307361e+01
5.942951748858028849e-02,-6.913085710413015761e+01
5.944615043498067963e-02,-6.475622700188900183e+01
5.946278338138106384e-02,-6.476403663616166284e+01
5.947941632778144805e-02,-6.619576975043122502e+01
5.949604927418183226e-02,-6.216828809225739150e+01
5.951268222058222340e-02,-6.019136848414382968e+01
5.952931516698260761e-02,-6.133957236522975620e+01
5.954594811338299182e-02,-5.860975880240183500e+01
5.956258105978338296e-02,-5.601595571370619098e+01
5.957921400618376717e-02,-5.579880150596484611e+01
5.959584695258415138e-02,-5.666377552375803361e+01
5.961247989898454253e-02,-5.866644501500429953e+01
5.962911284538492673e-02,-6.210522810874606847e+01
5.964574579178531094e-02,-6.707586023674964792e+01
5.966237873818569515e-02,-6.682166247003580395e+01
5.967901168458608629e-02,-6.203985633077373052e+01
5.969564463098647050e-02,-6.584553975371593992e+01
5.971227757738685471e-02,-6.408931512218083526e+01
5.972891052378724586e-02,-6.026376701602137587e+01
5.974554347018763006e-02,-6.401207385055838017e+01
5.976217641658801427e-02,-7.250100594374464436e+01
5.977880936298840542e-02,-7.202853628942983732e+01
5.979544230938878963e-02,-7.277438911394835941e+01
5.981207525578917383e-02,-6.735736667753357665e+01
5.982870820218955804e-02,-6.224119787443072482e+01
5.984534114858994919e-02,-5.980781458905775594e+01
5.986197409499033339e-02,-5.911433978791499300e+01
5.987860704139071760e-02,-6.080515514661073695e+01
5.989523998779110875e-02,-6.551912116767000782e+01
5.991187293419149296e-02,-7.991448767534240005e+01
5.992850588059187716e-02,-6.975283730321703501e+01
5.994513882699226831e-02,-7.366456198496554464e+01
5.996177177339265252e-02,-5.998883070365940284e+01
5.997840471979303673e-02,-6.016461421175265656e+01
5.999503766619342787e-02,-6.645692493597280759e+01
6.001167061259381208e-02,-5.868009136942732340e+01
6.002830355899419629e-02,-5.804811309389051388e+01
6.004493650539458049e-02,-5.936187519125168421e+01
6.006156945179497164e-02,-5.705717522097746297e+01
6.007820239819535585e-02,-5.407877914699475497e+01
6.009483534459574006e-02,-5.347369662553660419e+01
6.011146829099613120e-02,-5.464539562026904207e+01
6.012810123739651541e-02,-5.669239613611346584e+01
6.014473418379689962e-02,-5.796794726437509837e+01
6.016136713019729076e-02,-5.920959802271363515e+01
6.017800007659767497e-02,-6.125210819726655131e+01
6.019463302299805918e-02,-6.461087200734743874e+01
6.021126596939844339e-02,-7.701584463344624965e+01
6.022789891579883453e-02,-6.234824812031661168e+01
6.024453186219921874e-02,-5.741666296112804702e+01
6.026116480859960295e-02,-5.633308695510300623e+01
6.027779775499999410e-02,-5.749009316627405042e+01
6.029443070140037830e-02,-5.960174420183146538e+01
6.031106364780076251e-02,-6.365487618484029042e+01
6.032769659420115366e-02,-7.141184443340310395e+01
6.034432954060153786e-02,-7.810120696237868287e+01
6.036096248700192207e-02,-6.791214594345449029e+01
6.037759543340230628e-02,-6.284371258447378494e+01
6.039422837980269743e-02,-6.216309361828152191e+01
6.041086132620308163e-02,-6.148889521474326614e+01
6.042749427260346584e-02,-5.985061521661538819e+01
6.044412721900385699e-02,-6.013419194850431637e+01
6.046076016540424120e-02,-6.465287793033448338e+01
6.047739311180462540e-02,-7.034588700662806104e+01
6.049402605820501655e-02,-6.493930767896995349e+01
6.051065900460540076e-02,-6.151567577607356441e+01
6.052729195100578496e-02,-6.133479844014763671e+01
6.054392489740617611e-02,-5.986135555632834837e+01
6.056055784380656032e-02,-5.853637351374248965e+01
6.057719079020694453e-02,-5.885893767814234678e+01
6.059382373660732873e-02,-6.238064830073664524e+01
6.061045668300771988e-02,-6.859343461832763467e+01
6.062708962940810409e-02,-7.193475393246187366e+01
6.064372257580848830e-02,-6.500885055538405766e+01
6.066035552220887944e-02,-6.004237402215412800e+01
6.067698846860926365e-02,-6.038146924614082423e+01
6.069362141500964786e-02,-6.560429520222838562e+01
6.071025436141003900e-02,-6.729550331065527757e+01
6.072688730781042321e-02,-6.687636698550060999e+01
6.074352025421080742e-02,-5.535270126745090380e+01
6.076015320061119163e-02,-5.353673868042826456e+01
6.077678614701158277e-02,-5.665662639675335299e+01
6.079341909341196698e-02,-6.605169994937620004e+01
6.081005203981235119e-02,-6.633365890900053330e+01
6.082668498621274233e-02,-6.087564377417724870e+01
6.084331793261312654e-02,-5.791986620083881832e+01
6.085995087901351075e-02,-5.726456968622989763e+01
6.087658382541390190e-02,-6.177568844650440383e+01
6.089321677181428610e-02,-6.306391769053456642e+01
6.090984971821467031e-02,-5.975568650568408913e+01
6.092648266461505452e-02,-5.707226678109866214e+01
6.094311561101544567e-02,-5.579108072807510865e+01
6.095974855741582987e-02,-5.639776534895965199e+01
6.097638150381621408e-02,-6.171146753757138725e+01
6.099301445021660523e-02,-7.326845696343522718e+01
6.100964739661698943e-02,-6.748405747593895398e+01
6.102628034301737364e-02,-6.559634428272623552e+01
6.104291328941776479e-02,-7.286294987093253894e+01
6.105954623581814900e-02,-6.332624085103637412e+01
6.107617918221853320e-02,-5.897283347158277422e+01
6.109281212861892435e-02,-5.809949355977282437e+01
6.110944507501930856e-02,-5.864998360339864547e+01
6.112607802141969277e-02,-5.968063283021648147e+01
6.114271096782007697e-02,-6.081255281831634818e+01
6.115934391422046812e-02,-6.085638513322382437e+01
6.117597686062085233e-02,-6.210027748315582841e+01
6.119260980702123653e-02,-7.475686255704330563e+01
6.120924275342162768e-02,-6.452595736339291932e+01
6.122587569982201189e-02,-6.212747279613297735e+01
6.124250864622239610e-02,-6.120258018180923187e+01
6.125914159262278724e-02,-5.975285409319895535e+01
6.127577453902317145e-02,-6.093177429137224266e+01
6.129240748542355566e-02,-6.033004221236782882e+01
6.130904043182393987e-02,-5.836729783588904752e+01
6.132567337822433101e-02,-6.031928397598078107e+01
6.134230632462471522e-02,-6.769875147960969741e+01
6.135893927102509943e-02,-6.558160976830934885e+01
6.137557221742549057e-02,-5.954743573762404196e+01
6.139220516382587478e-02,-5.721518551282719045e+01
6.140883811022625899e-02,-5.939717508077077923e+01
6.142547105662665013e-02,-6.849241212050132788e+01
6.144210400302703434e-02,-6.917296337559869812e+01
6.145873694942741855e-02,-6.092008114042481992e+01
6.147536989582780970e-02,-6.112509331114707578e+01
6.149200284222819390e-02,-6.763640784023665731e+01
6.150863578862857811e-02,-6.097336489409830307e+01
6.152526873502896232e-02,-5.778079872822556240e+01
6.154190168142935347e-02,-5.954863446226018198e+01
6.155853462782973767e-02,-6.192812128636066404e+01
6.157516757423012188e-02,-5.860772886418372707e+01
6.159180052063051303e-02,-5.848532776720844595e+01
6.160843346703089723e-02,-6.153166751078710917e+01
6.162506641343128144e-02,-6.373760952352328246e+01
6.164169935983167259e-02,-7.011549101066721335e+01
6.165833230623205680e-02,-6.560134186536524226e+01
6.167496525263244100e-02,-6.194620541926025226e+01
6.169159819903282521e-02,-6.285509671919943031e+01
6.170823114543321636e-02,-5.835415169240172872e+01
6.172486409183360057e-02,-5.691621954219807833e+01
6.174149703823398477e-02,-5.957650982795084360e+01
6.175812998463437592e-02,-6.256687702397444184e+01
6.177476293103476013e-02,-7.654586691433131307e+01
6.179139587743514433e-02,-6.471945261576108521e+01
6.180802882383553548e-02,-6.220609675316204346e+01
6.182466177023591969e-02,-5.881663344001275817e+01
6.184129471663630390e-02,-5.701895955915507841e+01
6.185792766303668810e-02,-5.645812872987058029e+01
6.187456060943707925e-02,-5.630522471477447510e+01
6.189119355583746346e-02,-5.657125959714495878e+01
6.190782650223784767e-02,-5.816652556229493598e+01
6.192445944863823881e-02,-6.540870608663274766e+01
6.194109239503862302e-02,-6.660990429927939260e+01
6.195772534143900723e-02,-6.240207708245506524e+01
6.197435828783939837e-02,-6.362322006695577414e+01
6.199099123423978258e-02,-6.121286994728721709e+01
6.200762418064016679e-02,-5.863868602466954627e+01
6.202425712704055794e-02,-5.927260092144892667e+01
6.204089007344094214e-02,-6.469283162487774064e+01
6.205752301984132635e-02,-6.509543446682228307e+01
6.207415596624171056e-02,-6.136698464400480901e+01
6.209078891264210170e-02,-6.431215900164292520e+01
6.210742185904248591e-02,-7.097229765874790530e+01
6.212405480544287012e-02,-6.224090129003469940e+01
6.214068775184326127e-02,-5.947732880204418393e+01
6.215732069824364547e-02,-5.898630886740262724e+01
6.217395364464402968e-02,-5.928025631975398824e+01
6.219058659104442083e-02,-5.991288786011865852e+01
6.220721953744480504e-02,-6.063794174882929156e+01
6.222385248384518924e-02,-5.960297716020480152e+01
6.224048543024557345e-02,-6.069518772069254453e+01
6.225711837664596460e-02,-5.949644979380864385e+01
6.227375132304634880e-02,-5.699119536877928738e+01
6.229038426944673301e-02,-5.885505292031283631e+01
6.230701721584712416e-02,-6.443471061708612524e+01
6.232365016224750837e-02,-7.171240121780668630e+01
6.234028310864789257e-02,-6.905364269638320707e+01
6.235691605504828372e-02,-6.289328712829099999e+01
6.237354900144866793e-02,-6.336091121946434868e+01
6.239018194784905214e-02,-6.827701165489224877e+01
6.240681489424943634e-02,-7.428842011334792517e+01
6.242344784064982749e-02,-6.755460634833238487e+01
6.244008078705021170e-02,-6.697129197892297725e+01
6.245671373345059590e-02,-7.073895895124513800e+01
6.247334667985098705e-02,-6.681274000027357829e+01
6.248997962625137126e-02,-6.522049991400265867e+01
6.250661257265176241e-02,-6.300328658442454355e+01
6.252324551905213967e-02,-5.819235627914061126e+01
6.253987846545253082e-02,-5.570371288581252855e+01
6.255651141185292197e-02,-5.778568413150294703e+01
6.257314435825329924e-02,-6.327581745013061720e+01
6.258977730465369038e-02,-6.793984943439737378e+01
6.260641025105408153e-02,-7.160161187937549698e+01
6.262304319745445880e-02,-6.248757395747621501e+01
6.263967614385484994e-02,-6.101992956491389464e+01
6.265630909025524109e-02,-6.476347615029024496e+01
6.267294203665561836e-02,-7.284559068238323221e+01
6.268957498305600951e-02,-6.232172778125712398e+01
6.270620792945638677e-02,-6.331147833726811314e+01
6.272284087585677792e-02,-6.253479101989957201e+01
6.273947382225716907e-02,-5.819036445388182699e+01
6.275610676865754634e-02,-5.707354118873047355e+01
6.277273971505793748e-02,-5.910891742315599373e+01
6.278937266145832863e-02,-6.156940773956318225e+01
6.280600560785870590e-02,-6.095605120570813540e+01
6.282263855425909704e-02,-6.241056345045655718e+01
6.283927150065948819e-02,-7.642703941729094197e+01
6.285590444705986546e-02,-6.726700505774984151e+01
6.287253739346025661e-02,-6.779360071557461254e+01
6.288917033986064775e-02,-6.545512135300103296e+01
6.290580328626102502e-02,-5.955128737074542755e+01
6.292243623266141617e-02,-6.140430007435037396e+01
6.293906917906180731e-02,-6.306457479083505291e+01
6.295570212546218458e-02,-6.426339460099342205e+01
6.297233507186257573e-02,-6.962086797904557045e+01
6.298896801826296687e-02,-6.674802212268802748e+01
6.300560096466334414e-02,-6.527577478593160265e+01
6.302223391106373529e-02,-6.507839504414435794e+01
6.303886685746411256e-02,-6.944817323524372910e+01
6.305549980386450371e-02,-6.904571701817525309e+01
6.307213275026489485e-02,-7.275401684519594880e+01
6.308876569666527212e-02,-6.499313262531086366e+01
6.310539864306566327e-02,-6.554637479125157995e+01
6.312203158946605441e-02,-6.441606200386365799e+01
6.313866453586643168e-02,-6.056171770083967942e+01
6.315529748226682283e-02,-6.231058605507600134e+01
6.317193042866721397e-02,-6.846943971103567605e+01
6.318856337506759124e-02,-6.005198956762249907e+01
6.320519632146798239e-02,-5.901484028290835226e+01
6.322182926786837354e-02,-6.335598898961863057e+01
6.323846221426875081e-02,-6.640206608707303815e+01
6.325509516066914195e-02,-6.195341440408918743e+01
6.327172810706953310e-02,-5.826693729246436249e+01
6.328836105346991037e-02,-5.944970914018696106e+01
6.330499399987030151e-02,-6.039282519272384064e+01
6.332162694627069266e-02,-6.100185925835241108e+01
6.333825989267106993e-02,-6.004548120964430780e+01
6.335489283907146107e-02,-5.481307320518201465e+01
6.337152578547185222e-02,-5.322282793571683612e+01
6.338815873187222949e-02,-5.579302936201906959e+01
6.340479167827262064e-02,-6.307819225330054280e+01
6.342142462467299791e-02,-7.362832474646420167e+01
6.343805757107338905e-02,-7.253320252031367943e+01
6.345469051747378020e-02,-6.447554293364122202e+01
6.347132346387415747e-02,-5.987924252738677922e+01
6.348795641027454861e-02,-6.205943930387164187e+01
6.350458935667493976e-02,-7.313166488219651740e+01
6.352122230307531703e-02,-5.897909990780152611e+01
6.353785524947570817e-02,-5.784621294732595942e+01
6.355448819587609932e-02,-6.134596324845268356e+01
6.357112114227647659e-02,-6.517510857665186563e+01
6.358775408867686774e-02,-6.309457147696095092e+01
6.360438703507725888e-02,-6.293355196739992152e+01
6.362101998147763615e-02,-6.891499225404031392e+01
6.363765292787802730e-02,-6.918478223456838805e+01
6.365428587427841844e-02,-6.068782481619187053e+01
6.367091882067879571e-02,-6.102401786329845379e+01
6.368755176707918686e-02,-6.775095170558627444e+01
6.370418471347957801e-02,-7.215574977252308031e+01
6.372081765987995527e-02,-6.526894732297651558e+01
6.373745060628034642e-02,-5.967380754614120519e+01
6.375408355268073757e-02,-5.874833094815403456e+01
6.377071649908111484e-02,-6.018868253164764326e+01
6.378734944548150598e-02,-6.138619465431975897e+01
6.380398239188188325e-02,-6.298434547758383673e+01
6.382061533828227440e-02,-6.110481448113230840e+01
6.383724828468266554e-02,-5.923968459154647093e+01
6.385388123108304281e-02,-5.861366352921729117e+01
6.387051417748343396e-02,-5.908337682966133286e+01
6.388714712388382511e-02,-6.107811235919676562e+01
6.390378007028420237e-02,-6.601422767334619834e+01
6.392041301668459352e-02,-8.724955178565141978e+01
6.393704596308498467e-02,-7.290123164675404155e+01
6.395367890948536194e-02,-8.065109882521866780e+01
6.397031185588575308e-02,-7.767328515917969867e+01
6.398694480228614423e-02,-6.557528060577199369e+01
6.400357774868652150e-02,-5.972397216896673200e+01
6.402021069508691264e-02,-6.069959696187236631e+01
6.403684364148730379e-02,-6.615534785210178370e+01
6.405347658788768106e-02,-8.252816187672435433e+01
6.407010953428807221e-02,-6.363764280351986713e+01
6.408674248068846335e-02,-5.738290009729681884e+01
6.410337542708884062e-02,-5.685335192876978283e+01
6.412000837348923177e-02,-6.108334849149653678e+01
6.413664131988962291e-02,-6.693875108188434808e+01
6.415327426629000018e-02,-6.161050758176625664e+01
6.416990721269039133e-02,-5.694175807665970979e+01
6.418654015909076860e-02,-5.651210747779660437e+01
6.420317310549115974e-02,-5.784432935043595592e+01
6.421980605189155089e-02,-5.990789624791762691e+01
6.423643899829192816e-02,-6.096001209227188866e+01
6.425307194469231931e-02,-6.351838388476349451e+01
6.426970489109271045e-02,-6.713212464015724379e+01
6.428633783749308772e-02,-7.155152557829796933e+01
6.430297078389347887e-02,-6.976790532115589372e+01
6.431960373029387001e-02,-6.714441412717187063e+01
6.433623667669424728e-02,-7.889133800971126220e+01
6.435286962309463843e-02,-6.616295998489215435e+01
6.436950256949502958e-02,-6.318433664281178608e+01
6.438613551589540684e-02,-6.421337383317164438e+01
6.440276846229579799e-02,-6.600789073626526715e+01
6.441940140869618914e-02,-6.615361833863788377e+01
6.443603435509656641e-02,-6.255579107190186505e+01
6.445266730149695755e-02,-6.226490254877550967e+01
6.446930024789734870e-02,-6.731993510978998074e+01
6.448593319429772597e-02,-7.034257011210476662e+01
6.450256614069811711e-02,-5.948364792987918293e+01
6.451919908709849438e-02,-5.914005341060512677e+01
6.453583203349888553e-02,-6.683041351794868490e+01
6.455246497989927668e-02,-6.677954133791564573e+01
6.456909792629965394e-02,-6.056103681265874172e+01
6.458573087270004509e-02,-6.292053727159826337e+01
6.460236381910043624e-02,-7.342583984965099830e+01
6.461899676550081351e-02,-7.161565640715491554e+01
6.463562971190120465e-02,-8.147458629690810028e+01
6.465226265830159580e-02,-7.114165451696874243e+01
6.466889560470197307e-02,-7.562052228361881134e+01
6.468552855110236421e-02,-7.446452069020166675e+01
6.470216149750275536e-02,-6.446953415621581485e+01
6.471879444390313263e-02,-6.122831376455069119e+01
6.473542739030352378e-02,-6.136865777363355079e+01
6.475206033670391492e-02,-6.091145244052485452e+01
6.476869328310429219e-02,-5.983873461207387834e+01
6.478532622950468334e-02,-6.099744350598825804e+01
6.480195917590507448e-02,-7.007443764732856550e+01
6.481859212230545175e-02,-6.622228361051055856e+01
6.483522506870584290e-02,-6.050948794897764316e+01
6.485185801510623405e-02,-6.040376032663217387e+01
6.486849096150661131e-02,-6.209402068232728311e+01
6.488512390790700246e-02,-6.480584548965325098e+01
6.490175685430737973e-02,-6.890782080616790495e+01
6.491838980070777088e-02,-7.236775061562691747e+01
6.493502274710816202e-02,-6.428251817285664060e+01
6.495165569350853929e-02,-6.964496294459304693e+01
6.496828863990893044e-02,-6.884196565251119182e+01
6.498492158630932158e-02,-5.793373155606588654e+01
6.500155453270969885e-02,-5.433552809132724803e+01
6.501818747911009000e-02,-5.682792720118794705e+01
6.503482042551048115e-02,-6.370622580853997619e+01
6.505145337191085841e-02,-6.380525846866228079e+01
6.506808631831124956e-02,-6.666435712829593285e+01
6.508471926471164071e-02,-6.456421983600388614e+01
6.510135221111201798e-02,-5.795814408884495350e+01
6.511798515751240912e-02,-5.662290213536260097e+01
6.513461810391280027e-02,-5.705751533895793415e+01
6.515125105031317754e-02,-5.788945463185417850e+01
6.516788399671356868e-02,-6.261175824036574511e+01
6.518451694311395983e-02,-8.705009917129655150e+01
6.520114988951433710e-02,-7.233798152263847214e+01
6.521778283591472825e-02,-7.937377521473047182e+01
6.523441578231511939e-02,-7.226798933066778829e+01
6.525104872871549666e-02,-6.795507565847388776e+01
6.526768167511588781e-02,-6.768105637428607224e+01
6.528431462151626508e-02,-6.803457203201013215e+01
6.530094756791665622e-02,-7.300865459067819074e+01
6.531758051431704737e-02,-6.323880253918639482e+01
6.533421346071742464e-02,-5.703197398299266041e+01
6.535084640711781578e-02,-5.909812956881884816e+01
6.536747935351820693e-02,-6.850887805032000699e+01
6.538411229991858420e-02,-6.762956933520678149e+01
6.540074524631897535e-02,-6.402308221599599847e+01
6.541737819271936649e-02,-6.263314853831883511e+01
6.543401113911974376e-02,-6.250909215588044532e+01
6.545064408552013491e-02,-6.371472568578436579e+01
6.546727703192052605e-02,-7.577161929405514229e+01
6.548390997832090332e-02,-6.988993351527037134e+01
6.550054292472129447e-02,-6.998041568401264101e+01
6.551717587112168562e-02,-6.305117905915021481e+01
6.553380881752206288e-02,-6.364322170999891171e+01
6.555044176392245403e-02,-6.752456815735648377e+01
6.556707471032284518e-02,-6.744226343131848012e+01
6.558370765672322245e-02,-6.769760277370710355e+01
6.560034060312361359e-02,-6.732608561309932327e+01
6.561697354952399086e-02,-6.467869155292005701e+01
6.563360649592438201e-02,-6.452863320022592575e+01
6.565023944232477315e-02,-6.428362654216839189e+01
6.566687238872515042e-02,-6.254797903209292542e+01
6.568350533512554157e-02,-6.524901864885754321e+01
6.570013828152593272e-02,-7.273399131060111245e+01
6.571677122792630998e-02,-6.894171115569817232e+01
6.573340417432670113e-02,-6.425727212441938718e+01
6.575003712072709228e-02,-6.256486956708789648e+01
6.576667006712746955e-02,-6.399749736995530469e+01
6.578330301352786069e-02,-6.593465319977138961e+01
6.579993595992825184e-02,-7.300212457833693236e+01
6.581656890632862911e-02,-6.288566521637803675e+01
6.583320185272902025e-02,-6.303177138791708956e+01
6.584983479912941140e-02,-6.428908718583318205e+01
6.586646774552978867e-02,-6.053820007721029839e+01
6.588310069193017982e-02,-5.902709787582055867e+01
6.589973363833057096e-02,-6.090968969610720762e+01
6.591636658473094823e-02,-6.792817868710481832e+01
6.593299953113133938e-02,-6.764363056179723799e+01
6.594963247753173052e-02,-6.429072177016963963e+01
6.596626542393210779e-02,-6.591920314123801461e+01
6.598289837033249894e-02,-6.447785192520498754e+01
6.599953131673287621e-02,-6.695315081679143532e+01
6.601616426313326735e-02,-6.343138113857960292e+01
6.603279720953365850e-02,-6.047768132099449900e+01
6.604943015593403577e-02,-5.962666802152063639e+01
6.606606310233442692e-02,-5.793670775631129288e+01
6.608269604873481806e-02,-5.906830763440700593e+01
6.609932899513519533e-02,-6.637917603560852342e+01
6.611596194153558648e-02,-6.344327721383014307e+01
6.613259488793597762e-02,-5.938816665254598348e+01
6.614922783433635489e-02,-6.003224791611107491e+01
6.616586078073674604e-02,-6.138088420492304920e+01
6.618249372713713718e-02,-6.173071645866154711e+01
6.619912667353751445e-02,-6.331702248737855143e+01
6.621575961993790560e-02,-6.405378264091480389e+01
6.623239256633829675e-02,-6.683530252875524980e+01
6.624902551273867402e-02,-7.551840713817770734e+01
6.626565845913906516e-02,-6.565838669329799870e+01
6.628229140553945631e-02,-6.029233236754997449e+01
6.629892435193983358e-02,-5.971935879125219770e+01
6.631555729834022472e-02,-6.008741973608036346e+01
6.633219024474061587e-02,-5.989019551900159399e+01
6.634882319114099314e-02,-6.378383449286058493e+01
6.636545613754138428e-02,-6.881673045869715111e+01
6.638208908394176155e-02,-6.584868506375487129e+01
6.639872203034215270e-02,-6.401175356507317815e+01
6.641535497674254385e-02,-6.208858266956950445e+01
6.643198792314292112e-02,-5.970672254713043969e+01
6.644862086954331226e-02,-6.104612917867426347e+01
6.646525381594370341e-02,-7.501529997405377514e+01
6.648188676234408068e-02,-6.566246308062463299e+01
6.649851970874447182e-02,-6.735286041267042378e+01
6.651515265514486297e-02,-6.600486400171716639e+01
6.653178560154524024e-02,-6.068086681497339896e+01
6.654841854794563138e-02,-6.632453355627106362e+01
6.656505149434602253e-02,-6.740423247675359164e+01
6.658168444074639980e-02,-6.992490259509465034e+01
6.659831738714679095e-02,-6.092010206056252741e+01
6.661495033354718209e-02,-5.812883872588920298e+01
6.663158327994755936e-02,-6.283958143698576038e+01
6.664821622634795051e-02,-6.841483719192659407e+01
6.666484917274834165e-02,-6.301881762264123665e+01
6.668148211914871892e-02,-6.720945661096499180e+01
6.669811506554911007e-02,-7.332625343396620110e+01
6.671474801194948734e-02,-6.619413688226784132e+01
6.673138095834987848e-02,-6.566328668461407858e+01
6.674801390475026963e-02,-6.164692739639663444e+01
6.676464685115064690e-02,-5.721793503405051240e+01
6.678127979755103805e-02,-5.915262846649125095e+01
6.679791274395142919e-02,-7.168015254951207282e+01
6.681454569035180646e-02,-6.775865715586034810e+01
6.683117863675219761e-02,-7.007755543129825071e+01
6.684781158315258875e-02,-6.350719939318021545e+01
6.686444452955296602e-02,-5.889378630812424120e+01
6.688107747595335717e-02,-5.884477848514573850e+01
6.689771042235374832e-02,-6.203988179996191832e+01
6.691434336875412558e-02,-6.139146420970639895e+01
6.693097631515451673e-02,-5.809896209420141133e+01
6.694760926155490788e-02,-5.817694593908444745e+01
6.696424220795528515e-02,-5.845487145358578829e+01
6.698087515435567629e-02,-5.857015200002275890e+01
6.699750810075606744e-02,-6.433719030508690651e+01
6.701414104715644471e-02,-8.314530233968130801e+01
6.703077399355683585e-02,-6.711505049983895788e+01
6.704740693995722700e-02,-6.685623952333074271e+01
6.706403988635760427e-02,-6.279752359557697616e+01
6.708067283275799542e-02,-5.880450302770193360e+01
6.709730577915837268e-02,-6.111694015996170037e+01
6.711393872555876383e-02,-6.435605565353969837e+01
6.713057167195915498e-02,-6.683205418566176093e+01
6.714720461835953225e-02,-6.431062310818099093e+01
6.716383756475992339e-02,-6.919255641049062433e+01
6.718047051116031454e-02,-6.600488782477820848e+01
6.719710345756069181e-02,-5.975323228271946618e+01
6.721373640396108295e-02,-5.913010850624020520e+01
6.723036935036147410e-02,-6.118325128095892751e+01
6.724700229676185137e-02,-6.640173221839927464e+01
6.726363524316224252e-02,-6.986612172683032895e+01
6.728026818956263366e-02,-6.919304434924964653e+01
6.729690113596301093e-02,-6.745579170474618991e+01
6.731353408236340208e-02,-6.015156333138003220e+01
6.733016702876379322e-02,-5.468002918932341316e+01
6.734679997516417049e-02,-5.409234987952895324e+01
6.736343292156456164e-02,-5.694368395105941261e+01
6.738006586796495279e-02,-6.373310025932333645e+01
6.739669881436533005e-02,-6.551367202390464684e+01
6.741333176076572120e-02,-6.080526478157175063e+01
6.742996470716611235e-02,-5.959554200379180600e+01
6.744659765356648962e-02,-5.996049419052150142e+01
6.746323059996688076e-02,-5.966890352863565994e+01
6.747986354636725803e-02,-5.777467491453314352e+01
6.749649649276764918e-02,-5.653883191247950180e+01
6.751312943916804032e-02,-5.716860747312777846e+01
6.752976238556841759e-02,-5.786031723285237405e+01
6.754639533196880874e-02,-5.731175115623862837e+01
6.756302827836919989e-02,-5.854030925924387674e+01
6.757966122476957715e-02,-6.322778723843102000e+01
6.759629417116996830e-02,-6.817295246915310258e+01
6.761292711757035945e-02,-7.278944351233849375e+01
6.762956006397073672e-02,-6.311134215654416124e+01
6.764619301037112786e-02,-6.322030664248659093e+01
6.766282595677151901e-02,-6.853872781521994284e+01
6.767945890317189628e-02,-7.030558023297335524e+01
6.769609184957228742e-02,-6.703852979770805121e+01
6.771272479597267857e-02,-7.200771052065897493e+01
6.772935774237305584e-02,-6.796197714226552478e+01
6.774599068877344699e-02,-6.179539191192391456e+01
6.776262363517383813e-02,-5.804336358502113313e+01
6.777925658157421540e-02,-5.734929391336247306e+01
6.779588952797460655e-02,-6.293056398546160324e+01
6.781252247437499769e-02,-6.479187827588660298e+01
6.782915542077537496e-02,-6.583222758682583731e+01
6.784578836717576611e-02,-7.487097054295725229e+01
6.786242131357614338e-02,-6.051934934583431414e+01
6.787905425997653452e-02,-5.757487015532659314e+01
6.789568720637692567e-02,-6.173698722533346483e+01
6.791232015277730294e-02,-6.630639843360918917e+01
6.792895309917769409e-02,-5.875944728718440757e+01
6.794558604557808523e-02,-5.873184970742926225e+01
6.796221899197846250e-02,-6.931783071139420827e+01
6.797885193837885365e-02,-6.501555442935773499e+01
6.799548488477924479e-02,-6.413042840190530569e+01
6.801211783117962206e-02,-6.981708115185854524e+01
6.802875077758001321e-02,-6.933669977875568691e+01
6.804538372398040436e-02,-6.326787340564595752e+01
6.806201667038078162e-02,-6.366251793809009740e+01
6.807864961678117277e-02,-7.360859683998751279e+01
6.809528256318156392e-02,-6.849084421766293929e+01
6.811191550958194119e-02,-6.763177325264615547e+01
6.812854845598233233e-02,-6.123038603106634525e+01
6.814518140238272348e-02,-6.015359589318123312e+01
6.816181434878310075e-02,-6.316896053645524489e+01
6.817844729518349189e-02,-5.639462809354717621e+01
6.819508024158386916e-02,-5.596035298679729664e+01
6.821171318798426031e-02,-5.906053947874809040e+01
6.822834613438465146e-02,-5.984505447238795028e+01
6.824497908078502872e-02,-6.038618184316682402e+01
6.826161202718541987e-02,-6.281216071225348685e+01
6.827824497358581102e-02,-6.476402280967126046e+01
6.829487791998618829e-02,-8.572855309677564151e+01
6.831151086638657943e-02,-6.110280091128488067e+01
6.832814381278697058e-02,-5.974503590088123417e+01
6.834477675918734785e-02,-6.020478401756523823e+01
6.836140970558773899e-02,-5.993716792405589899e+01
6.837804265198813014e-02,-6.183405652600726654e+01
6.839467559838850741e-02,-6.446475364828980048e+01
6.841130854478889856e-02,-6.421022285998381562e+01
6.842794149118928970e-02,-6.001493338760280949e+01
6.844457443758966697e-02,-6.017318797954450815e+01
6.846120738399005812e-02,-6.277019374961874831e+01
6.847784033039044926e-02,-6.377529448502151155e+01
6.849447327679082653e-02,-6.267451254402783434e+01
6.851110622319121768e-02,-5.854234262830313895e+01
6.852773916959160883e-02,-5.709292159381015352e+01
6.854437211599198609e-02,-6.038234201487806274e+01
6.856100506239237724e-02,-6.905706090843716538e+01
6.857763800879275451e-02,-7.165655371045593824e+01
6.859427095519314566e-02,-8.090875260140394687e+01
6.861090390159353680e-02,-6.540896866493102380e+01
6.862753684799391407e-02,-6.548553363566770713e+01
6.864416979439430522e-02,-6.030184749112827802e+01
6.866080274079469636e-02,-5.922926276808206580e+01
6.867743568719507363e-02,-6.300392081830394631e+01
6.869406863359546478e-02,-6.754086019693789922e+01
6.871070157999585593e-02,-6.807723253585466239e+01
6.872733452639623319e-02,-6.832543200258376714e+01
6.874396747279662434e-02,-6.214741606055842738e+01
6.876060041919701549e-02,-5.906185786033204721e+01
6.877723336559739276e-02,-5.961892821395772302e+01
6.879386631199778390e-02,-6.283685066370577488e+01
6.881049925839817505e-02,-6.866887343708155811e+01
6.882713220479855232e-02,-6.962221871308787513e+01
6.884376515119894346e-02,-7.044677412357566482e+01
6.886039809759933461e-02,-5.913930576407598494e+01
6.887703104399971188e-02,-5.890873829988223775e+01
6.889366399040010303e-02,-6.118093971644630358e+01
6.891029693680049417e-02,-6.478283318840443883e+01
6.892692988320087144e-02,-6.579155497868839575e+01
6.894356282960126259e-02,-6.503796565960669795e+01
6.896019577600163986e-02,-7.987855674065860967e+01
6.897682872240203100e-02,-7.523121055426311443e+01
6.899346166880242215e-02,-7.618132084204391674e+01
6.901009461520279942e-02,-7.783447673502773512e+01
6.902672756160319056e-02,-6.961159963689637209e+01
6.904336050800358171e-02,-6.350907389811945336e+01
6.905999345440395898e-02,-6.432458442350794314e+01
6.907662640080435013e-02,-7.480883667213950616e+01
6.909325934720474127e-02,-6.217536362610314882e+01
6.910989229360511854e-02,-5.931306653407631302e+01
6.912652524000550969e-02,-6.286467345989891697e+01
6.914315818640590083e-02,-6.880390211937519496e+01
6.915979113280627810e-02,-6.206200495485803970e+01
6.917642407920666925e-02,-6.074573275423142604e+01
6.919305702560706040e-02,-6.579759503775761686e+01
6.920968997200743766e-02,-6.906824841145754590e+01
6.922632291840782881e-02,-6.413550774843295699e+01
6.924295586480821996e-02,-6.939598527645000559e+01
6.925958881120859723e-02,-6.085615749289520693e+01
6.927622175760898837e-02,-5.963854096552844908e+01
6.929285470400936564e-02,-5.716063150741320698e+01
6.930948765040975679e-02,-5.421709918797789385e+01
6.932612059681014793e-02,-5.511235618635615907e+01
6.934275354321052520e-02,-6.086866750107113688e+01
6.935938648961091635e-02,-7.297209614185277360e+01
6.937601943601130750e-02,-8.093578342120559910e+01
6.939265238241168476e-02,-8.383175686967491913e+01
6.940928532881207591e-02,-6.620164341515285855e+01
6.942591827521246706e-02,-6.230492281522635523e+01
6.944255122161284433e-02,-6.411043962736241042e+01
6.945918416801323547e-02,-6.799078006452654677e+01
6.947581711441362662e-02,-6.703272318120353646e+01
6.949245006081400389e-02,-6.207213937002808990e+01
6.950908300721439503e-02,-6.106964614294766847e+01
6.952571595361478618e-02,-6.122279130223279964e+01
6.954234890001516345e-02,-6.113544672677605973e+01
6.955898184641555460e-02,-6.340140149372302858e+01
6.957561479281594574e-02,-6.845597035726778756e+01
6.959224773921632301e-02,-7.455992668154523528e+01
6.960888068561671416e-02,-6.392476434936106244e+01
6.962551363201710530e-02,-6.059607709358707694e+01
6.964214657841748257e-02,-6.206565236805524677e+01
6.965877952481787372e-02,-6.682108150352060250e+01
6.967541247121825099e-02,-6.670649492776482248e+01
6.969204541761864213e-02,-6.067502800252013628e+01
6.970867836401903328e-02,-6.645669872905463649e+01
6.972531131041941055e-02,-6.012249339504612777e+01
6.974194425681980170e-02,-5.799484881472868381e+01
6.975857720322019284e-02,-5.999220462868186843e+01
6.977521014962057011e-02,-6.247093703502849138e+01
6.979184309602096126e-02,-6.630112864649470339e+01
6.980847604242135240e-02,-6.840363920893983618e+01
6.982510898882172967e-02,-6.679521934666320249e+01
6.984174193522212082e-02,-7.037543651525547261e+01
6.985837488162251196e-02,-7.461361350651748126e+01
6.987500782802288923e-02,-6.313486166319191284e+01
6.989164077442328038e-02,-6.272837583654846583e+01
6.990827372082367153e-02,-6.943718346569615107e+01
6.992490666722404880e-02,-7.277720637948347360e+01
6.994153961362443994e-02,-6.845320232611032907e+01
6.995817256002483109e-02,-6.433693778372385452e+01
6.997480550642520836e-02,-6.235283307283582133e+01
6.999143845282559950e-02,-6.426301580683853842e+01
7.000807139922599065e-02,-7.097552433086644896e+01
7.002470434562636792e-02,-6.922151421887136280e+01
7.004133729202675906e-02,-6.797531267165592794e+01
7.005797023842713633e-02,-8.036581244713731564e+01
7.007460318482752748e-02,-7.557090102452158931e+01
7.009123613122791863e-02,-7.173829681946159553e+01
7.010786907762829590e-02,-6.354456342458077245e+01
7.012450202402868704e-02,-6.414514322487163156e+01
7.014113497042907819e-02,-7.880123914584555678e+01
7.015776791682945546e-02,-7.280554485221911420e+01
7.017440086322984660e-02,-6.928073343432872377e+01
7.019103380963023775e-02,-6.714731994497297762e+01
7.020766675603061502e-02,-6.997229137302609558e+01
7.022429970243100616e-02,-9.236180785038411045e+01
7.024093264883139731e-02,-7.153389146129300968e+01
7.025756559523177458e-02,-6.906468250258227215e+01
7.027419854163216573e-02,-6.845350406017367106e+01
7.029083148803255687e-02,-6.912374657591142579e+01
7.030746443443293414e-02,-6.691900923265326639e+01
7.032409738083332529e-02,-6.236639380124568532e+01
7.034073032723371643e-02,-6.012767531792701448e+01
7.035736327363409370e-02,-6.629753691325898046e+01
7.037399622003448485e-02,-6.758642025040758483e+01
7.039062916643486212e-02,-6.444415886609303357e+01
7.040726211283525326e-02,-7.342644470391269351e+01
7.042389505923564441e-02,-6.811372997202090573e+01
7.044052800563602168e-02,-7.843936709037419064e+01
7.045716095203641283e-02,-6.232109124189201310e+01
7.047379389843680397e-02,-6.039079064738034219e+01
7.049042684483718124e-02,-6.191437405062381316e+01
7.050705979123757239e-02,-6.180619032502892196e+01
7.052369273763796353e-02,-6.421227922591315007e+01
7.054032568403834080e-02,-7.084288918559130366e+01
7.055695863043873195e-02,-7.219206556659293028e+01
7.057359157683912310e-02,-6.474387572939376412e+01
7.059022452323950036e-02,-6.431435693018234190e+01
7.060685746963989151e-02,-6.258215110040101337e+01
7.062349041604028266e-02,-6.109870510734297966e+01
7.064012336244065993e-02,-6.004475627541401650e+01
7.065675630884105107e-02,-5.902339117850218742e+01
7.067338925524144222e-02,-5.906986551385354289e+01
7.069002220164181949e-02,-6.198792757253602304e+01
7.070665514804221063e-02,-6.998048937101422950e+01
7.072328809444260178e-02,-7.378193233394243578e+01
7.073992104084297905e-02,-8.382387948818406187e+01
7.075655398724337020e-02,-7.486417096438441376e+01
7.077318693364374746e-02,-8.004442559967739612e+01
7.078981988004413861e-02,-6.423530899071226941e+01
7.080645282644452976e-02,-6.153791688385795311e+01
7.082308577284490703e-02,-6.320407372551608205e+01
7.083971871924529817e-02,-6.771009861102602656e+01
7.085635166564568932e-02,-6.787744682377632444e+01
7.087298461204606659e-02,-6.713224207833729906e+01
7.088961755844645773e-02,-6.734148764967754630e+01
7.090625050484684888e-02,-6.484463631783629012e+01
7.092288345124722615e-02,-7.006535482938838300e+01
7.093951639764761730e-02,-6.970244116146784563e+01
7.095614934404800844e-02,-6.051805207037921974e+01
7.097278229044838571e-02,-5.795819166564492519e+01
7.098941523684877686e-02,-5.895869037628361298e+01
7.100604818324916800e-02,-5.790781020205631080e+01
7.102268112964954527e-02,-5.718484855134722977e+01
7.103931407604993642e-02,-5.783895415225617853e+01
7.105594702245032757e-02,-6.005838195649787536e+01
7.107257996885070483e-02,-6.360617601218927319e+01
7.108921291525109598e-02,-6.891352944191856977e+01
7.110584586165148713e-02,-7.110071479361528191e+01
7.112247880805186440e-02,-6.804089980006085625e+01
7.113911175445225554e-02,-6.618479730651461068e+01
7.115574470085263281e-02,-6.924261432581002396e+01
7.117237764725302396e-02,-7.551556403182019039e+01
7.118901059365341510e-02,-7.101677477993723642e+01
7.120564354005379237e-02,-6.068665853523096843e+01
7.122227648645418352e-02,-6.021350250711272878e+01
7.123890943285457467e-02,-6.669865074890098811e+01
7.125554237925495193e-02,-7.314871698732221716e+01
7.127217532565534308e-02,-6.579473290967639798e+01
7.128880827205573423e-02,-6.247691763323157943e+01
7.130544121845611150e-02,-6.103035188195502059e+01
7.132207416485650264e-02,-6.340321591549455604e+01
7.133870711125689379e-02,-6.865808995529603465e+01
7.135534005765727106e-02,-7.360959937996589986e+01
7.137197300405766220e-02,-6.638271205917800444e+01
7.138860595045805335e-02,-6.601511892627735278e+01
7.140523889685843062e-02,-8.826415549189667331e+01
7.142187184325882177e-02,-6.589080685637095769e+01
7.143850478965921291e-02,-7.037464083524048419e+01
7.145513773605959018e-02,-7.365660160271831103e+01
7.147177068245998133e-02,-6.803013510572912992e+01
7.148840362886037247e-02,-6.937106130650765579e+01
7.150503657526074974e-02,-6.806835805392636018e+01
7.152166952166114089e-02,-6.499279243284101426e+01
7.153830246806151816e-02,-6.884481004862728071e+01
7.155493541446190930e-02,-6.375855862238817906e+01
7.157156836086230045e-02,-6.084040039623990026e+01
7.158820130726267772e-02,-6.240649465561746467e+01
7.160483425366306887e-02,-6.173436960217517822e+01
7.162146720006346001e-02,-6.022246834872380106e+01
7.163810014646383728e-02,-6.347399561590648887e+01
7.165473309286422843e-02,-7.908520703913582395e+01
7.167136603926461957e-02,-7.218334370209686313e+01
7.168799898566499684e-02,-7.339940025688360947e+01
7.170463193206538799e-02,-6.866943634167530774e+01
7.172126487846577914e-02,-6.551346346900533035e+01
7.173789782486615640e-02,-6.476739054791097772e+01
7.175453077126654755e-02,-6.745584204370446457e+01
7.177116371766693870e-02,-6.813077770143044631e+01
7.178779666406731597e-02,-6.767435609746317482e+01
7.180442961046770711e-02,-6.634392744332146208e+01
7.182106255686809826e-02,-6.604175876943352819e+01
7.183769550326847553e-02,-6.827268690125055173e+01
7.185432844966886667e-02,-6.108545815783265454e+01
7.187096139606924394e-02,-5.799600681530207424e+01
7.188759434246963509e-02,-5.896505610395037422e+01
7.190422728887002624e-02,-6.239588826448415659e+01
7.192086023527040350e-02,-6.340022014164627961e+01
7.193749318167079465e-02,-6.378378536551284128e+01
7.195412612807118580e-02,-6.307747118957992427e+01
7.197075907447156307e-02,-6.272320897506720172e+01
7.198739202087195421e-02,-6.716929127874624328e+01
7.200402496727234536e-02,-6.407773145081343102e+01
7.202065791367272263e-02,-6.104199391868859692e+01
7.203729086007311377e-02,-5.940156111586831145e+01
7.205392380647350492e-02,-5.958910130230410118e+01
7.207055675287388219e-02,-6.272593059180579189e+01
7.208718969927427334e-02,-6.595888371912730008e+01
7.210382264567466448e-02,-6.704539172389013402e+01
7.212045559207504175e-02,-6.760606791496283563e+01
7.213708853847543290e-02,-7.133373516719233010e+01
7.215372148487582404e-02,-7.943894502524553047e+01
7.217035443127620131e-02,-7.379790597176265976e+01
7.218698737767659246e-02,-7.611860047757184589e+01
7.220362032407698361e-02,-7.675307681369147872e+01
7.222025327047736087e-02,-7.310251465663949944e+01
7.223688621687775202e-02,-6.890560975659268195e+01
7.225351916327812929e-02,-6.367909190075177861e+01
7.227015210967852044e-02,-6.500550551322461956e+01
7.228678505607891158e-02,-6.523591237790832054e+01
7.230341800247928885e-02,-6.392525137334951069e+01
7.232005094887968000e-02,-6.901976832038334919e+01
7.233668389528007114e-02,-6.721402351191107982e+01
7.235331684168044841e-02,-6.498726838137632456e+01
7.236994978808083956e-02,-6.752246421625203254e+01
7.238658273448123071e-02,-6.305454344495145591e+01
7.240321568088160797e-02,-6.190792496561300595e+01
7.241984862728199912e-02,-6.386499526901392443e+01
7.243648157368239027e-02,-6.738244792117151860e+01
7.245311452008276754e-02,-6.518825243757410703e+01
7.246974746648315868e-02,-6.543838010985443532e+01
7.248638041288354983e-02,-6.656394752411981131e+01
7.250301335928392710e-02,-6.598214528446089844e+01
7.251964630568431824e-02,-6.004230572913012765e+01
7.253627925208470939e-02,-5.452292590527328997e+01
7.255291219848508666e-02,-5.357110133548989239e+01
7.256954514488547781e-02,-5.768647808255160925e+01
7.258617809128586895e-02,-6.745563171793980928e+01
7.260281103768624622e-02,-9.093075101537293392e+01
7.261944398408663737e-02,-6.784760893385693237e+01
7.263607693048701464e-02,-6.209166419697316996e+01
7.265270987688740578e-02,-6.325866126801875566e+01
7.266934282328779693e-02,-6.912980762993652206e+01
7.268597576968817420e-02,-6.576275381490650318e+01
7.270260871608856534e-02,-6.534349056971879577e+01
7.271924166248895649e-02,-6.590442172185267111e+01
7.273587460888933376e-02,-6.192752964451743480e+01
7.275250755528972491e-02,-6.029617918239569718e+01
7.276914050169011605e-02,-6.390747315364883008e+01
7.278577344809049332e-02,-7.685801754953334353e+01
7.280240639449088447e-02,-7.414530543987017097e+01
7.281903934089127561e-02,-7.415100208692541628e+01
7.283567228729165288e-02,-7.176296991266843861e+01
7.285230523369204403e-02,-7.866257640922381711e+01
7.286893818009243518e-02,-6.935330349108477321e+01
7.288557112649281244e-02,-6.038840796199990280e+01
7.290220407289320359e-02,-5.654164772394574356e+01
7.291883701929359474e-02,-5.862194568349525525e+01
7.293546996569397201e-02,-6.343780953825650926e+01
7.295210291209436315e-02,-6.056025734125762483e+01
7.296873585849474042e-02,-5.741970195394340948e+01
7.298536880489513157e-02,-5.859083594922287830e+01
7.300200175129552271e-02,-6.321831766588039869e+01
7.301863469769589998e-02,-6.677899745088498662e+01
7.303526764409629113e-02,-6.952445314738677951e+01
7.305190059049668228e-02,-6.489687112653714962e+01
7.306853353689705954e-02,-6.012723889873029037e+01
7.308516648329745069e-02,-6.270073566239346974e+01
7.310179942969784184e-02,-7.172913524398593665e+01
7.311843237609821911e-02,-6.206083813518893777e+01
7.313506532249861025e-02,-6.015378633125229868e+01
7.315169826889900140e-02,-6.334094218684334976e+01
7.316833121529937867e-02,-6.766700845160757183e+01
7.318496416169976981e-02,-7.339366594678379840e+01
7.320159710810016096e-02,-7.078417783332490387e+01
7.321823005450053823e-02,-6.491612747654986038e+01
7.323486300090092938e-02,-6.606980261858231529e+01
7.325149594730132052e-02,-6.617067882153737912e+01
7.326812889370169779e-02,-6.303116682624831668e+01
7.328476184010208894e-02,-5.839089899244768844e+01
7.330139478650248008e-02,-5.896144020272225816e+01
7.331802773290285735e-02,-6.495970706843093012e+01
7.333466067930324850e-02,-7.852161416098660141e+01
7.335129362570362577e-02,-6.898648335010415167e+01
7.336792657210401691e-02,-6.236104741295289955e+01
7.338455951850440806e-02,-6.084964839542778492e+01
7.340119246490478533e-02,-6.138305659843246076e+01
7.341782541130517648e-02,-6.426553370004512544e+01
7.343445835770556762e-02,-7.954323020071399242e+01
7.345109130410594489e-02,-6.620514922854417250e+01
7.346772425050633604e-02,-6.583142427012184328e+01
7.348435719690672718e-02,-6.495820167338804652e+01
7.350099014330710445e-02,-6.247013575712841060e+01
7.351762308970749560e-02,-6.211210251938397420e+01
7.353425603610788674e-02,-6.530155101520294636e+01
7.355088898250826401e-02,-6.360133288486900938e+01
7.356752192890865516e-02,-6.901565323828970122e+01
7.358415487530904631e-02,-6.560845796089515147e+01
7.360078782170942358e-02,-6.052822160277276708e+01
7.361742076810981472e-02,-5.926551045783093485e+01
7.363405371451020587e-02,-6.274480000255621803e+01
7.365068666091058314e-02,-6.537895393848788217e+01
7.366731960731097428e-02,-6.591076875131460611e+01
7.368395255371136543e-02,-7.719245357124049178e+01
7.370058550011174270e-02,-6.798278615107732037e+01
7.371721844651213384e-02,-6.502785692211287483e+01
7.373385139291251111e-02,-6.780155379089785583e+01
7.375048433931290226e-02,-6.917262166947720914e+01
7.376711728571329341e-02,-6.659028425900072534e+01
7.378375023211367068e-02,-6.340107034269257724e+01
7.380038317851406182e-02,-6.000810399115968607e+01
7.381701612491445297e-02,-5.998853830160204836e+01
7.383364907131483024e-02,-6.192325420334228880e+01
7.385028201771522138e-02,-6.826473217369196789e+01
7.386691496411561253e-02,-6.488004888655297009e+01
7.388354791051598980e-02,-6.501653125282763312e+01
7.390018085691638094e-02,-6.014097070764176323e+01
7.391681380331677209e-02,-6.654394823382106949e+01
7.393344674971714936e-02,-6.562458623184667772e+01
7.395007969611754051e-02,-6.068033899537035580e+01
7.396671264251793165e-02,-6.129674945325851354e+01
7.398334558891830892e-02,-6.478481232843712689e+01
7.399997853531870007e-02,-6.801125459868943324e+01
7.401661148171909121e-02,-6.670836020918163456e+01
7.403324442811946848e-02,-6.332898931060596226e+01
7.404987737451985963e-02,-6.019242585059193118e+01
7.406651032092023690e-02,-6.145498528332343824e+01
7.408314326732062804e-02,-7.354640125729447675e+01
7.409977621372101919e-02,-6.737034887957369733e+01
7.411640916012139646e-02,-6.761121858843816312e+01
7.413304210652178761e-02,-7.544809668920271406e+01
7.414967505292217875e-02,-7.143061273226565788e+01
7.416630799932255602e-02,-6.558424763376207522e+01
7.418294094572294717e-02,-6.998462072398319833e+01
7.419957389212333831e-02,-6.372079503895350427e+01
7.421620683852371558e-02,-6.514938881400506432e+01
7.423283978492410673e-02,-7.097914595211713618e+01
7.424947273132449788e-02,-6.132631798139414769e+01
7.426610567772487514e-02,-6.315819101294582794e+01
7.428273862412526629e-02,-8.878845927902594326e+01
7.429937157052565744e-02,-6.862463301532469018e+01
7.431600451692603471e-02,-6.967522951654666485e+01
7.433263746332642585e-02,-6.351078891709650520e+01
7.434927040972681700e-02,-6.328708765646020851e+01
7.436590335612719427e-02,-6.582778202078739582e+01
7.438253630252758541e-02,-6.849886450068252941e+01
7.439916924892797656e-02,-7.244791244960336485e+01
7.441580219532835383e-02,-7.030572367117059684e+01
7.443243514172874498e-02,-6.494787652313334547e+01
7.444906808812912224e-02,-6.217393697346810200e+01
7.446570103452951339e-02,-6.197547918481330242e+01
7.448233398092990454e-02,-6.436292646049797384e+01
7.449896692733028181e-02,-7.210608612065280454e+01
7.451559987373067295e-02,-6.480319414730742267e+01
7.453223282013106410e-02,-5.927456596965333802e+01
7.454886576653144137e-02,-6.054583683148720752e+01
7.456549871293183251e-02,-6.263882116638099973e+01
7.458213165933222366e-02,-6.102511329946085539e+01
7.459876460573260093e-02,-6.354352043815092088e+01
7.461539755213299208e-02,-6.368637512162941050e+01
7.463203049853338322e-02,-5.944282213806738469e+01
7.464866344493376049e-02,-5.757625993194838543e+01
7.466529639133415164e-02,-5.873232772986799688e+01
7.468192933773454278e-02,-6.351948805645732676e+01
7.469856228413492005e-02,-6.582654446357418010e+01
7.471519523053531120e-02,-6.494878771084630387e+01
7.473182817693570235e-02,-6.558170853868273298e+01
7.474846112333607961e-02,-6.653987322219624900e+01
7.476509406973647076e-02,-6.626029699495670400e+01
7.478172701613686191e-02,-6.591493543333118055e+01
7.479835996253723918e-02,-7.139683731513270004e+01
7.481499290893763032e-02,-6.659500108250912831e+01
7.483162585533800759e-02,-6.366580188422127407e+01
7.484825880173839874e-02,-6.361828876536652189e+01
7.486489174813878988e-02,-6.610700035156081356e+01
7.488152469453916715e-02,-6.452821399423481807e+01
7.489815764093955830e-02,-6.078020740184894066e+01
7.491479058733994945e-02,-6.182901889893920355e+01
7.493142353374032671e-02,-6.999739517963124058e+01
7.494805648014071786e-02,-7.679726275184860640e+01
7.496468942654110901e-02,-7.002824676483315613e+01
7.498132237294148628e-02,-6.396609476982116860e+01
7.499795531934187742e-02,-6.391124766529516421e+01
7.501458826574226857e-02,-6.466365513126396536e+01
7.503122121214264584e-02,-7.170994419218600058e+01
7.504785415854303698e-02,-6.140306362131340023e+01
7.506448710494342813e-02,-6.029444282783149589e+01
7.508112005134380540e-02,-9.054065060121062913e+01
7.509775299774419655e-02,-6.065481408341497627e+01
7.511438594414458769e-02,-6.295639134076174770e+01
7.513101889054496496e-02,-7.391436264566131342e+01
7.514765183694535611e-02,-6.171762171768861549e+01
7.516428478334574725e-02,-5.888346915779129631e+01
7.518091772974612452e-02,-5.927140915553249556e+01
7.519755067614651567e-02,-6.376539323093757616e+01
7.521418362254689294e-02,-6.714286727583481706e+01
7.523081656894728408e-02,-6.204315216007308464e+01
7.524744951534767523e-02,-5.887423354916452922e+01
7.526408246174805250e-02,-5.896778212096195659e+01
7.528071540814844365e-02,-6.208457515214486477e+01
7.529734835454883479e-02,-6.403295515743181454e+01
7.531398130094921206e-02,-5.832933931070704148e+01
7.533061424734960321e-02,-5.806306806212261051e+01
7.534724719374999435e-02,-6.257493705898955483e+01
7.536388014015037162e-02,-6.670031857685208365e+01
7.538051308655076277e-02,-6.486974190538496998e+01
7.539714603295115392e-02,-6.107277523551203302e+01
7.541377897935153118e-02,-6.243223293272110652e+01
7.543041192575192233e-02,-8.124406478110643093e+01
7.544704487215231348e-02,-6.839858083353291818e+01
7.546367781855269075e-02,-6.845135482827190287e+01
7.548031076495308189e-02,-6.985093538058754348e+01
7.549694371135347304e-02,-6.882110846460318498e+01
7.551357665775385031e-02,-6.400284802499021453e+01
7.553020960415424145e-02,-6.224952680324439314e+01
7.554684255055461872e-02,-6.062594025791175056e+01
7.556347549695500987e-02,-6.178231011122835525e+01
7.558010844335540102e-02,-6.637302215032516983e+01
7.559674138975577828e-02,-7.646431874885112734e+01
7.561337433615616943e-02,-7.128003561429524382e+01
7.563000728255656058e-02,-6.777863568505769365e+01
7.564664022895693785e-02,-6.553696763003118519e+01
7.566327317535732899e-02,-6.146514677172646657e+01
7.567990612175772014e-02,-5.837128474159562330e+01
7.569653906815809741e-02,-5.695219882739405648e+01
7.571317201455848855e-02,-5.787108669956534612e+01
7.572980496095887970e-02,-6.181500060417454989e+01
7.574643790735925697e-02,-6.353046905754334261e+01
7.576307085375964812e-02,-6.151938189099818999e+01
7.577970380016003926e-02,-6.432403356590120325e+01
7.579633674656041653e-02,-7.694068233034668935e+01
7.581296969296080768e-02,-7.175950406183338259e+01
7.582960263936119882e-02,-7.080247960528444651e+01
7.584623558576157609e-02,-6.677009589318390681e+01
7.586286853216196724e-02,-6.916721967317640463e+01
7.587950147856235839e-02,-6.624213196107717749e+01
7.589613442496273565e-02,-6.660722384471577584e+01
7.591276737136312680e-02,-7.088399586348660364e+01
7.592940031776350407e-02,-6.735672885052620984e+01
7.594603326416389522e-02,-6.382209814948799931e+01
7.596266621056428636e-02,-6.467274171462659638e+01
7.597929915696466363e-02,-6.478036670378597250e+01
7.599593210336505478e-02,-6.366118024304375922e+01
7.601256504976544592e-02,-6.177755986522883092e+01
7.602919799616582319e-02,-5.989736599005742335e+01
7.604583094256621434e-02,-6.111739801518324100e+01
7.606246388896660549e-02,-6.054345000561898615e+01
7.607909683536698275e-02,-5.707493141800750180e+01
7.609572978176737390e-02,-5.561808271776973811e+01
7.611236272816776505e-02,-5.775727104411495816e+01
7.612899567456814232e-02,-6.085477321341183199e+01
7.614562862096853346e-02,-6.692329400877873979e+01
7.616226156736892461e-02,-6.806695371008784434e+01
7.617889451376930188e-02,-6.203357532076068992e+01
7.619552746016969302e-02,-5.998118572004077009e+01
7.621216040657008417e-02,-5.855365362288011966e+01
7.622879335297046144e-02,-6.065783236638756648e+01
7.624542629937085259e-02,-6.452436400246833159e+01
7.626205924577124373e-02,-5.978842009922190215e+01
7.627869219217162100e-02,-5.946572001953718001e+01
7.629532513857201215e-02,-6.574894181356124534e+01
7.631195808497238942e-02,-8.128466621284020732e+01
7.632859103137278056e-02,-7.092347201503051224e+01
7.634522397777317171e-02,-7.533127234325669974e+01
7.636185692417354898e-02,-6.612981497330423508e+01
7.637848987057394012e-02,-6.706907029447152979e+01
7.639512281697433127e-02,-7.792549641626047219e+01
7.641175576337470854e-02,-7.606293231112347542e+01
7.642838870977509969e-02,-7.345147343806944207e+01
7.644502165617549083e-02,-6.373422826169722555e+01
7.646165460257586810e-02,-6.122584134359662045e+01
7.647828754897625925e-02,-6.131652498480703173e+01
7.649492049537665039e-02,-6.589499787013008358e+01
7.651155344177702766e-02,-6.565602625988786656e+01
7.652818638817741881e-02,-5.743985624375628873e+01
7.654481933457780996e-02,-5.673120568083797366e+01
7.656145228097818722e-02,-6.273942208041508195e+01
7.657808522737857837e-02,-5.947822206171341008e+01
7.659471817377896952e-02,-5.798633568245178083e+01
7.661135112017934679e-02,-6.027208190634853224e+01
7.662798406657973793e-02,-6.165514571190784920e+01
7.664461701298011520e-02,-6.472348164655412006e+01
7.666124995938050635e-02,-6.843040125808410323e+01
7.667788290578089749e-02,-6.841833656747530767e+01
7.669451585218127476e-02,-7.161541579009708869e+01
7.671114879858166591e-02,-7.942840458703638262e+01
7.672778174498205706e-02,-6.561075134071991499e+01
7.674441469138243432e-02,-5.879849239042450648e+01
7.676104763778282547e-02,-5.672537197703061196e+01
7.677768058418321662e-02,-5.936777586582032029e+01
7.679431353058359389e-02,-6.303958185048785623e+01
7.681094647698398503e-02,-7.002453675645878661e+01
7.682757942338437618e-02,-6.422126761511000836e+01
7.684421236978475345e-02,-6.571285072994393772e+01
7.686084531618514459e-02,-6.441757684497198966e+01
7.687747826258553574e-02,-6.138003033139782616e+01
7.689411120898591301e-02,-6.367214836025557645e+01
7.691074415538630416e-02,-6.401911879690574381e+01
7.692737710178669530e-02,-6.459061294190441060e+01
7.694401004818707257e-02,-7.065949509687027330e+01
7.696064299458746372e-02,-6.711772605024138727e+01
7.697727594098785486e-02,-6.310110588045957769e+01
7.699390888738823213e-02,-6.525778984435805796e+01
7.701054183378862328e-02,-6.459066210422577115e+01
7.702717478018900055e-02,-6.273897403752874880e+01
7.704380772658939169e-02,-6.101256364669290377e+01
7.706044067298978284e-02,-5.852854522803482240e+01
7.707707361939016011e-02,-5.829739882768539161e+01
7.709370656579055126e-02,-6.287156697795624183e+01
7.711033951219094240e-02,-7.632060253662318416e+01
7.712697245859131967e-02,-6.828429271348680629e+01
7.714360540499171082e-02,-6.386203615263002575e+01
7.716023835139210196e-02,-6.037635999737900505e+01
7.717687129779247923e-02,-5.888699236841448226e+01
7.719350424419287038e-02,-6.098007131484230570e+01
7.721013719059326152e-02,-6.724926331655298384e+01
7.722677013699363879e-02,-7.871971490728742538e+01
7.724340308339402994e-02,-7.076786577338090467e+01
7.726003602979442109e-02,-7.544202744258464577e+01
7.727666897619479836e-02,-7.887546181614314378e+01
7.729330192259518950e-02,-6.779449916088185546e+01
7.730993486899558065e-02,-6.401766327000746060e+01
7.732656781539595792e-02,-6.332125545849490322e+01
7.734320076179634906e-02,-6.563957695754717747e+01
7.735983370819674021e-02,-7.254994647051333345e+01
7.737646665459711748e-02,-6.341478009993092968e+01
7.739309960099750862e-02,-6.127339530749235763e+01
7.740973254739788589e-02,-6.291677592041875755e+01
7.742636549379827704e-02,-7.874184320605726839e+01
7.744299844019866819e-02,-6.773676605444688903e+01
7.745963138659904546e-02,-6.494955588553702341e+01
7.747626433299943660e-02,-6.584052202910127960e+01
7.749289727939982775e-02,-6.653490332500319937e+01
7.750953022580020502e-02,-7.616282776319860659e+01
7.752616317220059616e-02,-6.058085524304996738e+01
7.754279611860098731e-02,-5.887231199592758202e+01
7.755942906500136458e-02,-6.069027239257317774e+01
7.757606201140175572e-02,-6.454026044136841733e+01
7.759269495780214687e-02,-6.999691268192428595e+01
7.760932790420252414e-02,-8.697488842827777944e+01
7.762596085060291529e-02,-5.938060286970643631e+01
7.764259379700330643e-02,-5.512258425120228367e+01
7.765922674340368370e-02,-5.608166373783095082e+01
7.767585968980407485e-02,-6.050471086412238719e+01
7.769249263620446599e-02,-6.642547369794611711e+01
7.770912558260484326e-02,-6.563708292624680496e+01
7.772575852900523441e-02,-6.653720915086236687e+01
7.774239147540561168e-02,-6.623099969224062988e+01
7.775902442180600282e-02,-6.334421225224354401e+01
7.777565736820639397e-02,-5.920608193891980164e+01
7.779229031460677124e-02,-5.556996312508821489e+01
7.780892326100716239e-02,-5.759161597662404120e+01
7.782555620740755353e-02,-6.214352211539561210e+01
7.784218915380793080e-02,-6.643123100680875837e+01
7.785882210020832195e-02,-6.889447738440938451e+01
7.787545504660871309e-02,-6.641539017121755251e+01
7.789208799300909036e-02,-5.792553822045601208e+01
7.790872093940948151e-02,-5.711815603315582734e+01
7.792535388580987266e-02,-6.156817294001913865e+01
7.794198683221024992e-02,-6.215777568567716571e+01
7.795861977861064107e-02,-6.221345180614540737e+01
7.797525272501103222e-02,-6.892066876719424329e+01
7.799188567141140949e-02,-7.086973684636535609e+01
7.800851861781180063e-02,-7.000898520422991567e+01
7.802515156421219178e-02,-6.617124509343096861e+01
7.804178451061256905e-02,-7.354419409827868037e+01
7.805841745701296019e-02,-7.039296446575008304e+01
7.807505040341335134e-02,-6.794451339643485710e+01
7.809168334981372861e-02,-6.715155552740179701e+01
7.810831629621411976e-02,-6.236083405493734233e+01
7.812494924261449702e-02,-6.790308213663071513e+01
7.814158218901488817e-02,-6.428487111331129711e+01
7.815821513541527932e-02,-5.722518023574144763e+01
7.817484808181565659e-02,-5.702875024876953347e+01
7.819148102821604773e-02,-6.024683362492407213e+01
7.820811397461643888e-02,-6.232293886428550422e+01
7.822474692101681615e-02,-6.087997205108428034e+01
7.824137986741720729e-02,-6.313070508123100666e+01
7.825801281381759844e-02,-6.423849402215515170e+01
7.827464576021797571e-02,-6.036371919973148437e+01
7.829127870661836686e-02,-6.007260478382458757e+01
7.830791165301875800e-02,-6.283195802756243609e+01
7.832454459941913527e-02,-6.449636290305265618e+01
7.834117754581952642e-02,-6.725784638146245697e+01
7.835781049221991756e-02,-7.693209078629647024e+01
7.837444343862029483e-02,-7.350611700634831891e+01
7.839107638502068598e-02,-7.051185552535693546e+01
7.840770933142107713e-02,-6.880167648609325681e+01
7.842434227782145439e-02,-6.191425751070560324e+01
7.844097522422184554e-02,-6.194155592196815974e+01
7.845760817062223669e-02,-6.180786229223777184e+01
7.847424111702261396e-02,-6.095034693764223732e+01
7.849087406342300510e-02,-6.045792667255170016e+01
7.850750700982338237e-02,-7.011122557672240418e+01
7.852413995622377352e-02,-6.617956263277140749e+01
7.854077290262416466e-02,-6.234727338231800786e+01
7.855740584902454193e-02,-6.417833879412167164e+01
7.857403879542493308e-02,-6.741115293918171858e+01
7.859067174182532423e-02,-6.028076183916713404e+01
7.860730468822570149e-02,-5.836058135027169413e+01
7.862393763462609264e-02,-6.346727307769526050e+01
7.864057058102648379e-02,-7.385232607012189021e+01
7.865720352742686106e-02,-6.503115926074748643e+01
7.867383647382725220e-02,-7.061934397855067402e+01
7.869046942022764335e-02,-6.896181698482064348e+01
7.870710236662802062e-02,-6.170888314094994342e+01
7.872373531302841176e-02,-5.782858470716055876e+01
7.874036825942880291e-02,-5.928848663408998476e+01
7.875700120582918018e-02,-6.126333221246980543e+01
7.877363415222957133e-02,-5.760200418408635414e+01
7.879026709862996247e-02,-5.567276404045580307e+01
7.880690004503033974e-02,-5.826372007774662620e+01
7.882353299143073089e-02,-6.375579073229545912e+01
7.884016593783112203e-02,-6.760285845315240749e+01
7.885679888423149930e-02,-6.135247665320055432e+01
7.887343183063189045e-02,-5.882686544319473398e+01
7.889006477703226772e-02,-6.384662648107355665e+01
7.890669772343265886e-02,-7.423915172390134387e+01
7.892333066983305001e-02,-6.548870145702903756e+01
7.893996361623342728e-02,-5.697223980760020368e+01
7.895659656263381843e-02,-5.459173667902224025e+01
7.897322950903420957e-02,-5.763412901417335377e+01
7.898986245543458684e-02,-6.903780452956213765e+01
7.900649540183497799e-02,-7.186915641068169691e+01
7.902312834823536913e-02,-6.528101411129544829e+01
7.903976129463574640e-02,-6.357211866924308907e+01
7.905639424103613755e-02,-6.876553989911749909e+01
7.907302718743652870e-02,-6.941999052663771863e+01
7.908966013383690596e-02,-7.070947490358443588e+01
7.910629308023729711e-02,-6.574700821426307584e+01
7.912292602663768826e-02,-5.897480912527011299e+01
7.913955897303806553e-02,-5.690622645253294820e+01
7.915619191943845667e-02,-5.949056465294930973e+01
7.917282486583884782e-02,-6.349669531372175157e+01
7.918945781223922509e-02,-6.680436251931143943e+01
7.920609075863961623e-02,-6.444307815124996353e+01
7.922272370503999350e-02,-6.057619504035672264e+01
7.923935665144038465e-02,-6.299182509471634006e+01
7.925598959784077580e-02,-6.596948958061381063e+01
7.927262254424115306e-02,-6.609534076768547095e+01
7.928925549064154421e-02,-6.170221770535880523e+01
7.930588843704193536e-02,-5.994207018500708273e+01
7.932252138344231263e-02,-6.430480511401869137e+01
7.933915432984270377e-02,-7.250198550846268120e+01
7.935578727624309492e-02,-6.540361398540001403e+01
7.937242022264347219e-02,-6.611993961444152035e+01
7.938905316904386333e-02,-7.040233959257862750e+01
7.940568611544425448e-02,-6.236244827597506202e+01
7.942231906184463175e-02,-5.794925306305962920e+01
7.943895200824502290e-02,-5.799463411598306095e+01
7.945558495464541404e-02,-6.232432136798912836e+01
7.947221790104579131e-02,-6.996717663862065706e+01
7.948885084744618246e-02,-7.024295038534225455e+01
7.950548379384657360e-02,-6.633425509342056614e+01
7.952211674024695087e-02,-6.416342402854502325e+01
7.953874968664734202e-02,-6.570317900245002818e+01
7.955538263304773317e-02,-6.604697628295384959e+01
7.957201557944811043e-02,-6.458088784622945866e+01
7.958864852584850158e-02,-6.094351555841370072e+01
7.960528147224887885e-02,-5.945822462819671017e+01
7.962191441864927000e-02,-6.363206798517282436e+01
7.963854736504966114e-02,-6.704145174834154375e+01
7.965518031145003841e-02,-5.895937648092158412e+01
7.967181325785042956e-02,-5.790523617689986224e+01
7.968844620425082070e-02,-6.244576184609761782e+01
7.970507915065119797e-02,-7.657485434261717216e+01
7.972171209705158912e-02,-6.602520001926609439e+01
7.973834504345198027e-02,-6.403837970447381167e+01
7.975497798985235753e-02,-6.001612026791799792e+01
7.977161093625274868e-02,-5.809714158630274738e+01
7.978824388265313983e-02,-5.837918399852525653e+01
7.980487682905351710e-02,-6.009225363461249003e+01
7.982150977545390824e-02,-6.227804595751358363e+01
7.983814272185429939e-02,-6.462849121885798809e+01
7.985477566825467666e-02,-6.349106728861993787e+01
7.987140861465506780e-02,-6.069594794070560084e+01
7.988804156105545895e-02,-6.020271171321586223e+01
7.990467450745583622e-02,-6.011495005792141200e+01
7.992130745385622737e-02,-5.914141733725798389e+01
7.993794040025661851e-02,-5.778989318932757868e+01
7.995457334665699578e-02,-5.799732671219874192e+01
7.997120629305738693e-02,-6.104410408351481010e+01
7.998783923945776420e-02,-6.195128248731929688e+01
8.000447218585815534e-02,-6.104633779469592980e+01
8.002110513225854649e-02,-6.190864186474975384e+01
8.003773807865892376e-02,-6.332114091152868696e+01
8.005437102505931490e-02,-6.153967976889951075e+01
8.007100397145970605e-02,-6.127655993293230807e+01
8.008763691786008332e-02,-6.395563377714839959e+01
8.010426986426047447e-02,-6.078416271023790074e+01
8.012090281066086561e-02,-6.192742203349644114e+01
8.013753575706124288e-02,-6.461112486026259205e+01
8.015416870346163403e-02,-6.285540086826831185e+01
8.017080164986202517e-02,-6.043402144035227508e+01
8.018743459626240244e-02,-5.931280509789008448e+01
8.020406754266279359e-02,-5.812604668235390903e+01
8.022070048906318473e-02,-5.824538249098155518e+01
8.023733343546356200e-02,-5.923180789391098244e+01
8.025396638186395315e-02,-6.383007948711370005e+01
8.027059932826434430e-02,-6.821161715988232288e+01
8.028723227466472157e-02,-6.443006852998129830e+01
8.030386522106511271e-02,-6.862125265094626059e+01
8.032049816746548998e-02,-7.536042763915999387e+01
8.033713111386588113e-02,-6.287628462169160315e+01
8.035376406026627227e-02,-6.048062648032718869e+01
8.037039700666664954e-02,-6.215640498347064380e+01
8.038702995306704069e-02,-7.865531772730793136e+01
8.040366289946743183e-02,-6.500011673534822876e+01
8.042029584586780910e-02,-6.214169784138989883e+01
8.043692879226820025e-02,-6.104498031829335503e+01
8.045356173866859140e-02,-5.905245074093236468e+01
8.047019468506896867e-02,-5.890135005580801675e+01
8.048682763146935981e-02,-5.918019328330999684e+01
8.050346057786975096e-02,-6.060781881398199289e+01
8.052009352427012823e-02,-6.279349855537063974e+01
8.053672647067051937e-02,-5.974518283881403136e+01
8.055335941707091052e-02,-5.871515061742363883e+01
8.056999236347128779e-02,-6.244874152198150341e+01
8.058662530987167893e-02,-5.936953577437657259e+01
8.060325825627207008e-02,-6.005801850118491103e+01
8.061989120267244735e-02,-6.344469985758023967e+01
8.063652414907283850e-02,-6.034886031477937962e+01
8.065315709547322964e-02,-6.215329763116032069e+01
8.066979004187360691e-02,-6.436992684892091177e+01
8.068642298827399806e-02,-6.391509015995778498e+01
8.070305593467437533e-02,-6.842607621460943790e+01
8.071968888107476647e-02,-6.179784158663278504e+01
8.073632182747515762e-02,-6.398873144147643899e+01
8.075295477387553489e-02,-9.052162409969410817e+01
8.076958772027592603e-02,-7.314247182027563099e+01
8.078622066667631718e-02,-7.144050411839661763e+01
8.080285361307669445e-02,-6.980673373966840245e+01
8.081948655947708560e-02,-6.321852925512934007e+01
8.083611950587747674e-02,-5.864713940086179633e+01
8.085275245227785401e-02,-5.937597420941742143e+01
8.086938539867824516e-02,-6.535886604916225906e+01
8.088601834507863630e-02,-6.302394175997604719e+01
8.090265129147901357e-02,-5.964439343680167838e+01
8.091928423787940472e-02,-6.194542605951009762e+01
8.093591718427979587e-02,-6.556711796547547522e+01
8.095255013068017313e-02,-6.865478474453331614e+01
8.096918307708056428e-02,-6.934968793697960621e+01
8.098581602348095543e-02,-6.291756919216044963e+01
8.100244896988133270e-02,-6.555649320456456053e+01
8.101908191628172384e-02,-7.136740494611896679e+01
8.103571486268211499e-02,-6.274183647213930470e+01
8.105234780908249226e-02,-5.825809005767520432e+01
8.106898075548288340e-02,-5.973349832823375039e+01
8.108561370188326067e-02,-6.372970528497472742e+01
8.110224664828365182e-02,-6.502110925161724708e+01
8.111887959468404297e-02,-6.510228078303128996e+01
8.113551254108442023e-02,-6.501230347329864401e+01
8.115214548748481138e-02,-7.248185530372595053e+01
8.116877843388520253e-02,-6.586322779940519467e+01
8.118541138028557980e-02,-5.989092984174241252e+01
8.120204432668597094e-02,-5.765002714522207583e+01
8.121867727308636209e-02,-5.967787581805404784e+01
8.123531021948673936e-02,-7.393737948184983111e+01
8.125194316588713050e-02,-5.899415564676618828e+01
8.126857611228752165e-02,-5.723016751625684861e+01
8.128520905868789892e-02,-7.434946987271321461e+01
8.130184200508829007e-02,-5.914344830329261526e+01
8.131847495148868121e-02,-5.862563026162256818e+01
8.133510789788905848e-02,-6.219768817744803613e+01
8.135174084428944963e-02,-6.189851326027883260e+01
8.136837379068984077e-02,-6.278184845275366399e+01
8.138500673709021804e-02,-6.181451011071896318e+01
8.140163968349060919e-02,-5.875958506008799276e+01
8.141827262989098646e-02,-5.811901098752127837e+01
8.143490557629137760e-02,-6.008351477626507631e+01
8.145153852269176875e-02,-6.277535911611057173e+01
8.146817146909214602e-02,-6.721754218946165338e+01
8.148480441549253717e-02,-6.545858379339722433e+01
8.150143736189292831e-02,-6.098467151943342657e+01
8.151807030829330558e-02,-6.145476655868038307e+01
8.153470325469369673e-02,-6.421070933316354967e+01
8.155133620109408787e-02,-6.267917627722914631e+01
8.156796914749446514e-02,-6.991487303603400960e+01
8.158460209389485629e-02,-6.766762425791179680e+01
8.160123504029524744e-02,-6.474946172130019306e+01
8.161786798669562470e-02,-6.800237764282117325e+01
8.163450093309601585e-02,-6.552290617283213692e+01
8.165113387949640700e-02,-6.369699182315071084e+01
8.166776682589678427e-02,-6.465512901125852352e+01
8.168439977229717541e-02,-7.225821237963826604e+01
8.170103271869756656e-02,-8.498507150564310564e+01
8.171766566509794383e-02,-6.437186767740487880e+01
8.173429861149833497e-02,-5.654839601659760717e+01
8.175093155789872612e-02,-5.488796691586833987e+01
8.176756450429910339e-02,-5.761985628492176659e+01
8.178419745069949454e-02,-6.567424739872602402e+01
8.180083039709987180e-02,-7.717026665428195997e+01
8.181746334350026295e-02,-6.824864128863318058e+01
8.183409628990065410e-02,-6.450912096137639651e+01
8.185072923630103137e-02,-6.868387947297382823e+01
8.186736218270142251e-02,-7.519750392944089867e+01
8.188399512910181366e-02,-7.177408442975574587e+01
8.190062807550219093e-02,-7.425677118449357295e+01
8.191726102190258207e-02,-7.825358802444596051e+01
8.193389396830297322e-02,-6.809813942595721414e+01
8.195052691470335049e-02,-6.333139431160095256e+01
8.196715986110374164e-02,-6.147721225589415184e+01
8.198379280750413278e-02,-6.111775829725188913e+01
8.200042575390451005e-02,-6.406624100330553517e+01
8.201705870030490120e-02,-7.796778564337753892e+01
8.203369164670529234e-02,-6.877607720719713313e+01
8.205032459310566961e-02,-6.485676699138375056e+01
8.206695753950606076e-02,-6.465243419851206852e+01
8.208359048590645191e-02,-7.114629482985745312e+01
8.210022343230682917e-02,-7.746403411082650337e+01
8.211685637870722032e-02,-7.258250687107502586e+01
8.213348932510761147e-02,-6.882019943775152626e+01
8.215012227150798874e-02,-6.622778968746834494e+01
8.216675521790837988e-02,-6.238912841513246121e+01
8.218338816430875715e-02,-6.206859921250004675e+01
8.220002111070914830e-02,-6.584648722607549587e+01
8.221665405710953944e-02,-6.479716474405168469e+01
8.223328700350991671e-02,-6.329372235782270195e+01
8.224991994991030786e-02,-6.027733590100371686e+01
8.226655289631069901e-02,-5.577562755272529671e+01
8.228318584271107627e-02,-5.715729764662725643e+01
8.229981878911146742e-02,-7.215641630739689560e+01
8.231645173551185857e-02,-6.121378400472928405e+01
8.233308468191223584e-02,-5.917813378882127040e+01
8.234971762831262698e-02,-6.499172816064411506e+01
8.236635057471301813e-02,-9.685788557356238471e+01
8.238298352111339540e-02,-7.707979489829638453e+01
8.239961646751378654e-02,-6.635572483301289992e+01
8.241624941391417769e-02,-6.685916970821126881e+01
8.243288236031455496e-02,-6.701727804486451134e+01
8.244951530671494611e-02,-6.721584320364780751e+01
8.246614825311533725e-02,-7.494888741341057425e+01
8.248278119951571452e-02,-7.332427818478581116e+01
8.249941414591610567e-02,-7.321436370376376601e+01
8.251604709231649681e-02,-7.135523558395595956e+01
8.253268003871687408e-02,-6.948062809722557631e+01
8.254931298511726523e-02,-6.920223335754974414e+01
8.256594593151764250e-02,-6.922219289083115257e+01
8.258257887791803364e-02,-7.414515514113739414e+01
8.259921182431842479e-02,-7.053322828373052289e+01
8.261584477071880206e-02,-6.266627718711082196e+01
8.263247771711919321e-02,-5.855229344371351630e+01
8.264911066351958435e-02,-5.799377133844484433e+01
8.266574360991996162e-02,-5.445274608342445077e+01
8.268237655632035277e-02,-5.126424591367803885e+01
8.269900950272074391e-02,-5.227325402147712907e+01
8.271564244912112118e-02,-5.855149461323829740e+01
8.273227539552151233e-02,-7.141525255679000850e+01
8.274890834192190348e-02,-7.583271384424527639e+01
8.276554128832228074e-02,-6.633760511708803165e+01
8.278217423472267189e-02,-6.225705591969949637e+01
8.279880718112306304e-02,-6.206465125557986084e+01
8.281544012752344031e-02,-6.464494611279326364e+01
8.283207307392383145e-02,-7.385927076362006005e+01
8.284870602032422260e-02,-6.879206654218045003e+01
8.286533896672459987e-02,-6.571180479392216967e+01
8.288197191312499101e-02,-6.040102577324847744e+01
8.289860485952536828e-02,-6.113247286692595139e+01
8.291523780592575943e-02,-6.471353042193942429e+01
8.293187075232615058e-02,-6.776489590863613444e+01
8.294850369872652784e-02,-6.477228796020945367e+01
8.296513664512691899e-02,-6.616409603938296868e+01
8.298176959152731014e-02,-7.059191841972180725e+01
8.299840253792768741e-02,-6.461031791862401974e+01
8.301503548432807855e-02,-6.295234089732609561e+01
8.303166843072846970e-02,-6.298146856223341672e+01
8.304830137712884697e-02,-6.190504661539186060e+01
8.306493432352923811e-02,-6.127768218019931368e+01
8.308156726992962926e-02,-6.489131498879429216e+01
8.309820021633000653e-02,-6.714232674369887377e+01
8.311483316273039768e-02,-6.749693905383368531e+01
8.313146610913078882e-02,-6.414571710945472205e+01
8.314809905553116609e-02,-6.199223799132526835e+01
8.316473200193155724e-02,-6.157051823960963333e+01
8.318136494833194838e-02,-6.524963674170298589e+01
8.319799789473232565e-02,-6.751439369285824910e+01
8.321463084113271680e-02,-6.301951058831253505e+01
8.323126378753310795e-02,-6.330942575322565347e+01
8.324789673393348521e-02,-6.607388313896258580e+01
8.326452968033387636e-02,-7.054457960233685299e+01
8.328116262673425363e-02,-7.141506326358538104e+01
8.329779557313464478e-02,-7.300933812620549190e+01
8.331442851953503592e-02,-7.459473713363419733e+01
8.333106146593541319e-02,-6.585995617479380826e+01
8.334769441233580434e-02,-5.661250531297761768e+01
8.336432735873619548e-02,-5.471747322073696296e+01
8.338096030513657275e-02,-5.683236354908035537e+01
8.339759325153696390e-02,-5.983104468498545003e+01
8.341422619793735505e-02,-6.134501845420069088e+01
8.343085914433773231e-02,-6.219595530337170430e+01
8.344749209073812346e-02,-6.183109883906964654e+01
8.346412503713851461e-02,-6.405376911557164021e+01
8.348075798353889188e-02,-6.460879571701183011e+01
8.349739092993928302e-02,-6.097949217897944152e+01
8.351402387633967417e-02,-6.434880630855199968e+01
8.353065682274005144e-02,-7.219953665212707961e+01
8.354728976914044258e-02,-6.154030819460175650e+01
8.356392271554083373e-02,-6.124623537546924013e+01
8.358055566194121100e-02,-6.376402464599125608e+01
8.359718860834160215e-02,-7.332252194951300339e+01
8.361382155474199329e-02,-7.022525745806780151e+01
8.363045450114237056e-02,-6.245027585966454353e+01
8.364708744754276171e-02,-5.821400362881374235e+01
8.366372039394313898e-02,-5.808360387162782956e+01
8.368035334034353012e-02,-6.615442566548659897e+01
8.369698628674392127e-02,-6.174343781736062198e+01
8.371361923314429854e-02,-6.014688189640543214e+01
8.373025217954468968e-02,-6.609519856029641005e+01
8.374688512594508083e-02,-7.154541453195609790e+01
8.376351807234545810e-02,-6.608517821966688643e+01
8.378015101874584925e-02,-6.531734049417858046e+01
8.379678396514624039e-02,-6.948807287510247477e+01
8.381341691154661766e-02,-6.631849682810585023e+01
8.383004985794700881e-02,-6.305588369446973473e+01
8.384668280434739995e-02,-5.934500136497062783e+01
8.386331575074777722e-02,-5.890851290134722262e+01
8.387994869714816837e-02,-5.984325862354927494e+01
8.389658164354855951e-02,-6.220206539260772871e+01
8.391321458994893678e-02,-6.690539792053368728e+01
8.392984753634932793e-02,-6.707252022830218152e+01
8.394648048274971908e-02,-6.631643501104528582e+01
8.396311342915009635e-02,-6.672237786006165550e+01
8.397974637555048749e-02,-7.523539179419852019e+01
8.399637932195086476e-02,-7.086520306375761891e+01
8.401301226835125591e-02,-6.608056217875487448e+01
8.402964521475164705e-02,-6.613720736791374577e+01
8.404627816115202432e-02,-6.246147247946079517e+01
8.406291110755241547e-02,-5.919496793559707726e+01
8.407954405395280661e-02,-6.065839623430764505e+01
8.409617700035318388e-02,-6.454828782527330588e+01
8.411280994675357503e-02,-6.879927765156587327e+01
8.412944289315396618e-02,-7.079908565409616017e+01
8.414607583955434345e-02,-6.798494717355757189e+01
8.416270878595473459e-02,-6.216553152053588605e+01
8.417934173235512574e-02,-5.936003665857060696e+01
8.419597467875550301e-02,-6.349008038451083280e+01
8.421260762515589415e-02,-6.425919611582101254e+01
8.422924057155628530e-02,-6.016466240620776773e+01
8.424587351795666257e-02,-6.283246751225523496e+01
8.426250646435705371e-02,-6.851462649537336347e+01
8.427913941075744486e-02,-7.296019056763006461e+01
8.429577235715782213e-02,-7.428031853287490094e+01
8.431240530355821328e-02,-6.376073708696351616e+01
8.432903824995860442e-02,-6.120639249453917330e+01
8.434567119635898169e-02,-6.530146886564016029e+01
8.436230414275937284e-02,-6.141558603162198438e+01
8.437893708915975011e-02,-5.555944562478994442e+01
8.439557003556014125e-02,-5.363790939731707397e+01
8.441220298196053240e-02,-5.467487534474745559e+01
8.442883592836090967e-02,-5.655712667134073968e+01
8.444546887476130081e-02,-5.747853910698594859e+01
8.446210182116169196e-02,-5.797741100925020419e+01
8.447873476756206923e-02,-5.771360131553726802e+01
8.449536771396246038e-02,-5.908233012698696029e+01
8.451200066036285152e-02,-6.068358962225239850e+01
8.452863360676322879e-02,-6.035426888717929472e+01
8.454526655316361994e-02,-6.043117383879856419e+01
8.456189949956401108e-02,-6.471485590015441858e+01
8.457853244596438835e-02,-7.692364217409762261e+01
8.459516539236477950e-02,-6.888025917638157125e+01
8.461179833876517065e-02,-6.677157349786951102e+01
8.462843128516554791e-02,-6.679662588221899000e+01
8.464506423156593906e-02,-6.985215026702265106e+01
8.466169717796633021e-02,-6.504656068368203137e+01
8.467833012436670748e-02,-6.240318595280439240e+01
8.469496307076709862e-02,-5.985265697674772412e+01
8.471159601716748977e-02,-6.050520813159532452e+01
8.472822896356786704e-02,-6.391992535118048835e+01
8.474486190996825818e-02,-6.631702402473054292e+01
8.476149485636863545e-02,-6.577352816695864135e+01
8.477812780276902660e-02,-6.315029165890597085e+01
8.479476074916941775e-02,-6.708445512007466505e+01
8.481139369556979501e-02,-8.989794692459689429e+01
8.482802664197018616e-02,-7.252180324338422679e+01
8.484465958837057731e-02,-6.261320858350175911e+01
8.486129253477095458e-02,-5.999662642951514613e+01
8.487792548117134572e-02,-5.998453707523434275e+01
8.489455842757173687e-02,-6.164325707686306544e+01
8.491119137397211414e-02,-6.539304771352361456e+01
8.492782432037250528e-02,-6.708998623661427985e+01
8.494445726677289643e-02,-6.741368392552602984e+01
8.496109021317327370e-02,-6.982381393117782409e+01
8.497772315957366485e-02,-6.427924179172632080e+01
8.499435610597405599e-02,-6.176915580474414469e+01
8.501098905237443326e-02,-6.409679172433769168e+01
8.502762199877482441e-02,-6.252091451988698623e+01
8.504425494517521555e-02,-6.091444800601944820e+01
8.506088789157559282e-02,-6.466869693566891897e+01
8.507752083797598397e-02,-7.423690702316557122e+01
8.509415378437636124e-02,-6.139969176835905529e+01
8.511078673077675238e-02,-6.096680471847527372e+01
8.512741967717714353e-02,-6.113943114698466275e+01
8.514405262357752080e-02,-6.100330389221074512e+01
8.516068556997791195e-02,-6.390918650609565077e+01
8.517731851637830309e-02,-7.323941692397508518e+01
8.519395146277868036e-02,-6.168695755216327115e+01
8.521058440917907151e-02,-5.834423238348883700e+01
8.522721735557946265e-02,-5.994944672771168115e+01
8.524385030197983992e-02,-6.004314046229665536e+01
8.526048324838023107e-02,-6.249517196479450831e+01
8.527711619478062222e-02,-6.838209713096071596e+01
8.529374914118099948e-02,-6.748400570985434399e+01
8.531038208758139063e-02,-6.533311760202012408e+01
8.532701503398178178e-02,-6.007868901160279052e+01
8.534364798038215905e-02,-5.817103213826204922e+01
8.536028092678255019e-02,-6.098254034903632714e+01
8.537691387318294134e-02,-6.757525014224215454e+01
8.539354681958331861e-02,-6.683502833066518178e+01
8.541017976598370975e-02,-5.971251326385684877e+01
8.542681271238410090e-02,-5.984640720682648407e+01
8.544344565878447817e-02,-6.587565042387137737e+01
8.546007860518486932e-02,-7.121048247796336739e+01
8.547671155158524658e-02,-6.094156561843394826e+01
8.549334449798563773e-02,-5.904974272749768716e+01
8.550997744438602888e-02,-6.189502134562040681e+01
8.552661039078640615e-02,-6.563420095697891554e+01
8.554324333718679729e-02,-6.397272944042018139e+01
8.555987628358718844e-02,-7.243121149755650379e+01
8.557650922998756571e-02,-6.352140341773183252e+01
8.559314217638795685e-02,-5.868994212444496839e+01
8.560977512278834800e-02,-5.947945862084441160e+01
8.562640806918872527e-02,-6.101837145584845956e+01
8.564304101558911642e-02,-6.061469124258117347e+01
8.565967396198950756e-02,-5.868411076542795257e+01
8.567630690838988483e-02,-5.728666193249532057e+01
8.569293985479027598e-02,-5.651219179046699281e+01
8.570957280119066712e-02,-5.673829405080765298e+01
8.572620574759104439e-02,-5.943962352827254847e+01
8.574283869399143554e-02,-6.070950814875428136e+01
8.575947164039182669e-02,-6.258792984139203952e+01
8.577610458679220395e-02,-6.186858048417778377e+01
8.579273753319259510e-02,-6.700352605639413639e+01
8.580937047959298625e-02,-7.007502574355409308e+01
8.582600342599336352e-02,-6.524126899194529017e+01
8.584263637239375466e-02,-6.537328575174775835e+01
8.585926931879413193e-02,-5.941837622503590666e+01
8.587590226519452308e-02,-5.792724441623331444e+01
8.589253521159491422e-02,-5.921220043416421674e+01
8.590916815799529149e-02,-6.182378691603673815e+01
8.592580110439568264e-02,-6.813169977182207049e+01
8.594243405079607379e-02,-7.678408364206744352e+01
8.595906699719645105e-02,-7.152102186175147835e+01
8.597569994359684220e-02,-8.542475027101423279e+01
8.599233288999723335e-02,-7.777257954265785145e+01
8.600896583639761062e-02,-7.473558364872856430e+01
8.602559878279800176e-02,-7.142488620520872189e+01
8.604223172919839291e-02,-7.960757353667348468e+01
8.605886467559877018e-02,-7.245376167784154120e+01
8.607549762199916132e-02,-6.789929689558744030e+01
8.609213056839955247e-02,-6.734720810738112107e+01
8.610876351479992974e-02,-7.080793942786783646e+01
8.612539646120032089e-02,-7.293047821445912859e+01
8.614202940760071203e-02,-6.486313783927579379e+01
8.615866235400108930e-02,-6.331832279482287618e+01
8.617529530040148045e-02,-6.245302723400500611e+01
8.619192824680187159e-02,-6.410517511704541960e+01
8.620856119320224886e-02,-6.462117975335866049e+01
8.622519413960264001e-02,-6.082370706875344979e+01
8.624182708600301728e-02,-6.056640212746770402e+01
8.625846003240340842e-02,-6.191520585956808986e+01
8.627509297880379957e-02,-5.890900918805775888e+01
8.629172592520417684e-02,-5.698928094778277398e+01
8.630835887160456799e-02,-5.596252908709740126e+01
8.632499181800495913e-02,-5.733022530657183324e+01
8.634162476440533640e-02,-6.102877294050494328e+01
8.635825771080572755e-02,-6.417647386652633656e+01
8.637489065720611869e-02,-6.475949872977109578e+01
8.639152360360649596e-02,-6.457114067279989911e+01
8.640815655000688711e-02,-6.391885043818280110e+01
8.642478949640727826e-02,-6.483157703733887445e+01
8.644142244280765552e-02,-7.659569892652538670e+01
8.645805538920804667e-02,-6.633497671761818992e+01
8.647468833560843782e-02,-6.358945123917744979e+01
8.649132128200881509e-02,-6.840040432252999381e+01
8.650795422840920623e-02,-7.559372517507807743e+01
8.652458717480959738e-02,-6.936195519893993833e+01
8.654122012120997465e-02,-6.203294766979011854e+01
8.655785306761036579e-02,-5.927927160772995308e+01
8.657448601401074306e-02,-6.299749909330081721e+01
8.659111896041113421e-02,-7.294963363753524277e+01
8.660775190681152536e-02,-7.319554148800681048e+01
8.662438485321190262e-02,-6.484904497709139548e+01
8.664101779961229377e-02,-6.084578882888608575e+01
8.665765074601268492e-02,-6.085635488134796844e+01
8.667428369241306219e-02,-6.505711988296201298e+01
8.669091663881345333e-02,-7.043353139795799223e+01
8.670754958521384448e-02,-6.405196284826466524e+01
8.672418253161422175e-02,-6.275823951705589110e+01
8.674081547801461289e-02,-6.360522142837385218e+01
8.675744842441500404e-02,-6.528373238123550948e+01
8.677408137081538131e-02,-7.231068522665509590e+01
8.679071431721577246e-02,-7.430978651712449334e+01
8.680734726361616360e-02,-7.188717727432451454e+01
8.682398021001654087e-02,-6.901374717879497211e+01
8.684061315641693202e-02,-6.408195586366359464e+01
8.685724610281732316e-02,-6.955444130127675351e+01
8.687387904921770043e-02,-7.108698809904571192e+01
8.689051199561809158e-02,-7.238534590393869905e+01
8.690714494201848273e-02,-7.300509207238997078e+01
8.692377788841885999e-02,-7.528475049699177646e+01
8.694041083481925114e-02,-6.836423658832347883e+01
8.695704378121962841e-02,-6.106980387689502976e+01
8.697367672762001956e-02,-5.967261661586388755e+01
8.699030967402041070e-02,-6.065247304346073065e+01
8.700694262042078797e-02,-6.172321247720886106e+01
8.702357556682117912e-02,-6.368874512181713499e+01
8.704020851322157026e-02,-7.178032258701189505e+01
8.705684145962194753e-02,-6.236547792994319650e+01
8.707347440602233868e-02,-5.704126142496257046e+01
8.709010735242272983e-02,-5.630350592601602955e+01
8.710674029882310709e-02,-5.806488871233871407e+01
8.712337324522349824e-02,-6.085077813157369064e+01
8.714000619162388939e-02,-6.481544832015936208e+01
8.715663913802426666e-02,-6.988272658267207760e+01
8.717327208442465780e-02,-7.244536590204829452e+01
8.718990503082504895e-02,-6.904596534462217505e+01
8.720653797722542622e-02,-6.514640773361549009e+01
8.722317092362581736e-02,-6.241243802315381828e+01
8.723980387002620851e-02,-6.155983426996898800e+01
8.725643681642658578e-02,-6.079014352966684953e+01
8.727306976282697693e-02,-5.829559499236091114e+01
8.728970270922736807e-02,-5.763945223212419933e+01
8.730633565562774534e-02,-5.959536793649859732e+01
8.732296860202813649e-02,-6.171224936865368704e+01
8.733960154842851376e-02,-5.967819446311128928e+01
8.735623449482890490e-02,-5.745940900902878923e+01
8.737286744122929605e-02,-5.611435271035269778e+01
8.738950038762967332e-02,-5.564877024710403930e+01
8.740613333403006446e-02,-5.910194181763939980e+01
8.742276628043045561e-02,-6.466145945818161067e+01
8.743939922683083288e-02,-7.455646674189966916e+01
8.745603217323122403e-02,-6.382749425592688652e+01
8.747266511963161517e-02,-6.472528250842104569e+01
8.748929806603199244e-02,-6.785743949482971971e+01
8.750593101243238359e-02,-6.258589709719045402e+01
8.752256395883277473e-02,-6.587488620108982218e+01
8.753919690523315200e-02,-6.757649236915784741e+01
8.755582985163354315e-02,-6.155219183445929332e+01
8.757246279803393429e-02,-6.669070081635113922e+01
8.758909574443431156e-02,-6.377283564976127650e+01
8.760572869083470271e-02,-6.223260033510847222e+01
8.762236163723509386e-02,-6.397669702317398333e+01
8.763899458363547113e-02,-6.814487805762226458e+01
8.765562753003586227e-02,-6.572185706796122417e+01
8.767226047643623954e-02,-5.868105908144133309e+01
8.768889342283663069e-02,-5.754969713126229891e+01
8.770552636923702183e-02,-6.147095453069496784e+01
8.772215931563739910e-02,-6.623270146629339195e+01
8.773879226203779025e-02,-6.281382579572743907e+01
8.775542520843818139e-02,-6.773272424279859649e+01
8.777205815483855866e-02,-7.065326125690847903e+01
8.778869110123894981e-02,-6.511494538763584217e+01
8.780532404763934096e-02,-6.302597839358092813e+01
8.782195699403971823e-02,-6.179578762920921520e+01
8.783858994044010937e-02,-6.397750969310592950e+01
8.785522288684050052e-02,-6.308775648206658815e+01
8.787185583324087779e-02,-6.445709893236791288e+01
8.788848877964126893e-02,-6.762893107003081639e+01
8.790512172604166008e-02,-5.926637282242090521e+01
8.792175467244203735e-02,-5.677293351107955033e+01
8.793838761884242849e-02,-5.504674007714446304e+01
8.795502056524281964e-02,-5.455508817106421304e+01
8.797165351164319691e-02,-6.011771481066620737e+01
8.798828645804358806e-02,-7.058603388846660209e+01
8.800491940444397920e-02,-6.642944295805079946e+01
8.802155235084435647e-02,-7.006703380069886578e+01
8.803818529724474762e-02,-6.570456589279780246e+01
8.805481824364512489e-02,-6.181000902444613132e+01
8.807145119004551603e-02,-6.039553858034000910e+01
8.808808413644590718e-02,-6.663830515177120617e+01
8.810471708284628445e-02,-6.444138669476535597e+01
8.812135002924667559e-02,-5.660056049242963638e+01
8.813798297564706674e-02,-5.545743094109277393e+01
8.815461592204744401e-02,-5.755831399917244795e+01
8.817124886844783516e-02,-6.234338303005537085e+01
8.818788181484822630e-02,-6.668869249307059022e+01
8.820451476124860357e-02,-6.921896626448146606e+01
8.822114770764899472e-02,-7.580715797652240440e+01
8.823778065404938586e-02,-6.218337933506475679e+01
8.825441360044976313e-02,-6.065598948438307758e+01
8.827104654685015428e-02,-6.509159604429889612e+01
8.828767949325054543e-02,-7.258188680585605823e+01
8.830431243965092269e-02,-7.086746602054611799e+01
8.832094538605131384e-02,-6.646568645681284693e+01
8.833757833245170499e-02,-6.545144098891253748e+01
8.835421127885208226e-02,-6.501481308054526664e+01
8.837084422525247340e-02,-6.611841449809588767e+01
8.838747717165286455e-02,-6.478000781161118482e+01
8.840411011805324182e-02,-6.515375587355256926e+01
8.842074306445363296e-02,-7.018085361358895113e+01
8.843737601085401023e-02,-6.549906035421385297e+01
8.845400895725440138e-02,-6.073701522490046756e+01
8.847064190365479253e-02,-6.115063262999804294e+01
8.848727485005516979e-02,-6.189305717725329004e+01
8.850390779645556094e-02,-6.095384996511655373e+01
8.852054074285595209e-02,-5.927914434074278205e+01
8.853717368925632936e-02,-5.886072116528163178e+01
8.855380663565672050e-02,-6.136876696107637486e+01
8.857043958205711165e-02,-6.369019801747106868e+01
8.858707252845748892e-02,-5.993826788091033819e+01
8.860370547485788006e-02,-5.825778408663528296e+01
8.862033842125827121e-02,-6.035556243707616630e+01
8.863697136765864848e-02,-6.529630839969881606e+01
8.865360431405903963e-02,-6.450560732452514401e+01
8.867023726045943077e-02,-6.580010590848134200e+01
8.868687020685980804e-02,-6.663477500866994774e+01
8.870350315326019919e-02,-6.307698909838067891e+01
8.872013609966059033e-02,-6.130065009427517708e+01
8.873676904606096760e-02,-6.449230855019733610e+01
8.875340199246135875e-02,-6.305648887842850314e+01
8.877003493886173602e-02,-6.061929418205754416e+01
8.878666788526212716e-02,-6.033488602250400845e+01
8.880330083166251831e-02,-6.128038110496284219e+01
8.881993377806289558e-02,-6.473091476348589879e+01
8.883656672446328673e-02,-6.306021291487588343e+01
8.885319967086367787e-02,-6.253057105177578734e+01
8.886983261726405514e-02,-6.536474864773913396e+01
8.888646556366444629e-02,-6.267394674112135533e+01
8.890309851006483743e-02,-5.953129180608416959e+01
8.891973145646521470e-02,-5.698212351848249568e+01
8.893636440286560585e-02,-6.075118076738868211e+01
8.895299734926599700e-02,-7.632254819716861505e+01
8.896963029566637426e-02,-7.093568141009070871e+01
8.898626324206676541e-02,-7.339434136990237789e+01
8.900289618846715656e-02,-6.459244649156336493e+01
8.901952913486753383e-02,-6.668946898032291415e+01
8.903616208126792497e-02,-8.316828411657010633e+01
8.905279502766831612e-02,-7.096795458341391338e+01
8.906942797406869339e-02,-7.533762378228801992e+01
8.908606092046908453e-02,-7.055359027486608170e+01
8.910269386686947568e-02,-6.744822955429745548e+01
8.911932681326985295e-02,-6.610266898943069691e+01
8.913595975967024410e-02,-6.469175007009667411e+01
8.915259270607062136e-02,-6.785256852866451993e+01
8.916922565247101251e-02,-6.931698091556347663e+01
8.918585859887140366e-02,-6.662616440100386228e+01
8.920249154527178093e-02,-6.145016665865190930e+01
8.921912449167217207e-02,-6.170852189614465289e+01
8.923575743807256322e-02,-7.693192576354061885e+01
8.925239038447294049e-02,-6.380818498924509186e+01
8.926902333087333163e-02,-6.185679018411058649e+01
8.928565627727372278e-02,-6.470112873673413389e+01
8.930228922367410005e-02,-6.293144910300117090e+01
8.931892217007449120e-02,-6.156129800154199927e+01
8.933555511647488234e-02,-6.227222011578877670e+01
8.935218806287525961e-02,-6.694005282212900454e+01
8.936882100927565076e-02,-6.697046890118275542e+01
8.938545395567604190e-02,-6.081831186583340809e+01
8.940208690207641917e-02,-6.135261503406404415e+01
8.941871984847681032e-02,-6.327866399538837072e+01
8.943535279487720147e-02,-6.077876576754419347e+01
8.945198574127757873e-02,-6.163320296047895397e+01
8.946861868767796988e-02,-6.762620971128143310e+01
8.948525163407836103e-02,-7.680036653345206332e+01
8.950188458047873830e-02,-7.083379296776453771e+01
8.951851752687912944e-02,-6.271310385248375496e+01
8.953515047327950671e-02,-6.714622248472629451e+01
8.955178341967989786e-02,-6.819808629672864697e+01
8.956841636608028900e-02,-6.312206710117153818e+01
8.958504931248066627e-02,-6.576197164889836699e+01
8.960168225888105742e-02,-6.535580092502614491e+01
8.961831520528144857e-02,-6.366885362460876507e+01
8.963494815168182583e-02,-6.519548428919419791e+01
8.965158109808221698e-02,-5.744786463096804141e+01
8.966821404448260813e-02,-5.496196727372395685e+01
8.968484699088298540e-02,-5.696142649771789479e+01
8.970147993728337654e-02,-6.442433168070196814e+01
8.971811288368376769e-02,-6.172190997092852172e+01
8.973474583008414496e-02,-5.887899692341429159e+01
8.975137877648453610e-02,-6.257938416463159115e+01
8.976801172288492725e-02,-7.281600053058490118e+01
8.978464466928530452e-02,-5.817387232306793976e+01
8.980127761568569567e-02,-5.547809981716291361e+01
8.981791056208608681e-02,-5.604686577512023860e+01
8.983454350848646408e-02,-5.729855632862715709e+01
8.985117645488685523e-02,-5.878872133532802025e+01
8.986780940128724637e-02,-6.188624026199221362e+01
8.988444234768762364e-02,-6.756839833678839113e+01
8.990107529408801479e-02,-6.813741175619108503e+01
8.991770824048839206e-02,-6.279321409957007205e+01
8.993434118688878320e-02,-6.235808948742167246e+01
8.995097413328917435e-02,-6.717556548036634467e+01
8.996760707968955162e-02,-7.219265582634625389e+01
8.998424002608994277e-02,-8.501579280859382948e+01
9.000087297249033391e-02,-6.887118020184774991e+01
9.001750591889071118e-02,-6.577290439143565948e+01
9.003413886529110233e-02,-6.875020919812087072e+01
9.005077181169149347e-02,-6.159775456687508211e+01
9.006740475809187074e-02,-6.102119387114192506e+01
9.008403770449226189e-02,-6.383551264949989701e+01
9.010067065089265304e-02,-6.021911801475761195e+01
9.011730359729303030e-02,-5.961308171500086672e+01
9.013393654369342145e-02,-6.296008541107983092e+01
9.015056949009381260e-02,-7.049722446637957773e+01
9.016720243649418987e-02,-6.554909019635718437e+01
9.018383538289458101e-02,-6.429415954102597652e+01
9.020046832929497216e-02,-6.752967478021878378e+01
9.021710127569534943e-02,-8.088033291468153152e+01
9.023373422209574057e-02,-7.007967694160706174e+01
9.025036716849611784e-02,-6.471251408849585118e+01
9.026700011489650899e-02,-6.507256420678692166e+01
9.028363306129690014e-02,-6.791285372238222351e+01
9.030026600769727740e-02,-7.131639189187838213e+01
9.031689895409766855e-02,-6.675361053831815639e+01
9.033353190049805970e-02,-6.889683365793540304e+01
9.035016484689843697e-02,-7.095030531443828181e+01
9.036679779329882811e-02,-6.004638589475180765e+01
9.038343073969921926e-02,-5.879110475999576124e+01
9.040006368609959653e-02,-6.561384655136134825e+01
9.041669663249998767e-02,-6.631373537599030499e+01
9.043332957890037882e-02,-6.073697947391900698e+01
9.044996252530075609e-02,-6.023582397337005290e+01
9.046659547170114724e-02,-6.284249450837235429e+01
9.048322841810153838e-02,-7.213096183301809106e+01
9.049986136450191565e-02,-6.513449959745126705e+01
9.051649431090230680e-02,-6.146703016880052672e+01
9.053312725730269794e-02,-5.827856437400345158e+01
9.054976020370307521e-02,-5.815099930716301202e+01
9.056639315010346636e-02,-6.312673101259427000e+01
9.058302609650385750e-02,-6.496153742215481941e+01
9.059965904290423477e-02,-6.799614318523072143e+01
9.061629198930462592e-02,-6.061486870777841318e+01
9.063292493570500319e-02,-5.516899132118381033e+01
9.064955788210539434e-02,-5.405837381042056222e+01
9.066619082850578548e-02,-5.694200763124086961e+01
9.068282377490616275e-02,-6.468513740814731250e+01
9.069945672130655390e-02,-6.317821014822108339e+01
9.071608966770694504e-02,-5.796645854605122850e+01
9.073272261410732231e-02,-5.786022297514047352e+01
9.074935556050771346e-02,-5.956767003929746807e+01
9.076598850690810460e-02,-5.756451424338112588e+01
9.078262145330848187e-02,-5.554011928301292045e+01
9.079925439970887302e-02,-5.807032208510075577e+01
9.081588734610926417e-02,-6.342494655759573874e+01
9.083252029250964144e-02,-6.137787083972188640e+01
9.084915323891003258e-02,-5.848148136735667890e+01
9.086578618531042373e-02,-5.853968827732835223e+01
9.088241913171080100e-02,-6.274668378050147766e+01
9.089905207811119214e-02,-7.137624512219468897e+01
9.091568502451158329e-02,-6.520268760011779818e+01
9.093231797091196056e-02,-5.960645288650511731e+01
9.094895091731235170e-02,-5.886270864456904661e+01
9.096558386371274285e-02,-5.858514931160910066e+01
9.098221681011312012e-02,-5.831010702529393086e+01
9.099884975651351127e-02,-6.006715207437533621e+01
9.101548270291388854e-02,-6.221036727282576351e+01
9.103211564931427968e-02,-6.241246268433002342e+01
9.104874859571467083e-02,-6.646998332124312014e+01
9.106538154211504810e-02,-6.556819968898639672e+01
9.108201448851543924e-02,-5.780240222082903756e+01
9.109864743491583039e-02,-5.760695546412612345e+01
9.111528038131620766e-02,-5.985670613893731939e+01
9.113191332771659880e-02,-6.852653479601589481e+01
9.114854627411698995e-02,-7.500410520860464203e+01
9.116517922051736722e-02,-7.401471246192369335e+01
9.118181216691775837e-02,-7.437437937871733595e+01
9.119844511331814951e-02,-6.912315682173192499e+01
9.121507805971852678e-02,-6.745868287593089008e+01
9.123171100611891793e-02,-6.312923246143505907e+01
9.124834395251930907e-02,-5.992271121983452531e+01
9.126497689891968634e-02,-6.064170067891673455e+01
9.128160984532007749e-02,-6.105985031677754193e+01
9.129824279172046864e-02,-6.030091566697866767e+01
9.131487573812084590e-02,-6.313949766012810016e+01
9.133150868452123705e-02,-7.169069767587129149e+01
9.134814163092161432e-02,-7.438446902974631314e+01
9.136477457732200547e-02,-7.414643650657734497e+01
9.138140752372239661e-02,-6.456790764162390417e+01
9.139804047012277388e-02,-6.589855598442224505e+01
9.141467341652316503e-02,-6.816224676436547725e+01
9.143130636292355617e-02,-6.210108372864376491e+01
9.144793930932393344e-02,-5.899439936272674601e+01
9.146457225572432459e-02,-5.795354456010605304e+01
9.148120520212471574e-02,-5.801632963070652238e+01
9.149783814852509300e-02,-6.007860998311634404e+01
9.151447109492548415e-02,-6.574488480675516655e+01
9.153110404132587530e-02,-7.103867434794938163e+01
9.154773698772625257e-02,-6.951580312655103455e+01
9.156436993412664371e-02,-6.700782236862625041e+01
9.158100288052703486e-02,-6.554846456838308200e+01
9.159763582692741213e-02,-6.637694171866232296e+01
9.161426877332780327e-02,-6.181373609508532496e+01
9.163090171972819442e-02,-5.960433435593287044e+01
9.164753466612857169e-02,-6.055373067245761121e+01
9.166416761252896284e-02,-6.416248422759355208e+01
9.168080055892935398e-02,-6.572464774137475274e+01
9.169743350532973125e-02,-6.225345010836768012e+01
9.171406645173012240e-02,-6.126915202045737630e+01
9.173069939813049967e-02,-6.207458619740364725e+01
9.174733234453089081e-02,-6.286258253597711843e+01
9.176396529093128196e-02,-6.215336845950130851e+01
9.178059823733165923e-02,-6.265184048380053383e+01
9.179723118373205037e-02,-6.950889719708419534e+01
9.181386413013244152e-02,-6.821230262524230170e+01
9.183049707653281879e-02,-6.354726116684000203e+01
9.184713002293320994e-02,-6.426917037025920365e+01
9.186376296933360108e-02,-6.891808956864419144e+01
9.188039591573397835e-02,-6.520311765096698764e+01
9.189702886213436950e-02,-6.148268818590977247e+01
9.191366180853476064e-02,-5.858683990615853077e+01
9.193029475493513791e-02,-5.962440982305079018e+01
9.194692770133552906e-02,-6.062159706130653802e+01
9.196356064773592021e-02,-6.381844309968770546e+01
9.198019359413629747e-02,-6.210322495680890142e+01
9.199682654053668862e-02,-5.889216700800289317e+01
9.201345948693707977e-02,-6.172426506139709090e+01
9.203009243333745704e-02,-6.303958475556405006e+01
9.204672537973784818e-02,-6.240872022296775867e+01
9.206335832613823933e-02,-6.764385729603071695e+01
9.207999127253861660e-02,-6.255098262780859386e+01
9.209662421893900774e-02,-6.199480290270602723e+01
9.211325716533938501e-02,-6.254439309722259566e+01
9.212989011173977616e-02,-5.799215090328299738e+01
9.214652305814016731e-02,-5.459299173240513881e+01
9.216315600454054457e-02,-5.558729282150578399e+01
9.217978895094093572e-02,-6.182704938396308592e+01
9.219642189734132687e-02,-8.318466830299939829e+01
9.221305484374170414e-02,-6.454626300334497557e+01
9.222968779014209528e-02,-6.628039945956012957e+01
9.224632073654248643e-02,-8.344844120412402333e+01
9.226295368294286370e-02,-6.765405656587000749e+01
9.227958662934325484e-02,-6.463972253902709042e+01
9.229621957574364599e-02,-6.332576187876729534e+01
9.231285252214402326e-02,-6.385149816177096227e+01
9.232948546854441441e-02,-6.577746845335903458e+01
9.234611841494480555e-02,-6.449540629515564660e+01
9.236275136134518282e-02,-6.067104574269730932e+01
9.237938430774557397e-02,-6.009472831209428989e+01
9.239601725414596511e-02,-6.244074251735426628e+01
9.241265020054634238e-02,-6.658585457481018466e+01
9.242928314694673353e-02,-6.985389668070882863e+01
9.244591609334711080e-02,-7.237295177705473748e+01
9.246254903974750194e-02,-7.824573225793227493e+01
9.247918198614789309e-02,-6.513465659913160266e+01
9.249581493254827036e-02,-6.090531147016542945e+01
9.251244787894866151e-02,-5.891387198657530178e+01
9.252908082534905265e-02,-5.918477695703791142e+01
9.254571377174942992e-02,-6.398270397261983078e+01
9.256234671814982107e-02,-7.229956056159306854e+01
9.257897966455021221e-02,-6.468161320466623465e+01
9.259561261095058948e-02,-6.126176032537284044e+01
9.261224555735098063e-02,-6.400222440447718952e+01
9.262887850375137178e-02,-6.922987295723817169e+01
9.264551145015174904e-02,-6.294017750802099442e+01
9.266214439655214019e-02,-6.437716691071690889e+01
9.267877734295253134e-02,-6.868964060072821098e+01
9.269541028935290861e-02,-6.907302431771543638e+01
9.271204323575329975e-02,-6.330033335468002775e+01
9.272867618215369090e-02,-6.280203641734695452e+01
9.274530912855406817e-02,-6.668281616719210092e+01
9.276194207495445931e-02,-7.269977717330223754e+01
9.277857502135485046e-02,-6.526380882341500467e+01
9.279520796775522773e-02,-6.411850236215482823e+01
9.281184091415561888e-02,-6.791261797027561897e+01
9.282847386055599614e-02,-8.707049220283616364e+01
9.284510680695638729e-02,-6.994375333671649742e+01
9.286173975335677844e-02,-6.615495863288687417e+01
9.287837269975715571e-02,-6.910582059812801958e+01
9.289500564615754685e-02,-7.667849310505989990e+01
9.291163859255793800e-02,-6.909485528809520360e+01
9.292827153895831527e-02,-6.639132129930510473e+01
9.294490448535870641e-02,-6.286912950730322081e+01
9.296153743175909756e-02,-6.253293342256984744e+01
9.297817037815947483e-02,-6.226689660052662134e+01
9.299480332455986598e-02,-6.412292545714375080e+01
9.301143627096025712e-02,-7.166456018330373468e+01
9.302806921736063439e-02,-7.231409823126432457e+01
9.304470216376102554e-02,-6.435491242415866964e+01
9.306133511016141668e-02,-6.125720404751437798e+01
9.307796805656179395e-02,-6.225055486934955695e+01
9.309460100296218510e-02,-6.215449132832867463e+01
9.311123394936257625e-02,-6.671492289521430052e+01
9.312786689576295351e-02,-6.844632975704877254e+01
9.314449984216334466e-02,-6.001123032162822568e+01
9.316113278856373581e-02,-5.634331396628424926e+01
9.317776573496411308e-02,-5.687597937674900805e+01
9.319439868136450422e-02,-6.031764955956540319e+01
9.321103162776488149e-02,-6.393710064285811967e+01
9.322766457416527264e-02,-6.476685475542363690e+01
9.324429752056566378e-02,-6.537928186470691116e+01
9.326093046696604105e-02,-6.245587821454986255e+01
9.327756341336643220e-02,-6.137584116919258292e+01
9.329419635976682335e-02,-6.805447078463727451e+01
9.331082930616720061e-02,-6.728915144036479035e+01
9.332746225256759176e-02,-6.222527311680272533e+01
9.334409519896798291e-02,-5.977180742917195744e+01
9.336072814536836018e-02,-5.947682185331102289e+01
9.337736109176875132e-02,-6.050038675629282636e+01
9.339399403816914247e-02,-6.286402475671049217e+01
9.341062698456951974e-02,-6.770318825868672263e+01
9.342725993096991088e-02,-6.654622619649995841e+01
9.344389287737030203e-02,-5.805674728689206177e+01
9.346052582377067930e-02,-5.536897166689870176e+01
9.347715877017107045e-02,-5.573198040550725096e+01
9.349379171657146159e-02,-5.689458958681962031e+01
9.351042466297183886e-02,-5.580571469227603387e+01
9.352705760937223001e-02,-5.548528214862297148e+01
9.354369055577262115e-02,-5.699513680941775817e+01
9.356032350217299842e-02,-5.891518568652142562e+01
9.357695644857338957e-02,-6.102428690654929255e+01
9.359358939497376684e-02,-6.073562853420603602e+01
9.361022234137415798e-02,-5.994707942733731443e+01
9.362685528777454913e-02,-5.931193249621741614e+01
9.364348823417492640e-02,-5.900676665537520194e+01
9.366012118057531755e-02,-6.095297751815513720e+01
9.367675412697570869e-02,-6.987303835943455965e+01
9.369338707337608596e-02,-6.463741930891553977e+01
9.371002001977647711e-02,-5.875133002101136981e+01
9.372665296617686825e-02,-6.015415169792233741e+01
9.374328591257724552e-02,-6.369017667631356971e+01
9.375991885897763667e-02,-6.127259936040212551e+01
9.377655180537802782e-02,-5.851227992582223436e+01
9.379318475177840508e-02,-6.103524470457071516e+01
9.380981769817879623e-02,-6.641584428935604478e+01
9.382645064457918738e-02,-6.217333242947233884e+01
9.384308359097956465e-02,-6.547134823107982982e+01
9.385971653737995579e-02,-6.053366675794091378e+01
9.387634948378034694e-02,-5.822185272468104245e+01
9.389298243018072421e-02,-5.974070126708886619e+01
9.390961537658111535e-02,-6.610461561268435560e+01
9.392624832298149262e-02,-6.302437137512961129e+01
9.394288126938188377e-02,-6.285990075596964743e+01
9.395951421578227492e-02,-7.011267721732829727e+01
9.397614716218265218e-02,-6.700030127505056043e+01
9.399278010858304333e-02,-6.469170769743188032e+01
9.400941305498343448e-02,-6.316698268512932657e+01
9.402604600138381175e-02,-6.036350932789368073e+01
9.404267894778420289e-02,-6.059020130633122392e+01
9.405931189418459404e-02,-6.846681683098081805e+01
9.407594484058497131e-02,-6.512272527859926186e+01
9.409257778698536245e-02,-6.739735855678436849e+01
9.410921073338575360e-02,-7.381536175553810608e+01
9.412584367978613087e-02,-6.577017133665842152e+01
9.414247662618652202e-02,-6.219200562355776896e+01
9.415910957258691316e-02,-6.194890780843971356e+01
9.417574251898729043e-02,-5.912947659886565077e+01
9.419237546538768158e-02,-5.767950954813895237e+01
9.420900841178807272e-02,-5.838522932289944833e+01
9.422564135818844999e-02,-6.266875060066760028e+01
9.424227430458884114e-02,-7.626585296962181815e+01
9.425890725098923228e-02,-6.663015949791105186e+01
9.427554019738960955e-02,-6.644893812125098975e+01
9.429217314379000070e-02,-6.654918735949473785e+01
9.430880609019037797e-02,-6.940990093561555341e+01
9.432543903659076912e-02,-6.841333628596902372e+01
9.434207198299116026e-02,-7.274474022696790598e+01
9.435870492939153753e-02,-7.031390013581622611e+01
9.437533787579192868e-02,-6.405445327614800988e+01
9.439197082219231982e-02,-6.460439134630659908e+01
9.440860376859269709e-02,-6.701455400349458102e+01
9.442523671499308824e-02,-6.910841097089773655e+01
9.444186966139347938e-02,-6.766779082632010045e+01
9.445850260779385665e-02,-6.349283450192382361e+01
9.447513555419424780e-02,-6.518197237962627355e+01
9.449176850059463895e-02,-7.703393973343355583e+01
9.450840144699501622e-02,-6.163801950191172097e+01
9.452503439339540736e-02,-6.011219041455688483e+01
9.454166733979579851e-02,-6.128085400889669643e+01
9.455830028619617578e-02,-5.918906031691000891e+01
9.457493323259656692e-02,-5.617399242406755633e+01
9.459156617899695807e-02,-5.653341438963256849e+01
9.460819912539733534e-02,-5.965473546118377612e+01
9.462483207179772648e-02,-5.848863200115176397e+01
9.464146501819811763e-02,-5.791530717338966383e+01
9.465809796459849490e-02,-5.841932473025308070e+01
9.467473091099888605e-02,-6.108008714795411009e+01
9.469136385739926332e-02,-6.450747889069359076e+01
9.470799680379965446e-02,-6.538048407107281434e+01
9.472462975020004561e-02,-6.572346405479721909e+01
9.474126269660042288e-02,-5.822118105809395416e+01
9.475789564300081402e-02,-5.605136904431593337e+01
9.477452858940120517e-02,-5.662878225424721279e+01
9.479116153580158244e-02,-5.924720708518945855e+01
9.480779448220197358e-02,-6.254523688549845417e+01
9.482442742860236473e-02,-6.579515876354611237e+01
9.484106037500274200e-02,-7.167972829836905646e+01
9.485769332140313315e-02,-6.096017961195346402e+01
9.487432626780352429e-02,-5.740366308195766010e+01
9.489095921420390156e-02,-5.915063034758720306e+01
9.490759216060429271e-02,-6.050318842257258467e+01
9.492422510700468385e-02,-5.865203777167960197e+01
9.494085805340506112e-02,-5.821479005760249237e+01
9.495749099980545227e-02,-6.106203070575717362e+01
9.497412394620584342e-02,-7.030875146311431934e+01
9.499075689260622068e-02,-6.269109108202734859e+01
9.500738983900661183e-02,-5.621590431719085501e+01
9.502402278540698910e-02,-5.567407230692978715e+01
9.504065573180738025e-02,-5.951184180035446758e+01
9.505728867820777139e-02,-6.309266762373476922e+01
9.507392162460814866e-02,-6.263668668507550308e+01
9.509055457100853981e-02,-6.380497255168759807e+01
9.510718751740893095e-02,-5.992250065973583162e+01
9.512382046380930822e-02,-5.642594174984394328e+01
9.514045341020969937e-02,-5.745864953076885229e+01
9.515708635661009052e-02,-6.074510898159041972e+01
9.517371930301046778e-02,-6.359412949583438035e+01
9.519035224941085893e-02,-6.667697233035937643e+01
9.520698519581125008e-02,-7.032237170230288825e+01
9.522361814221162735e-02,-7.474791498522483835e+01
9.524025108861201849e-02,-8.193697756123705744e+01
9.525688403501240964e-02,-6.677688509312434917e+01
9.527351698141278691e-02,-6.007137198380242893e+01
9.529014992781317805e-02,-5.755044062605330168e+01
9.530678287421356920e-02,-5.731086981753257703e+01
9.532341582061394647e-02,-5.666468376176926114e+01
9.534004876701433762e-02,-5.789235649845753073e+01
9.535668171341472876e-02,-6.476672543692994566e+01
9.537331465981510603e-02,-7.013855944828594602e+01
9.538994760621549718e-02,-6.180128219916061028e+01
9.540658055261587445e-02,-6.137983379156990793e+01
9.542321349901626559e-02,-6.518007785755651184e+01
9.543984644541665674e-02,-6.827087438800691643e+01
9.545647939181703401e-02,-6.697040554225340259e+01
9.547311233821742515e-02,-6.879281061992179502e+01
9.548974528461781630e-02,-7.481470119372352201e+01
9.550637823101819357e-02,-8.865345142292817116e+01
9.552301117741858472e-02,-6.963827751811699329e+01
9.553964412381897586e-02,-7.463118511958089130e+01
9.555627707021935313e-02,-7.227219177230922753e+01
9.557291001661974428e-02,-9.332004164073934760e+01
9.558954296302013542e-02,-6.435621777654520770e+01
9.560617590942051269e-02,-6.481413061945343657e+01
9.562280885582090384e-02,-6.344235412941895902e+01
9.563944180222129499e-02,-5.998110415895931169e+01
9.565607474862167225e-02,-6.592550736426650815e+01
9.567270769502206340e-02,-6.742602852344235487e+01
9.568934064142245455e-02,-6.540151689408799029e+01
9.570597358782283182e-02,-6.455642712012885909e+01
9.572260653422322296e-02,-6.324940924177364820e+01
9.573923948062361411e-02,-6.729421059037963460e+01
9.575587242702399138e-02,-6.130394797722706812e+01
9.577250537342438252e-02,-5.993231934793982418e+01
9.578913831982475979e-02,-5.862981596908615245e+01
9.580577126622515094e-02,-5.773943232012040028e+01
9.582240421262554209e-02,-5.904223566931279521e+01
9.583903715902591935e-02,-5.967690513829752064e+01
9.585567010542631050e-02,-5.780165494350239896e+01
9.587230305182670165e-02,-5.716621583165847653e+01
9.588893599822707892e-02,-5.866972635310288808e+01
9.590556894462747006e-02,-5.993159530101144128e+01
9.592220189102786121e-02,-6.268402694108531392e+01
9.593883483742823848e-02,-6.629680014412032563e+01
9.595546778382862962e-02,-6.221088826353158652e+01
9.597210073022902077e-02,-6.608586887290286427e+01
9.598873367662939804e-02,-7.214257725782240982e+01
9.600536662302978919e-02,-7.227085308743485825e+01
9.602199956943018033e-02,-6.465096857826458177e+01
9.603863251583055760e-02,-6.750079316955363140e+01
9.605526546223094875e-02,-6.930273563992882657e+01
9.607189840863133989e-02,-6.488741148776206558e+01
9.608853135503171716e-02,-6.473567129823024402e+01
9.610516430143210831e-02,-6.258120999890908820e+01
9.612179724783248558e-02,-6.291993835464231211e+01
9.613843019423287672e-02,-6.150266154791960105e+01
9.615506314063326787e-02,-6.119969759832981993e+01
9.617169608703364514e-02,-6.310347468007939398e+01
9.618832903343403629e-02,-6.959232240121330904e+01
9.620496197983442743e-02,-7.473296645384615999e+01
9.622159492623480470e-02,-6.566530881631625505e+01
9.623822787263519585e-02,-6.405295458490540739e+01
9.625486081903558699e-02,-6.313086536525333514e+01
9.627149376543596426e-02,-6.168177995410520253e+01
9.628812671183635541e-02,-6.075802781113497986e+01
9.630475965823674656e-02,-6.041379394316044937e+01
9.632139260463712382e-02,-6.407745081702758227e+01
9.633802555103751497e-02,-6.664503510710700596e+01
9.635465849743790612e-02,-6.335274570082791001e+01
9.637129144383828339e-02,-6.120511697684022323e+01
9.638792439023867453e-02,-6.570816129991294474e+01
9.640455733663906568e-02,-7.062507103829359778e+01
9.642119028303944295e-02,-6.675193967390899275e+01
9.643782322943983409e-02,-6.030027994967181115e+01
9.645445617584022524e-02,-5.758317488844267018e+01
9.647108912224060251e-02,-5.590902671800854762e+01
9.648772206864099366e-02,-5.680478008219290587e+01
9.650435501504137092e-02,-5.985256740932622677e+01
9.652098796144176207e-02,-6.181261626939723897e+01
9.653762090784215322e-02,-6.134158954869336355e+01
9.655425385424253049e-02,-6.194858941595018109e+01
9.657088680064292163e-02,-5.833043370233671254e+01
9.658751974704331278e-02,-5.503225443887569668e+01
9.660415269344369005e-02,-5.553779137493285134e+01
9.662078563984408119e-02,-5.791338493697474377e+01
9.663741858624447234e-02,-6.061079275835026436e+01
9.665405153264484961e-02,-6.511634915444471972e+01
9.667068447904524076e-02,-6.054011126436691370e+01
9.668731742544563190e-02,-6.320184752386882820e+01
9.670395037184600917e-02,-7.862079070888934496e+01
9.672058331824640032e-02,-7.122925308816780898e+01
9.673721626464679146e-02,-6.362442543945969931e+01
9.675384921104716873e-02,-5.988769825497548993e+01
9.677048215744755988e-02,-5.857993257875097726e+01
9.678711510384795103e-02,-6.124976100584696326e+01
9.680374805024832829e-02,-6.442693038385326076e+01
9.682038099664871944e-02,-6.309313887263285636e+01
9.683701394304911059e-02,-6.104853715357428001e+01
9.685364688944948786e-02,-6.061021488583381256e+01
9.687027983584987900e-02,-6.278856903345221241e+01
9.688691278225025627e-02,-6.560477102572454555e+01
9.690354572865064742e-02,-6.603261162238284498e+01
9.692017867505103856e-02,-6.678300792229310900e+01
9.693681162145141583e-02,-6.772768536525467198e+01
9.695344456785180698e-02,-6.581596403032352782e+01
9.697007751425219813e-02,-6.246802626920796797e+01
9.698671046065257539e-02,-6.142629582822160472e+01
9.700334340705296654e-02,-6.714532188903118026e+01
9.701997635345335769e-02,-6.593021123614963130e+01
9.703660929985373496e-02,-6.262971648484334963e+01
9.705324224625412610e-02,-6.078706980832603080e+01
9.706987519265451725e-02,-6.222244367230521789e+01
9.708650813905489452e-02,-6.357788069570750622e+01
9.710314108545528566e-02,-6.130122816667665830e+01
9.711977403185567681e-02,-5.970409445439479157e+01
9.713640697825605408e-02,-5.892450188028863067e+01
9.715303992465644523e-02,-5.926469309474452984e+01
9.716967287105683637e-02,-6.352549793484888596e+01
9.718630581745721364e-02,-7.012938453339943123e+01
9.720293876385760479e-02,-6.482607043134657943e+01
9.721957171025799593e-02,-5.797341131125303093e+01
9.723620465665837320e-02,-5.674857726563779181e+01
9.725283760305876435e-02,-6.031139968499669379e+01
9.726947054945914162e-02,-6.670560548514268362e+01
9.728610349585953276e-02,-6.511589211141009059e+01
9.730273644225992391e-02,-7.095923036310773568e+01
9.731936938866030118e-02,-5.898049255287428139e+01
9.733600233506069233e-02,-5.609927164746220285e+01
9.735263528146108347e-02,-5.871406746657696374e+01
9.736926822786146074e-02,-7.646590533804864265e+01
9.738590117426185189e-02,-6.035662281443347155e+01
9.740253412066224303e-02,-5.695522654835968268e+01
9.741916706706262030e-02,-5.812840837919399206e+01
9.743580001346301145e-02,-6.358836861916010719e+01
9.745243295986340260e-02,-6.659103162100602447e+01
9.746906590626377986e-02,-7.016442782118238597e+01
9.748569885266417101e-02,-7.150385210206951569e+01
9.750233179906456216e-02,-7.079759166239389856e+01
9.751896474546493943e-02,-6.704974573592680542e+01
9.753559769186533057e-02,-6.868255594160868327e+01
9.755223063826572172e-02,-6.590321251770041044e+01
9.756886358466609899e-02,-6.872930976940021708e+01
9.758549653106649013e-02,-6.538766811635591125e+01
9.760212947746686740e-02,-6.227932236049642967e+01
9.761876242386725855e-02,-6.282583285718392574e+01
9.763539537026764970e-02,-6.547443572114282517e+01
9.765202831666802696e-02,-6.895210976618511722e+01
9.766866126306841811e-02,-6.334581826244048131e+01
9.768529420946880926e-02,-6.049124738458091599e+01
9.770192715586918653e-02,-6.087989348641413301e+01
9.771856010226957767e-02,-6.480008974611548922e+01
9.773519304866996882e-02,-6.837447607331797883e+01
9.775182599507034609e-02,-6.780614528102189809e+01
9.776845894147073723e-02,-6.602826204552320633e+01
9.778509188787112838e-02,-6.341637486233140208e+01
9.780172483427150565e-02,-6.300048181846201345e+01
9.781835778067189680e-02,-6.589838138640457998e+01
9.783499072707228794e-02,-6.700767072837629712e+01
9.785162367347266521e-02,-6.727282279164231227e+01
9.786825661987305636e-02,-6.717655397380978854e+01
9.788488956627344750e-02,-6.006305019704071668e+01
9.790152251267382477e-02,-6.017261811554912754e+01
9.791815545907421592e-02,-6.699066002295174371e+01
9.793478840547460706e-02,-6.121606185470766803e+01
9.795142135187498433e-02,-5.809846217888485853e+01
9.796805429827537548e-02,-6.306728171939779770e+01
9.798468724467575275e-02,-7.632762421570352274e+01
9.800132019107614390e-02,-6.623123321712452594e+01
9.801795313747653504e-02,-6.215351450491129981e+01
9.803458608387691231e-02,-5.953512482406048889e+01
9.805121903027730346e-02,-5.988450914429414240e+01
9.806785197667769460e-02,-6.241813376493772836e+01
9.808448492307807187e-02,-6.485667102853747679e+01
9.810111786947846302e-02,-6.642639465368951335e+01
9.811775081587885416e-02,-6.827844738219303622e+01
9.813438376227923143e-02,-6.802119080711017318e+01
9.815101670867962258e-02,-6.326991069885518471e+01
9.816764965508001373e-02,-6.054848001678678315e+01
9.818428260148039100e-02,-5.935109661469286380e+01
9.820091554788078214e-02,-5.756263949916291267e+01
9.821754849428117329e-02,-5.611727521899750570e+01
9.823418144068155056e-02,-5.670684154297185842e+01
9.825081438708194170e-02,-6.005573593630913365e+01
9.826744733348233285e-02,-6.022916402961438109e+01
9.828408027988271012e-02,-5.913475630229705615e+01
9.830071322628310126e-02,-6.244404902513142019e+01
9.831734617268349241e-02,-7.697461123067756716e+01
9.833397911908386968e-02,-6.801799439759810184e+01
9.835061206548426083e-02,-6.631986512464891348e+01
9.836724501188463810e-02,-7.340101838530388534e+01
9.838387795828502924e-02,-6.403527727952061355e+01
9.840051090468542039e-02,-6.331693350266647258e+01
9.841714385108579766e-02,-7.020811459147854805e+01
9.843377679748618880e-02,-7.473102879175202418e+01
9.845040974388657995e-02,-7.036694494180720483e+01
9.846704269028695722e-02,-6.634958178802160944e+01
9.848367563668734836e-02,-6.371667327892446764e+01
9.850030858308773951e-02,-6.551107027526690274e+01
9.851694152948811678e-02,-7.279043400701731059e+01
9.853357447588850793e-02,-6.272573852568291386e+01
9.855020742228889907e-02,-6.149344151442996775e+01
9.856684036868927634e-02,-6.776124598858561399e+01
9.858347331508966749e-02,-7.083800983782232663e+01
9.860010626149005863e-02,-6.612293027238530385e+01
9.861673920789043590e-02,-6.975371235250581492e+01
9.863337215429082705e-02,-7.126905622315086930e+01
9.865000510069121820e-02,-6.134249929384316857e+01
9.866663804709159546e-02,-5.685769461953203319e+01
9.868327099349198661e-02,-5.742289002637598117e+01
9.869990393989236388e-02,-5.990364956872203095e+01
9.871653688629275503e-02,-6.031660773162765565e+01
9.873316983269314617e-02,-6.009289644172493183e+01
9.874980277909352344e-02,-6.581375174728977129e+01
9.876643572549391459e-02,-6.666706604605025177e+01
9.878306867189430573e-02,-6.514302553429865839e+01
9.879970161829468300e-02,-6.830196240065779989e+01
9.881633456469507415e-02,-6.700199294443775955e+01
9.883296751109546530e-02,-6.543564011570654770e+01
9.884960045749584256e-02,-6.409160524202057729e+01
9.886623340389623371e-02,-6.219523761119057070e+01
9.888286635029662486e-02,-6.150679450911760426e+01
9.889949929669700213e-02,-6.499819887462842871e+01
9.891613224309739327e-02,-6.962366309056682212e+01
9.893276518949778442e-02,-6.127965493116926154e+01
9.894939813589816169e-02,-5.754732123335894300e+01
9.896603108229855283e-02,-6.307472618030821820e+01
9.898266402869894398e-02,-6.872497346716446032e+01
9.899929697509932125e-02,-6.284746871846333249e+01
9.901592992149971240e-02,-6.690763756716158639e+01
9.903256286790010354e-02,-8.599700236588816438e+01
9.904919581430048081e-02,-6.541247813075872841e+01
9.906582876070087196e-02,-6.556674271895008133e+01
9.908246170710124923e-02,-6.917490482606463331e+01
9.909909465350164037e-02,-6.727124403225731442e+01
9.911572759990203152e-02,-6.659502173894391319e+01
9.913236054630240879e-02,-6.738655548970297104e+01
9.914899349270279993e-02,-8.079004489131742162e+01
9.916562643910319108e-02,-6.482145395377389718e+01
9.918225938550356835e-02,-6.400061462941738455e+01
9.919889233190395950e-02,-7.880536104272677278e+01
9.921552527830435064e-02,-6.694177851996846584e+01
9.923215822470472791e-02,-6.985757782118807313e+01
9.924879117110511906e-02,-7.894956331570328700e+01
9.926542411750551020e-02,-6.936623351866739995e+01
9.928205706390588747e-02,-6.168080217259004172e+01
9.929869001030627862e-02,-5.635187369686897085e+01
9.931532295670666977e-02,-5.638675955199418155e+01
9.933195590310704703e-02,-6.147927128772931127e+01
9.934858884950743818e-02,-8.231603682820914969e+01
9.936522179590782933e-02,-6.622832095828169940e+01
9.938185474230820660e-02,-6.449402648093786183e+01
9.939848768870859774e-02,-6.575230124237104690e+01
9.941512063510898889e-02,-6.368861856786229225e+01
9.943175358150936616e-02,-6.669089640637190541e+01
9.944838652790975730e-02,-7.410786707343484636e+01
9.946501947431013457e-02,-6.622297209560493059e+01
9.948165242071052572e-02,-6.427525798757685038e+01
9.949828536711091687e-02,-6.339724350809838427e+01
9.951491831351129413e-02,-6.263724366352797546e+01
9.953155125991168528e-02,-6.225739817195047721e+01
9.954818420631207643e-02,-6.412484780545263163e+01
9.956481715271245370e-02,-6.576854857109796626e+01
9.958145009911284484e-02,-6.821818007477334334e+01
9.959808304551323599e-02,-6.799047888252309235e+01
9.961471599191361326e-02,-7.087101749682055640e+01
9.963134893831400440e-02,-6.404964802410795244e+01
9.964798188471439555e-02,-5.925458814447517142e+01
9.966461483111477282e-02,-6.114428028933789960e+01
9.968124777751516397e-02,-7.851094354082164273e+01
9.969788072391555511e-02,-5.972659325238146977e+01
9.971451367031593238e-02,-5.818626678777457073e+01
9.973114661671632353e-02,-6.037269827926147059e+01
9.974777956311671467e-02,-6.762431193010783659e+01
9.976441250951709194e-02,-6.414430531791083467e+01
9.978104545591748309e-02,-6.062119487103919369e+01
9.979767840231786036e-02,-6.362093379658423942e+01
9.981431134871825150e-02,-7.897654756453121649e+01
9.983094429511864265e-02,-6.399339332143398451e+01
9.984757724151901992e-02,-6.228590230760290325e+01
9.986421018791941107e-02,-6.770947352622275162e+01
9.988084313431980221e-02,-7.494668183533164552e+01
9.989747608072017948e-02,-6.408442506023331475e+01
9.991410902712057063e-02,-6.085944097682794762e+01
9.993074197352096177e-02,-6.095053893935631351e+01
9.994737491992133904e-02,-6.298344079331188539e+01
9.996400786632173019e-02,-6.813816890555483496e+01
9.998064081272212134e-02,-6.553266277095636383e+01
9.999727375912249860e-02,-5.876419932826317449e+01
